{"type":"Topology","arcs":[[[509066,128819],[15,-35],[-77,-5],[-1,31],[63,9]],[[524460,144790],[71,-8],[7,-47],[-40,-12],[-38,67]],[[523023,143871],[9,78],[55,-29],[-21,-74],[-43,25]],[[509943,132838],[55,-1],[-17,-36],[-46,-1],[-23,-30],[-38,24],[25,47],[44,-3]],[[509143,133084],[-16,26],[-10,75],[34,5],[33,-78],[-41,-28]],[[499011,106872],[-95,18],[48,44],[82,3],[-35,-65]],[[509483,132890],[84,67],[53,-5],[5,-50],[-34,-13],[-108,1]],[[519600,144072],[13,62],[52,23],[8,-72],[-73,-13]],[[519791,144083],[-19,-38],[-60,144],[70,-25],[37,-44],[-28,-37]],[[510563,131514],[35,36],[63,-3],[24,-54],[-44,-48],[-83,49],[5,20]],[[514722,138537],[-68,-13],[-117,106],[48,53],[70,-105],[39,0],[28,-41]],[[496512,97589],[-43,-33],[36,-60],[-22,-42],[12,-36],[-25,-23],[-60,41],[11,126],[16,45],[53,5],[22,-23]],[[522696,143134],[-42,-9],[-60,-52],[-51,17],[66,126],[39,-12],[75,0],[32,-42],[-7,-60],[-52,32]],[[524364,144837],[62,-16],[-14,-35],[-92,-31],[-49,57],[-46,-15],[-34,30],[-46,-11],[-6,106],[49,-48],[128,-16],[48,-21]],[[613928,159108],[-28,-51],[-50,66],[-32,14],[-41,-25],[7,-34],[-46,-13],[-34,76],[41,64],[99,-12],[79,7],[75,-4],[58,23],[16,-31],[-10,-53],[31,-18],[80,12],[16,-62],[31,-63],[73,10],[-14,-47],[16,-99],[45,-72],[103,-45],[46,-39],[-1,-56],[40,-58],[73,0],[-29,-36],[44,-35],[-131,-38],[22,-46],[-51,-27],[-47,-67],[3,-31],[-50,-43],[-104,-116],[-28,-2],[-31,-36],[-75,2],[12,31],[-28,21],[-6,60],[42,62],[-14,49],[30,47],[51,49],[10,69],[-5,59],[13,79],[-26,86],[27,34],[4,38],[-88,97],[-87,110],[-53,19],[-25,61],[-53,14]],[[502779,112194],[-112,10],[-428,56],[7,-32],[-17,-67],[-42,-52],[-73,-33],[-55,-65],[-52,-34],[-20,-35],[-65,-61],[-51,-30],[-73,-10],[-140,31],[-26,-12],[-106,61],[-61,-31],[-81,5],[-45,-14],[38,-69],[84,-13],[24,-14],[4,-47],[-53,-102],[13,-41],[-34,-23],[-53,2],[-52,-26],[17,-153],[19,-10],[-8,-87],[-84,43],[-190,-60],[-119,-70],[-63,-73],[-32,-10],[-28,-40],[-64,-39],[-48,-7],[-88,-68],[13,-44],[-69,-50],[-62,-113],[16,-19],[-15,-51],[6,-47],[29,-34],[108,-18],[37,-51],[-112,-6],[-61,-32],[-59,-46],[4,-53],[-56,13],[-63,-19],[-54,-57],[5,-39],[-81,-22],[-96,-38],[-160,-109],[-127,-119],[-37,-54],[-34,-77],[30,-56],[-50,-47],[-12,-54],[2,-61],[41,-36],[39,-3],[67,-34],[37,6],[19,-35],[-31,-30],[-38,30],[-48,-25],[-35,-50],[-18,-60],[-1,-58],[53,-24],[-32,-75],[118,-55],[-24,-42],[-64,18],[-46,-36],[55,-50],[99,0],[58,-26],[23,-62],[-37,-18],[-39,24],[-110,-25],[-18,-36],[-66,-59],[-73,-15],[-71,-64],[-34,-47],[-90,-67],[-52,-56],[12,-32],[-29,-84],[30,-39],[-49,-19],[-3,-41],[-68,17],[-67,-24],[-103,-78],[-98,-90],[-89,-107],[-38,-71],[0,-40],[59,-63],[-102,9],[-85,-100],[5,-37],[-60,-43],[-34,-47],[-40,-84],[-1,-70],[42,-14],[20,-59],[-59,-38],[-25,-71],[18,-45],[32,-22],[-31,-39],[22,-104],[61,-6],[16,-80],[38,-13],[-2,-102],[45,-78],[44,-48],[-103,-50],[-34,11],[-76,-63],[-17,-56],[-70,-56],[-44,-108],[3,-39],[51,-3],[24,-29],[-15,-41],[-33,-11],[-36,25],[-75,-23],[-4,-34],[48,-29],[-41,-45],[-47,17],[-61,-13],[-41,11],[-32,-67],[-66,-27],[-81,-107],[-59,-45],[-5,-53],[-48,-23],[-1,-51],[-57,-78],[-57,-5],[24,-42],[-34,-25],[-34,36],[-46,-20],[-20,-32],[-46,-22],[38,-56],[-35,-81],[24,-43],[70,-34],[-30,-27],[-19,-61],[-30,-31],[-48,13],[-3,36],[-75,5],[-85,-43],[-6,-28],[-55,-21],[-54,-63],[-42,-89],[16,-117],[73,-64],[34,16],[28,-26],[-68,-49],[-21,-74],[40,-83],[-44,17],[-47,-41],[-5,-126],[-47,37],[-38,-14],[-36,-46],[-18,-55],[-53,-6],[-26,-25],[18,-66],[-65,-22],[12,-107],[-18,-55],[-47,58],[-71,-18],[-28,-29],[-43,21],[-12,53],[-87,16],[-42,-11],[-6,59],[-176,72],[-2,24],[-56,25],[-62,4],[-117,-36],[-149,-71],[19,110],[-105,20],[-54,-10],[-70,-50],[-91,16],[-52,-7],[-33,37],[-34,-16],[34,-73],[69,-35],[130,-78],[50,-22],[-11,-53],[20,-84],[69,-30],[67,-77],[44,-18],[-7,-34],[56,-22],[5,-29],[-40,-37],[-23,-51],[-3,-98],[34,-29],[85,-19],[27,-64],[42,-37],[74,1],[-9,-42],[49,-10],[23,-53],[-12,-30],[18,-68],[-14,-43],[-54,-21],[-15,-30],[11,-59],[-4,-70],[-89,-57],[41,-17],[-20,-33],[25,-58],[-9,-70],[-25,-37],[-1,-41],[67,-14],[57,-43],[-16,-51],[-32,9],[-50,46],[-127,20],[-121,-11],[-124,38],[-58,-29],[-108,-30],[-27,-88],[-20,-32],[-67,-20],[-9,-64],[17,-62],[36,-38],[38,-10],[85,33],[21,-31],[-12,-44],[-147,22],[-78,-6],[-119,-83],[-70,-74],[-52,-72],[-49,-95],[-32,-91],[-8,-106],[36,-114],[73,-9],[11,-37],[-24,-72],[11,-127],[44,-83],[-60,-81],[-19,-85],[21,-67],[47,-47],[-58,-81],[-27,-65],[2,-37],[-28,-51],[-10,-80],[13,-60],[20,-19],[-11,-51],[32,-51],[46,4],[73,-21],[-56,-36],[-32,-100],[0,-45],[19,-52],[26,-19],[-50,-49],[-104,-152],[-67,-138],[-38,-129],[17,-105],[-16,-78],[-54,-30],[-38,-2],[7,-44],[-27,-104],[-6,-67],[42,-48],[-23,-54],[31,-42],[33,10],[33,-33],[-50,-24],[-14,-54],[24,-27],[-42,-28],[-61,-116],[-59,-192],[-24,-167],[9,-213],[21,-49],[50,-13],[8,-37],[34,-21],[26,-42],[-34,-48],[3,-51],[-16,-50],[17,-50],[-15,-40],[14,-54],[-18,-29],[0,-126],[14,-55],[64,-78],[65,-33],[-23,-37],[12,-84],[69,-142],[-26,-38],[-19,-112],[35,-58],[-19,-33],[2,-44],[38,-35],[5,-60],[-32,-10],[-115,-124],[-55,-85],[-28,-62],[34,-36],[-20,-22],[47,-70],[-20,-35],[43,-36],[-32,-101],[-44,-59],[-129,-71],[-81,-84],[-57,-36],[-129,-122],[-113,-122],[-131,-177],[-38,-97],[3,-87],[-50,-27],[-84,-125],[-52,-127],[-18,-99],[9,-108],[42,-85],[122,-50],[44,31],[34,-49],[5,-40],[-95,-56],[-39,-71],[16,-31],[-43,-30],[-16,-122],[37,-52],[-24,-40],[-32,-2],[-66,-66],[-57,-86],[-51,-107],[-26,-97],[4,-95],[17,-22],[53,-7],[-31,-51],[46,-36],[9,-31],[-41,-41],[22,-83],[-4,-115],[-38,-17],[-27,-79],[-4,-67],[24,-80],[75,-12],[43,-40],[32,-83],[-57,-12],[-33,-34],[-15,-65],[-28,-41],[-43,-96],[39,-82],[-49,-62],[-42,0],[-53,-24],[-49,-57],[20,-25],[-36,-26],[-94,-148],[-64,-86],[-14,-87],[-96,-91],[-51,-89],[-49,-108],[12,-42],[-44,-19],[-83,-132],[-82,-118],[-11,-41],[-47,-76],[-7,-83],[52,-19],[6,-50],[-77,-1],[-9,-59],[56,-22],[-99,-37],[-28,-60],[-58,-27],[-53,-127],[-11,-67],[12,-76],[59,-65],[109,21],[-11,-56],[-110,-119],[-2,-71],[23,-42],[-26,-16],[0,-46],[-43,-158],[-66,-113],[-43,-107],[-40,-55],[-67,-35],[-11,-41],[-47,24],[-43,-16],[-94,-96],[-83,-126],[-40,-109],[6,-65],[-37,-70],[-31,-110],[-7,-68],[20,-75],[40,-11],[19,-45],[76,-22],[-18,-36],[-33,-7],[-65,-59],[-44,-69],[-40,-98],[-11,-100],[23,-45],[42,2],[-27,-56],[-34,-12],[5,-100],[101,-76],[-57,-5],[-35,14],[-63,56],[-58,32],[-79,-28],[-79,-80],[-44,-74],[-35,-125],[5,-121],[33,-104],[45,-75],[107,-80],[65,19],[0,36],[73,23],[51,-56],[130,-41],[-60,-37],[-39,-58],[-50,-103],[-18,-60],[-34,-158],[-8,-136],[11,-117],[24,-66],[69,-58],[48,11],[-3,-43],[17,-43],[54,-15],[15,-62],[-41,-63],[-18,-58],[20,-28],[-27,-72],[68,-39],[-41,-38],[43,-56],[-8,-85],[-79,46],[-28,31],[-36,-11],[-119,60],[-74,-45],[-52,-54],[-65,-108],[1,-36],[38,-29],[-35,-24],[5,-28],[60,2],[28,-28],[-34,-37],[-64,5],[-10,52],[-61,-2],[-50,26],[-50,-37],[-52,-14],[-64,-41],[-73,4],[-72,-22],[-13,-36],[-47,-21],[-9,-117],[27,-70],[53,-57],[103,-36],[57,44],[55,15],[47,-55],[87,-66],[109,-45],[11,29],[110,-12],[35,-14],[57,13],[16,75],[-23,42],[22,16],[92,23],[55,-41],[59,-25],[56,-1],[60,34],[-25,-78],[89,-61],[44,-61],[46,11],[79,-32],[-8,-55],[-27,-25],[26,-40],[56,11],[27,-42],[44,-5],[95,-140],[78,31],[33,-3],[70,-40],[53,-12],[32,-98],[-16,-17],[31,-130],[-42,4],[-37,-33],[4,-60],[26,-26],[69,-13],[-5,-29],[33,-37],[-4,-51],[120,-64],[-15,-68],[-18,-8],[12,-80],[-49,-23],[50,-29],[29,-100],[24,-37],[-62,-5],[29,-77],[70,-34],[53,-84],[16,-141],[58,-25],[24,-78],[47,-17],[19,-49],[72,-64],[33,-48],[-22,-44],[-55,51],[-94,10],[-41,19],[-100,-28],[-8,17],[-138,41],[-47,-8],[-35,49],[-102,43],[-75,41],[-41,0],[-35,54],[-63,11],[-116,-40],[-151,-87],[12,-12],[-106,-80],[-76,-74],[-66,-90],[-45,-74],[-27,-96],[108,-76],[10,-58],[-12,-37],[42,-14],[89,-58],[66,-81],[47,-23],[-29,-47],[14,-64],[30,-36],[24,-105],[-47,-33],[16,-43],[-60,-48],[-86,-126],[-73,-159],[-44,-139],[-3,-52],[45,-77],[27,-110],[-20,-75],[15,-26],[-5,-75],[14,-30],[-23,-31],[40,-151],[-11,-19],[34,-72],[64,-60],[2,-43],[47,-23],[-13,-34],[42,-49],[80,-56],[-10,-84],[34,-54],[-42,-35],[-18,-100],[57,-90],[-25,-158],[25,-86],[-37,-72],[53,-53],[-23,-35]],[[493126,81180],[-1295,490],[-1129,428],[-903,343],[-8,6],[-1170,446],[-1191,456],[-762,292],[-649,249],[-63,25],[-1082,417],[-1086,419],[-311,121],[-684,264],[-1483,578],[-1117,434],[-376,149],[-945,370],[-1112,437],[-936,371],[-948,376],[-2083,820],[-1848,732],[-1775,706],[-750,299],[-42,-27],[-28,-43],[-48,-36],[-48,-7],[-21,83],[-98,36],[-47,37],[-75,-24],[-40,34],[-41,-11],[-28,38],[-94,-51],[-63,-23],[-132,11],[-105,-23],[-4,-62],[-48,-8],[-33,-52],[-92,73],[-58,-5],[-1,50],[-49,80],[-46,11],[52,69],[-11,55],[81,85],[27,76],[43,32],[74,13],[16,43],[-45,37],[19,34],[94,37],[21,37],[41,-8],[8,51],[45,98],[-15,26],[-62,25],[43,47],[67,-4],[52,49],[15,41],[58,45],[8,27],[73,-6],[100,68],[-2,40],[50,8],[42,-35],[40,52],[13,87],[14,20],[93,59],[4,41],[53,24],[52,54],[-44,6],[-9,57],[59,56],[3,47],[129,62],[-41,30],[16,46],[79,32],[-36,49],[41,27],[58,67],[39,10],[6,35],[-28,29],[27,30],[7,42],[41,73],[16,73],[58,41],[-15,80],[-71,-5],[28,44],[-35,15],[11,56],[-48,-17],[-89,-3],[-8,35],[43,22],[46,-18],[14,43],[49,16],[-26,43],[58,39],[-106,81],[-36,-15],[-35,28],[-8,37],[-91,41],[-89,16],[-6,102],[-53,-26],[-95,-15],[-40,28],[-47,-11],[-33,62],[-45,-9],[-13,-51],[-58,-20],[21,96],[-72,9],[25,80],[-93,60],[-141,-57],[-104,-20],[0,46],[-35,63],[-84,98],[63,64],[-5,60],[62,24],[7,70],[78,113],[-106,119],[-45,90],[-1,88],[-34,44],[-91,64],[13,41],[50,24],[34,52],[-86,37],[55,28],[14,45],[-35,78],[31,81],[-45,46],[-43,1],[-96,53],[-57,11],[-66,-10],[-115,47],[-71,20],[-18,155],[27,33],[-19,70],[-58,25],[-30,102],[-56,57],[-59,0],[-176,50],[-51,71],[51,26],[-7,79],[-73,24],[-29,-3],[-43,36],[-6,70],[-53,-17],[-53,12],[-6,44],[90,62],[3,25],[-92,33],[74,51],[-47,38],[38,35],[-13,24],[-52,22],[56,73],[-4,36],[42,73],[39,32],[-7,32],[45,63],[36,6],[-14,68],[38,27],[-57,83],[8,52],[80,17],[4,50],[-45,25],[-75,-31],[-37,49],[-46,25],[-67,-11],[-38,44],[40,73],[35,-11],[27,30],[-27,58],[-57,76],[35,6],[9,65],[-78,72],[21,41],[-34,52],[28,30],[-28,62],[46,67],[34,17],[-8,45],[-51,37],[21,32],[-26,35],[-44,13],[-26,30],[1,37],[53,41],[26,83],[-38,25],[-6,50],[-61,38],[62,93],[94,72],[-24,41],[49,43],[-31,64],[9,56],[-53,66],[-67,23],[-9,38],[-66,3],[1,64],[-33,76],[63,36],[-37,37],[18,38],[52,-4],[29,55],[0,42],[-51,-8],[-35,33],[-27,71],[85,-18],[27,43],[36,-2],[21,69],[-11,73],[-30,-21],[-46,36],[-78,1],[-42,-19],[-19,29],[-68,22],[-30,-25],[-59,38],[-27,-39],[-60,13],[40,65],[-3,33],[-78,83],[-63,21],[-21,31],[31,43],[-7,102],[39,6],[-20,49],[39,62],[-12,37],[-57,12],[-4,27],[-63,27],[-84,81],[41,21],[-26,78],[19,12],[64,-56],[68,17],[-55,30],[-2,40],[51,19],[-42,49],[27,80],[63,33],[42,40],[-29,41],[-4,60],[12,39],[-67,-10],[-25,-50],[-44,1],[-21,39],[17,26],[-38,20],[-132,-15],[-14,83],[-33,17],[-38,-16],[-49,-83],[-51,15],[-16,60],[-54,-11],[-78,-55],[-67,-2],[-16,33],[-71,18],[-5,-54],[-48,-14],[-45,44],[-76,19],[-15,27],[25,37],[-8,34],[55,16],[-24,40],[-44,24],[-79,20],[-39,-10],[-38,16],[-16,64],[33,45],[0,29],[47,73],[-39,29],[32,43],[-28,46],[-36,-14],[-40,18],[73,46],[-38,33],[-81,1],[-38,35],[-43,-30],[-20,-64],[-118,29],[-52,-15],[-25,-39],[-45,81],[-90,60],[-42,-33],[-18,38],[-90,32],[-160,-19],[-4,47],[-103,2],[-35,43],[-73,43],[-55,14],[-40,-27],[-57,20],[-58,-14],[-56,49],[35,42],[-49,34],[-13,37],[-73,30],[-48,-3],[-76,18],[-37,-6],[-73,-38],[-66,20],[-82,-38],[-50,46],[-58,-4],[-31,31],[18,24],[66,31],[-126,0],[-79,51],[-107,-34],[-109,13],[-37,20],[-132,97],[-94,8],[-55,34],[5,74],[-59,56],[-27,55],[-38,20],[-66,-23],[-98,-63],[-127,-46],[-60,-51],[-97,-26],[-33,27],[-103,-15],[-49,6],[-95,-12],[-93,-25],[-59,-51],[-4,-41],[-49,-111],[-95,-36],[-76,-12],[-71,-32],[-72,-52],[-64,-30],[-59,-43],[-64,-22],[-57,40],[-36,64],[-24,16],[-89,9],[-38,18],[-58,-36],[-40,-4],[-62,24],[-86,-11],[-148,40],[-51,27],[-4,-55],[42,-21],[-56,-52],[8,-55],[149,81],[38,-21],[40,-57],[201,10],[33,-25],[14,-78],[-92,-51],[-102,-23],[-98,-92],[-89,-62],[-85,-2],[-30,78],[-120,41],[-86,51],[-52,48],[-66,-10],[-36,54],[11,35],[-73,51],[24,43],[38,30],[23,51],[56,26],[-30,48],[-86,31],[-71,-44],[-59,57],[2,32],[-29,37],[-49,25],[-35,54],[-60,40],[-37,-7],[-34,-58],[-100,-6],[-31,82],[-28,-11],[-78,4],[-92,-11],[-72,-44],[-56,-53],[23,-81],[-38,-33],[-69,1],[-41,22],[-21,36],[-45,-4],[-65,40],[-56,1],[-120,54],[-56,2],[-29,21],[-96,-15],[-21,41],[-34,19],[-118,-72],[-42,18],[-26,-24],[32,-58],[-56,-38],[6,-38],[50,11],[0,-43],[-59,-15],[7,-32],[42,-45],[-5,-59],[-105,20],[-100,-51],[-25,-44],[8,-34],[-53,-1],[-60,-54],[-75,-32],[-34,-30],[-7,-39],[-59,-79],[32,-59],[-9,-68],[-82,-39],[-42,-74],[6,-71],[38,-41],[35,-15],[9,-49],[-74,-66],[-37,-61],[-33,-22],[-99,-30],[-32,-23],[-32,-85],[-63,-40],[-86,-38],[2,71],[-71,27],[32,-87],[-56,-22],[-58,52],[-1,47],[-43,23],[-41,85],[-127,33],[-44,-10],[-23,50],[-40,-6],[-32,-39],[-166,46],[-56,4],[-139,-29],[-37,1],[-108,38],[-43,-61],[-97,8],[-75,-68],[-76,-8],[-70,23],[-105,-45],[-39,3],[-117,78],[-52,-8],[-53,28],[0,54],[-50,-2],[-201,68],[-26,22],[-69,5],[-61,-52],[-28,-8],[-73,49],[-55,-77],[-33,28],[25,57],[-54,36],[-46,-1],[-86,66],[-1,49],[-37,16],[4,97],[-40,33],[17,45],[-47,24],[29,27],[-26,50],[-43,-42],[-39,27],[-45,-27],[27,-41],[9,-51],[-60,-3],[-58,42],[-12,-44],[51,-14],[-30,-49],[-39,28],[-93,8],[3,-28],[79,8],[26,-23],[1,-40],[-22,-29],[-49,-17],[-36,22],[-15,-56],[29,-36],[-21,-35],[-67,-10],[74,-35],[62,-9],[-36,-46],[-24,-72],[3,-39],[-21,-30],[-72,-1],[53,-46],[-4,-33],[-137,4],[-6,-52],[-57,3],[-20,-35],[-39,-26],[-19,-42],[-39,8],[-44,38],[-23,-47],[13,-40],[-40,-14],[-40,22],[-27,-96],[46,-82],[1,-28],[-70,-43],[25,-33],[-24,-23],[-74,-6],[-25,-106],[67,-16],[-33,-104],[-34,6],[-23,47],[-69,-3],[-25,-21],[16,-33],[-30,-38],[-70,-50],[-38,8],[-5,44],[-76,72],[-48,72],[-60,-5],[-11,-74],[-28,-5],[-28,41],[26,43],[-26,35],[8,50],[31,50],[-52,21],[-51,-22],[-34,35],[-41,11],[-53,-16],[-89,19],[-41,-16],[-68,-92],[-42,-7],[-32,24],[-39,102],[-38,38],[-79,-21],[-86,29],[-17,-48],[-51,-44],[47,-46],[-85,-6],[-25,-25],[23,-49],[-41,-41],[4,-71],[35,-17],[7,-37],[-62,-30],[-28,-29],[-50,1],[-37,30],[-78,30],[-6,22],[-62,42],[-9,44],[31,38],[-45,32],[-61,-39],[35,-41],[9,-51],[-23,-19],[-77,6],[-13,-39],[-42,-21],[-76,20],[-22,60],[78,5],[-44,88],[-71,23],[35,70],[-40,71],[52,26],[-66,24],[-60,-37],[-30,3],[-63,-31],[-68,14],[-63,-7],[-50,60],[-4,37],[-48,83],[-104,11],[8,-78],[-120,-81],[-63,16],[-43,-36],[-65,30],[-36,-2],[-64,30],[-29,-50],[-50,0],[-71,-36],[-46,25],[9,58],[66,55],[-47,48],[28,25],[-31,38],[-91,-64],[-51,95],[22,43],[-101,34],[-36,39],[-53,-3],[-60,15],[-29,-38],[61,-23],[5,-26],[-54,-13],[-36,20],[-42,-17],[-9,72],[-77,-8],[-21,-60],[-48,59],[-70,25],[-39,-13],[-42,35],[-23,-43],[-48,20],[-3,30],[37,31],[-19,23],[-73,-15],[34,-29],[-62,-73],[-44,-9],[-46,38],[13,73],[36,30],[10,66],[24,35],[-36,16],[-43,-56],[-35,-25],[-74,30],[-42,-35],[-71,42],[5,64],[47,36],[-29,82],[-52,19],[17,28],[42,10],[-27,36],[-48,-39],[-71,-25],[-70,29],[-55,-35],[-85,-20],[50,-49],[-56,-16],[-46,28],[-99,4],[-6,-25],[-97,-73],[-68,35],[-29,62],[38,33],[-9,23],[-74,-9],[9,39],[58,10],[3,31],[-32,22],[-68,1],[-45,-45],[-30,52],[-38,-6],[51,-83],[-59,-13],[-41,38],[-80,1],[-12,20],[36,41],[-67,-1],[-31,46],[27,12],[61,-10],[25,25],[-17,28],[-70,-13],[-36,25],[18,63],[-90,11],[-63,-19],[-25,32],[-90,45],[-55,56],[-57,-13],[-4,49],[-32,33],[-88,-23],[1,59],[-47,13],[-22,45],[108,45],[-66,48],[95,37],[-8,24],[-77,25],[-55,-24],[-53,18],[-50,-26],[-14,51],[-55,-47],[-66,6],[-82,-16],[-3,-20],[43,-52],[-17,-33],[-55,-1],[-69,62],[-85,-7],[-24,24],[-73,25],[0,27],[43,36],[-49,22],[-40,-36],[17,-70],[-32,-29],[-74,-2],[36,-51],[-17,-28],[30,-45],[-73,-45],[-48,25],[-115,79],[-13,29],[-53,-32],[-27,22],[17,81],[-88,86],[-72,4],[-9,38],[24,33],[-35,54],[-50,-46],[-42,-5],[-123,78],[-26,-33],[-4,-54],[-37,-42],[-15,-82],[60,-64],[-30,-31],[-82,-42],[12,-21],[56,3],[64,22],[0,-51],[-48,-37],[-117,-3],[-31,16],[-11,46],[-26,10],[-60,-15],[-45,43],[-46,-6],[-39,29],[-47,-29],[-30,44],[45,43],[-3,31],[-76,57],[-6,58],[-74,-3],[-37,56],[-85,-45],[-19,-95],[-55,-38],[-43,40],[-1,46],[-24,30],[-150,38],[-51,-40],[37,-80],[-72,-6],[22,-39],[-22,-22],[-62,38],[19,-93],[-19,-28],[-107,-31],[-52,-27],[-53,-85],[-7,-36]],[[445505,100794],[0,-1]],[[445505,100793],[29,-73],[-41,-52],[-93,18],[-55,-20],[-72,-64],[-25,-133],[16,-64],[78,-50],[28,-40],[-58,-51],[-81,14],[-16,-14],[49,-41],[-10,-45],[-72,-13],[-37,-49],[-47,2],[-70,91],[-53,34],[-102,-13],[-39,41],[-20,122],[-109,39],[-35,-18],[-48,14],[-76,-92],[9,-18],[65,-7],[-11,-87],[-42,-14],[-44,22],[-47,-13],[-29,37],[-40,8],[5,-67],[-51,-7],[-30,62],[-37,4],[-36,-47],[-37,22],[-5,66],[-48,-46],[33,-99],[-94,27],[-22,48],[1,41],[-48,-13],[-35,-30],[-31,18],[19,39],[89,36],[-51,16],[-8,46],[72,1],[19,16],[-10,49],[-98,-33],[-46,49],[51,32],[79,18],[-33,24],[-11,41],[-43,13],[-46,-32],[-34,11],[-57,-52],[61,-8],[-5,-42],[-90,-41],[-57,28],[-16,48],[-68,-7],[6,74],[-50,13],[-67,-16],[-7,-35],[-58,20],[-44,-19],[11,-27],[60,-10],[-20,-39],[-72,12],[15,-46],[-22,-25],[-58,13],[-60,-7],[-24,-60],[-50,4],[-1,50],[-90,-16],[4,-61],[-21,-25],[-83,8],[26,32],[-24,54],[-38,5],[-72,-126],[-84,20],[-25,48],[-95,-62],[-26,-40],[-43,-6],[-27,28],[-59,18],[45,61],[-68,7],[17,57],[-57,111],[-146,-55],[-68,33],[-70,-33],[-90,60],[-7,73],[-50,-40],[-65,-15],[-43,-27],[-36,37],[23,47],[-14,30],[35,37],[75,-6],[-24,59],[-50,24],[-35,-17],[-14,-53],[-58,-22],[-38,-53],[-51,-35],[-122,17],[-27,24],[74,77],[-72,10],[-43,-21],[-33,-48],[-47,-10],[-72,47],[-40,-14],[21,-44],[53,-31],[-2,-47],[-36,-14],[-62,25],[-47,-1],[-58,21],[-76,3],[-41,36],[-47,-9],[-103,7],[-36,44],[-24,161],[-40,37],[-16,-73],[-48,-12],[-70,38],[-58,-15],[-42,27],[-41,54],[-123,-44],[-94,-90],[-48,-4],[-76,34],[-22,-4],[-53,-69],[-165,-62],[-99,18],[-39,30],[-47,3],[-4,-58],[-38,-27],[-35,28],[53,73],[-28,30],[-48,-2],[-59,-42],[-62,18],[-3,48],[88,84],[-61,22],[-54,41],[-48,10],[-8,108],[-83,5],[3,59],[49,-2],[22,30],[-29,55],[-55,33],[-2,52],[59,15],[68,2],[-20,44],[-93,-3],[-34,-19],[-64,-75],[-36,-10],[-19,-44],[-123,4],[-5,24],[43,38],[-52,43],[-125,-3],[2,-45],[-33,-15],[-25,31],[-77,35],[-16,-69],[-48,64],[9,38],[39,24],[67,17],[20,26],[-30,37],[-71,14],[-110,-10],[-40,-42],[-40,-8],[-42,23],[-72,-31],[-46,31],[-77,-2],[-63,-37],[-77,-31],[-67,14],[-32,-26],[19,-42],[-67,-57],[137,-30],[0,-33],[-73,-33],[-74,48],[-51,-27],[58,-51],[-13,-36],[-47,-17],[-99,0],[-17,81],[-54,-3],[-56,19],[-32,-55],[54,-30],[-53,-34],[-81,29],[-100,-22],[71,-56],[-15,-27],[-45,-17],[-73,43],[23,53],[-32,21],[-36,-10],[-132,10],[-12,74],[9,46],[-84,-16],[-31,37],[-102,-6],[22,65],[38,48],[-47,48],[-47,-29],[-84,-11],[-9,-38],[-47,8],[-5,45],[-85,53],[-34,-43],[-107,-39],[-39,19],[4,49],[-61,-1],[-74,-17],[-48,31],[25,28],[66,17],[-34,42],[-42,6],[-90,-44],[-42,38],[-39,1],[-38,41],[26,40],[58,11],[45,-28],[26,23],[-21,42],[-41,42],[-17,40],[-77,-31],[-66,29],[-16,29],[-51,3],[-59,-51],[-50,2],[-19,28],[23,61],[-21,56],[82,27],[-56,32],[-35,4],[-104,-43],[-14,-26],[18,-42],[-41,-22],[-39,13],[-34,38],[-73,13],[15,52],[55,32],[-13,37],[-96,-48],[-32,24],[8,53],[-23,24],[-52,-12],[-25,13],[-33,123],[-20,29],[-70,8],[-30,21],[-19,52],[-120,6],[-36,62],[-58,8],[-34,101],[-45,-1],[-19,-34],[-41,-14],[-29,23],[26,46],[71,31],[11,26],[-58,22],[-57,-28],[-41,2],[-17,36],[48,43],[135,21],[1,27],[-48,46],[-142,-45],[-44,-55],[-47,-9],[-56,32],[-27,-8],[53,-77],[-67,-1],[-62,56],[-8,36],[36,53],[-15,34],[-91,-22],[-45,20],[22,43],[55,20],[20,75],[-21,22],[-124,1],[-30,10],[-16,42],[-36,32],[-16,46],[-61,16],[-28,42],[-64,-1],[7,47],[42,31],[-48,29],[-59,-40],[-35,29],[33,42],[-31,43],[11,38],[73,22],[-12,32],[-133,-18],[-51,21],[-36,-5],[-43,-99],[-61,-8],[-24,25],[13,58],[34,35],[13,56],[-74,0],[-19,39],[-89,-15],[8,-73],[-60,-27],[8,-49],[-36,-13],[-75,22],[-42,28],[-16,42],[-63,-3],[-40,28],[-119,-4],[-4,-50],[-54,-9],[-33,28],[-53,-16],[-81,38],[-17,-19],[-65,13],[-50,-41],[19,-37],[-29,-40],[-33,-13],[-2,-50],[-55,-26],[-71,35],[-15,35],[-46,2],[-28,-58],[-9,-67],[-42,-19],[-28,-38],[-43,12],[-31,64],[-30,0],[-33,-46],[-34,-14],[-36,26],[-23,48],[-68,8],[-24,-35],[-69,4],[-1,-44],[-40,-34],[17,-59],[-10,-44],[16,-47],[-95,-37],[-86,16],[-78,-14],[-65,8],[-89,-58],[-29,-45],[-50,-20],[-61,16],[-52,-24],[-74,-14],[-31,-62],[-45,-14],[-32,17],[-23,60],[-37,11],[-45,-28],[-40,1],[-81,56],[-34,43],[-72,15],[-36,37],[-33,-10],[-56,-45],[-70,-5],[-37,-58],[-34,-8],[-74,26],[-67,-27],[-55,34],[-13,53],[-101,-35],[-47,42],[-26,0],[-24,60],[-71,45],[-48,-86],[-27,-9],[-109,52],[83,77],[-58,44],[16,48],[-104,7],[-86,60],[-77,-42],[-35,7],[-44,44],[-75,-47],[-63,9],[-49,-61],[48,-29],[-21,-37],[-91,13],[15,53],[-53,20],[-55,-24],[-56,1],[-67,33],[-42,-2],[-50,-30],[-25,37],[-108,-6],[-6,-72],[-42,-14],[-103,38],[-41,-48],[-63,-6],[-142,22],[60,41],[25,89],[-69,11],[-77,-41],[-60,18],[-41,44],[-27,-12],[-5,-50],[-50,12],[-5,66],[-62,-3],[-72,-21],[-16,18],[-30,94],[-52,-62],[-39,65],[-48,-44],[-84,-59],[-71,2],[-56,-44],[-13,-40],[-34,-10],[-20,44],[52,46],[-17,34],[-65,2],[-19,-20],[-110,1],[4,-48],[-30,-5],[-1,56],[-34,-8],[5,-41],[-56,-54],[-106,-29],[-89,27],[-29,-48],[-68,23],[-81,-59],[-43,25],[1,-60],[-22,-34],[-82,-34],[-73,32],[-23,-82],[-33,-34],[-90,-21],[-105,27],[-27,54],[-45,23],[1,-52],[-22,-18],[-52,34],[-19,-45],[-74,-22],[-113,-10],[-45,-30],[-65,-4],[-3,-35],[-35,-29],[20,-26],[-11,-35],[35,-25],[-18,-88],[65,-55],[-25,-56],[-65,-49],[-47,-57],[30,-58],[4,-51],[-30,-17],[-54,-82],[-26,7],[-82,-68],[-11,-100],[-27,-28],[-13,-73],[27,-31],[-13,-75],[37,-65],[32,-19],[-17,-77],[46,-69],[-8,-52],[-90,-21],[-62,3],[-52,-47],[-63,8],[-78,-31],[-22,-47],[-40,-21],[-29,-99],[-6,-99],[54,-9],[49,-33],[10,-39],[55,-56],[91,-36],[53,-62],[-24,-51],[14,-24],[102,-47],[2,-26],[57,-16],[48,6],[3,-98],[47,-25],[12,-56],[-15,-53],[30,-66],[64,-42],[126,-39],[26,-85],[25,-22],[13,-102],[-48,-50],[-12,-44],[-42,-26],[-36,0],[-35,-34],[-43,-5],[-79,-36],[-145,-2],[-27,-39],[-71,2],[-38,40],[-47,12],[-47,32],[20,33],[-5,43],[-49,12],[-18,27],[-140,19],[-113,33],[-84,-5],[-31,28],[-54,-32],[-32,16],[-39,-14],[-93,0],[-36,26],[-147,51],[-110,-26],[-42,7],[12,-83],[-7,-35],[-43,-14],[-73,33],[-16,-36],[35,-37],[-48,-23],[-50,37],[-26,-35],[31,-30],[14,-66],[-49,4],[-28,-28],[-37,3],[-6,-52],[28,-76],[-43,-27],[36,-27],[-38,-46],[-63,26],[-70,-56],[-82,2],[-69,-67],[-23,36],[-77,35],[-14,-20],[66,-61],[-8,-30],[-97,46],[5,-82],[64,11],[10,-25],[-44,-39],[-13,-61],[-44,-20],[-62,52],[-47,-5],[-51,27],[-24,-57],[-52,17],[-34,-23],[35,-25],[-17,-36],[-81,-8],[-37,-21],[-61,58],[2,61],[-32,21],[5,41],[-40,3],[-59,-50],[-91,12],[-37,-46],[-92,13],[-37,64],[-19,97],[-40,17],[-120,-62],[51,-40],[-34,-23],[-83,-8],[-41,48],[-30,-7],[-46,25],[0,34],[28,48],[-7,75],[81,21],[-25,58],[35,52],[-84,2],[-3,56],[-58,-2],[-46,-67],[-73,-19],[-39,19],[-28,43],[-37,1],[-4,-71],[-73,29],[-46,-54],[-69,4],[11,47],[-30,85],[40,42],[13,86],[67,27],[12,49],[-60,41],[23,52],[-23,12],[-65,-16],[-54,2],[-6,-90],[-65,13],[-21,-30],[-84,-14],[7,-46],[-21,-19],[-157,36],[17,89],[-25,57],[16,42],[-4,80],[-47,29],[-47,-9],[2,-59],[-65,9],[-52,103],[-63,-6],[-45,-38],[-58,-14],[32,-81],[-21,-49],[-82,36],[1,-50],[65,-1],[43,-14],[-3,-30],[-89,-57],[18,-51],[-35,-33],[-39,11],[-78,84],[61,36],[-87,32],[-6,21],[33,55],[7,47],[27,53],[46,41],[7,37],[-57,32],[12,25],[61,19],[-47,60],[0,45],[-59,-19],[-62,-44],[48,-34],[1,-27],[-78,-19],[-58,64],[-21,-2],[-76,-73],[-32,16],[-11,46],[-76,-6],[-12,31],[13,49],[-28,38],[52,12],[17,25],[-60,62],[-52,16],[-65,-45],[-33,19],[2,67],[-59,-3],[-34,27],[18,75],[-53,32],[5,-56],[-64,-18],[-24,100],[-19,39],[-60,-30],[-31,8],[5,54],[-63,-17],[-76,23],[-99,77],[-43,3],[-96,-27],[-31,4],[-22,60],[-36,31],[63,35],[-10,47],[12,58],[64,62],[-9,38],[-43,8],[-56,-66],[-49,10],[-8,62],[-39,-27],[-58,3],[-63,33],[-53,3],[-24,40],[-58,22],[22,74],[-62,-23],[-38,33],[-1,55],[-48,18],[40,47],[-44,33],[-23,-31],[-49,23],[-42,-12],[-30,31],[73,37],[-22,27],[-79,-22],[-7,41],[49,39],[-18,22],[-59,-14],[0,-52],[-45,1],[-10,34],[-54,-18],[-99,29],[-94,49],[3,85],[-64,6],[-15,45],[-81,17],[-6,65],[-55,48],[14,54],[-48,-1],[8,-55],[-32,-4],[-34,28],[15,43],[56,40],[-45,22],[-26,-46],[-101,4],[-12,33],[42,56],[89,8],[-55,67],[-9,61],[-73,40],[-43,41],[20,35],[-13,51],[84,24],[-29,29],[-37,-17],[-36,13],[-5,38],[65,16],[-25,59],[-107,28],[-36,-15],[-65,18],[-12,29],[27,61],[-36,6],[-23,-42],[-67,35],[40,76],[-45,31],[2,23],[-84,24],[-23,47],[46,22],[67,-22],[-3,56],[-35,2],[-43,-27],[-40,14],[7,43],[32,76],[51,37],[49,-5],[-10,44],[-137,-44],[-16,-31],[-53,-1],[-27,62],[46,79],[-12,47],[66,23],[2,36],[44,55],[-37,36],[56,51],[-25,43],[-40,13],[-61,-20],[-22,-43],[-55,-2],[-1,40],[-76,35],[-50,39],[-13,47],[23,60],[-12,39],[-56,-10],[16,51],[-2,64],[-33,-9],[-44,-48],[-74,27],[-38,-9],[-30,52],[-67,8],[-34,-36],[-35,-2],[-50,25],[43,29],[10,38],[-13,46],[95,37],[-17,31],[-58,-8],[-70,15],[-17,-49],[-32,-13],[-19,43],[14,36],[-59,-5],[-19,-68],[-41,-11],[-50,60],[-88,25],[74,67],[15,50],[-50,27],[-14,32],[-101,-16],[-51,15],[-49,-40],[-48,-9],[2,-51],[-46,-18],[-41,-61],[-45,-36],[-88,61],[8,43],[-37,49],[-62,40],[-1,54],[-93,75],[-4,58],[17,40],[-70,34],[-72,4],[-103,46],[-58,63],[-95,31],[-46,44],[28,119],[32,38],[-64,11],[-15,63],[-71,-9],[-175,20],[-11,33],[-39,34],[-35,-2],[-29,65],[9,64],[-23,6],[-70,-39],[-36,14],[-35,-26],[-37,32],[-67,15],[-63,-9],[3,44],[-22,57],[-33,28],[0,45],[-49,7],[-42,52],[28,43],[31,16],[-36,39],[-83,-15],[-87,11],[-19,61],[-45,22],[-32,-15],[-38,72],[-47,25],[-125,102],[31,60],[-67,21],[-15,46],[30,21],[-21,55],[-44,47],[38,16],[-10,46],[-58,13],[9,34],[-44,38],[-17,61],[-41,-9],[-15,32],[-59,24],[-57,-6],[-82,42],[-70,-2],[-66,46],[-75,14],[-59,33],[-45,9],[9,93],[-41,11],[-85,48],[-43,3],[-48,26],[17,86],[-51,47],[-34,-42],[-62,32],[-39,-34],[-47,2],[-157,37],[-45,-23],[-32,8],[-44,-52],[36,-34],[-42,-34],[-79,32],[-88,65],[-40,-8],[-54,43],[41,34],[50,15],[40,52],[-48,48],[18,64],[-15,24],[-50,12],[-33,-17],[-44,13],[-112,3],[-47,27],[-38,95],[-28,19],[21,33],[-108,78],[-4,27],[30,56],[60,-26],[40,11],[-47,52],[21,66],[-65,-22],[-26,32],[-45,0],[12,-48],[-27,-14],[-79,8],[-66,39],[-30,-17],[-44,7],[-77,-17],[-12,-38],[-42,2],[-6,45],[-175,20],[-32,16],[6,33],[-66,27],[-10,-26],[-56,-38],[-33,14],[-12,45],[-52,-2],[-70,39],[-85,87],[-30,6],[-86,-26],[-52,24],[-10,43],[-27,17],[-84,6],[-43,41],[-30,-38],[-39,34],[30,30],[-88,93],[31,48],[-29,36],[-57,-22],[-48,0],[-61,61],[-105,31],[-87,15],[-62,63],[-12,57],[-113,-5],[-7,24],[85,59],[-11,30],[-126,56],[-73,-16],[-45,18],[-43,47],[-40,6],[-40,52],[-5,33],[-63,-12],[-115,-8],[-77,8],[-16,18],[-78,-20],[-20,24],[44,46],[-17,34],[-40,-23],[-33,31],[35,61],[46,3],[51,28],[-24,21],[12,67],[-67,7],[24,94],[-38,15],[-55,-30],[-82,27],[-7,60],[-61,-10],[-98,-64],[-29,9],[-64,-16],[-21,46],[-48,4],[-158,-35],[-86,12],[8,40],[38,39],[-32,26],[-49,-59],[-34,-12],[-26,41],[33,76],[-4,25],[-75,-36],[-17,-35],[-43,-1],[-15,29],[7,51],[-47,8],[-16,92],[-65,14],[1,-58],[-53,-1],[-29,21],[-106,13],[-22,-11],[-23,-138],[30,-28],[-15,-24],[-55,18],[-69,2],[-39,-83],[-11,-46],[-59,-6],[-25,-42],[-69,-32],[-39,12],[-12,35],[-97,24],[-26,44],[30,44],[41,29],[-27,41],[-38,-16],[-28,46],[-42,-18],[6,-66],[-70,7],[-4,55],[-49,40],[-31,47],[42,51],[-7,44],[-42,12],[-35,-27],[-44,57],[-49,0],[7,45],[-54,74],[-29,24],[16,28],[-51,28],[-56,-2],[-17,43],[-66,15],[-32,64],[-44,18],[-40,-16],[-48,43],[-30,-70],[-41,-8],[-65,84],[26,60],[3,70],[-31,25],[26,40],[1,79],[32,22],[25,83],[60,27],[-47,42],[22,19],[46,-27],[51,2],[-16,55],[63,83],[8,63],[117,80],[-8,17],[-78,20],[85,65],[-14,21],[-55,-16],[-48,16],[-16,36],[-64,51],[-46,-44],[-21,44],[14,63],[27,54],[-51,74],[-4,58],[-83,40],[38,35],[-27,59],[124,16],[32,59],[-5,51],[67,97],[-19,67],[-61,32],[-54,58],[-92,56],[-59,-1],[-79,-39],[-87,-6],[-8,-16],[42,-68],[-85,-51],[-97,-8],[-85,-35],[-61,1],[-28,19],[-40,72],[-90,3],[-77,-21],[-28,4],[-56,-56],[-115,-23],[-107,19],[-170,-11],[-71,59],[-4,92],[-13,57],[-55,-6],[-28,19],[-5,45],[-30,32],[-49,11],[-31,27],[-18,58],[-30,-12],[-96,7],[-75,-23],[-25,-51],[-46,22],[-20,47],[-27,0],[-91,-66],[-81,19],[-100,-4],[-50,50],[-54,-42],[-99,88],[-27,37],[62,41],[31,43],[-27,20],[-22,56],[-97,-39],[-7,51],[47,89],[-34,34],[-6,80],[81,53],[28,51],[-14,30],[-50,32],[3,62],[-97,70],[-35,36],[-35,79],[-64,39],[-38,-6],[-62,56],[-28,51],[2,41],[-27,54],[24,36],[-85,32],[3,-38],[-85,-28],[-34,69],[21,82],[-65,56],[21,39],[-18,44],[-45,33],[69,12],[-4,30],[36,35],[-25,28],[-62,19],[29,75],[79,-19],[50,15],[-40,33],[-44,10],[-22,30],[-59,-34],[-22,23],[41,55],[-3,34],[-39,68],[-35,-20],[12,-48],[-52,-19],[28,110],[-60,6],[-47,41],[5,37],[-38,57],[66,22],[30,-40],[81,-6],[-15,37],[-9,115],[-31,25],[40,52],[-21,21],[20,48],[43,51],[-29,99],[-75,67],[-41,58],[-48,-15],[-64,27],[-13,79],[73,63],[4,42],[-26,52],[15,62],[-41,11],[-6,53],[6,121],[-23,43],[66,21],[-37,30],[31,23],[-10,39],[75,13],[29,32],[69,10],[-1,-35],[27,-38],[39,15],[25,42],[-55,10],[9,45],[39,10],[25,37],[-46,53],[-5,33],[39,90],[-18,69],[-48,2],[-46,30],[-39,75],[-14,53],[-44,55],[25,28],[-76,51],[-12,35],[22,49],[56,31],[73,-31],[84,42],[37,7],[-12,47],[-48,33],[14,58],[68,57],[69,20],[12,58],[39,25],[-89,41],[-6,27],[44,65],[-17,18],[-60,-23],[-16,38],[64,35],[63,49],[-4,69],[42,54],[-30,54],[2,34],[46,44],[52,25],[-28,65],[-70,22],[-59,43],[-6,30],[59,118],[-31,46],[-55,22],[-127,-37],[-53,19],[-10,61],[-64,1],[-57,-47],[-89,20],[-27,37],[8,55],[-26,28],[-55,2],[-132,-64],[-31,-59],[-40,-11],[-63,69],[-45,-10],[41,-96],[-47,-26],[-104,45],[-31,35],[4,43],[27,34],[-53,45],[22,35],[-94,23],[-44,21],[-23,-51],[-32,-14],[-43,11],[-42,41],[-3,69],[25,35],[46,19],[64,6],[117,66],[-53,56],[16,30],[65,-4],[-104,63],[-45,-42],[-63,-16],[-63,-50],[-52,-14],[-45,17],[-27,41],[-7,86],[-132,-1],[-57,-12],[-19,-37],[20,-94],[-56,-12],[-62,46],[-12,37],[30,117],[-89,53],[3,51],[101,39],[-48,39],[-44,-2],[-145,-65],[-62,15],[-47,70],[-2,112],[38,32],[-52,36],[-56,18],[-92,-27],[-65,-31],[-18,28],[44,43],[-19,28],[-48,-36],[-30,-83],[-55,-15],[-73,35],[-4,59],[27,74],[-8,82],[-50,38],[-39,-2],[-44,-33],[-9,-43],[-31,-34],[-66,-43],[16,-47],[-28,-17],[-124,66],[-49,60],[3,52],[-107,-1],[-80,-34],[-34,21],[28,64],[103,31],[-18,32],[-63,-23],[-107,-63],[-41,-35],[-43,28],[54,106],[0,34],[41,37],[90,-11],[-82,66],[-43,8],[-35,-108],[-58,-60],[-48,-10],[-56,-32],[-27,-45],[-57,-8],[-138,43],[-49,30],[-56,88],[-1,122],[-64,-1],[-17,-114],[-108,-123],[-66,-21],[-74,30],[-42,65],[-6,71],[-38,10],[-40,-41],[22,-70],[70,-54],[-17,-31],[-41,-20],[-38,17],[-19,35],[-67,62],[-20,42],[8,40],[40,57],[-80,17],[-42,-24],[-14,-105],[-52,-32],[-64,-9],[-49,15],[-28,37],[-1,63],[126,134],[-17,43],[-43,17],[-161,18],[-58,-56],[-46,20],[-31,63],[0,53],[-25,10],[-24,-64],[-29,-17],[-108,-15],[-7,-37],[52,-38],[27,-40],[4,-49],[-83,-151],[-36,-11],[-77,46],[-2,36],[-46,101],[-10,59],[-23,36],[-41,26],[-23,84],[-65,-54],[-41,-2],[-41,31],[-19,57],[-33,23],[-51,-5],[-51,22],[-32,61],[-118,-22],[-23,28],[47,67],[-16,22],[-56,-32],[-108,-7],[-121,-47],[-21,-48],[6,-37],[-20,-32],[-58,-6],[-11,-45],[67,-19],[8,-38],[-42,-19],[-57,20],[-21,-34],[40,-32],[-14,-36],[-81,-3],[-21,36],[17,64],[-71,-12],[-46,-25],[-49,20],[-23,55],[4,58],[-44,8],[-47,-33],[-49,-2],[-10,57],[87,46],[54,85],[-7,41],[-93,68],[-6,55],[-54,-7],[6,-56],[-48,14],[-21,49],[30,49],[62,30],[63,84],[-70,-13],[-27,21],[-44,71],[-25,20],[-54,6],[-45,-27],[-6,-50],[-29,-21],[-48,12],[-16,27],[3,84],[-19,55],[-36,24],[-97,11],[-56,37],[15,61],[-31,34],[-50,-24],[-7,-47],[20,-65],[-60,-9],[-135,35],[-36,47],[23,74],[61,43],[32,60],[-10,28],[-73,13],[-41,-19],[-34,-101],[-46,1],[-88,68],[-34,43],[-4,60],[72,30],[60,11],[66,29],[-22,42],[-41,19],[-4,30],[86,94],[82,35],[-49,106],[-43,18],[-83,7],[-38,19],[-39,51],[-29,-61],[10,-78],[-20,-28],[-58,-26],[-5,-46],[-78,-33],[-67,19],[-21,-38],[35,-43],[80,-24],[69,-45],[-44,-22],[-101,11],[-101,-1],[-63,-17],[-49,4],[-82,39],[-33,-4],[-37,-84],[24,-64],[45,-12],[129,8],[44,-38],[-3,-70],[-51,-40],[-66,-30],[-110,-12],[-123,20],[-67,23],[-52,37],[-48,58],[-46,-6],[-33,-35],[-12,-42],[-40,-21],[-140,37],[-45,-9],[-18,-64],[31,-43],[31,-78],[-49,-43],[-129,2],[-8,-45],[68,2],[90,-12],[73,13],[18,-41],[-18,-20],[-77,-1],[-21,-30],[-25,-85],[-43,-40],[24,-52],[-59,-114],[-42,-41],[81,-111],[81,8],[53,-13],[57,-47],[16,-57],[-7,-110],[-47,-37],[-67,16],[-169,86],[-38,12],[-51,-8],[-47,-113],[13,-74],[40,-80],[95,-95],[6,-71],[-59,-47],[-20,-42],[3,-41],[54,-37],[105,-34],[37,-36],[-15,-34],[-111,-14],[-121,65],[-43,-21],[-24,-46],[25,-44],[109,-36],[1,-34],[-87,-46],[-126,21],[-54,40],[-26,68],[-10,86],[-40,7],[-71,-75],[-80,-36],[-97,-20],[-58,-39],[-74,19],[-110,79],[-75,-22],[-17,-34],[0,-80],[43,-106],[-8,-108],[55,-69],[62,-10],[115,36],[83,-15],[47,-60],[-12,-103],[-14,-51],[-77,-71],[-96,-47],[-139,-20],[-103,19],[-105,57],[-124,93],[-137,33],[-123,-15],[-142,56],[-43,-34],[-11,-42],[-67,-30],[-70,61],[-18,31],[5,68],[-39,14],[-112,-13],[-33,42],[-31,77],[-69,-64],[-40,-13],[-93,44],[-53,43],[-86,39],[-14,45],[65,43],[-23,38],[-91,-9],[-59,25],[30,86],[128,103],[23,43],[-14,46],[-36,55],[126,130],[-13,30],[-99,11],[-47,-33],[-56,-16],[-40,15],[-4,50],[35,18],[98,10],[50,27],[13,54],[-62,63],[-16,49],[-43,29],[-51,-32],[-34,19],[-19,59],[11,53],[85,69],[71,6],[80,23],[17,31],[-56,27],[-42,48],[-79,-14],[-22,-68],[-64,-25],[-106,32],[-33,-13],[23,-47],[72,10],[30,-28],[-31,-41],[-42,-17],[-157,-7],[-45,12],[-35,31],[-19,44],[8,158],[-7,38],[55,114],[19,19],[91,45],[-14,31],[-40,3],[-73,-49],[-51,-10],[-48,27],[-20,46],[-56,0],[-53,-23],[-67,35],[24,44],[105,22],[25,21],[-11,47],[-59,47],[1,35],[59,40],[68,21],[-89,51],[19,58],[66,18],[21,24],[-6,43],[28,51],[-21,39],[-33,15],[-81,-4],[-35,23],[4,34],[97,27],[12,23],[62,43],[17,36],[-39,74],[-26,69],[-43,34],[-55,16],[-77,37],[-51,-5],[-31,-26],[40,-166],[75,-73],[20,-43],[-17,-33],[-78,-1],[-26,17],[-35,65],[-44,36],[-120,-12],[-61,18],[-20,28],[11,74],[-39,56],[-39,-2],[-74,-57],[-85,-28],[-53,17],[-19,34],[10,60],[35,50],[14,45],[-53,74],[-11,78],[-36,-4],[-31,-55],[-111,-39],[-52,15],[-14,30],[-144,64],[-21,88],[-56,-7],[-43,56],[9,44],[193,40],[208,-3],[1,41],[-77,68],[-63,-10],[-55,-33],[-69,0],[-51,50],[20,45],[96,70],[23,30],[31,78],[74,34],[-14,43],[-129,17],[-89,-17],[-59,-74],[-4,-62],[-18,-14],[-130,54],[-11,83],[30,70],[65,59],[83,35],[32,48],[44,6],[59,-35],[20,15],[-51,137],[-33,6],[-21,-37],[-68,-21],[-101,27],[-75,-36],[-53,20],[-14,41],[13,39],[55,30],[36,35],[20,69],[39,94],[-56,60],[20,54],[61,23],[5,19],[-83,25],[-16,23],[49,43],[19,42],[-30,36],[-87,-25],[-37,2],[-25,28],[14,34],[95,70],[-12,52],[-74,13],[-12,54],[54,54],[-64,16],[3,58],[106,60],[53,58],[55,2],[59,-36],[21,17],[-45,48],[-12,50],[8,51],[-30,54],[7,21],[115,33],[14,23],[-25,34],[-66,-3],[-64,-27],[-43,28],[8,23],[70,36],[46,6],[78,-24],[63,-44],[75,-1],[34,42],[-69,63],[-26,103],[23,42],[41,15],[87,-16],[26,27],[-12,52],[-61,44],[-86,9],[-71,38],[-78,-9],[-53,31],[-23,32],[-49,-2],[-63,-24],[-40,-33],[-63,-16],[-54,-50],[-62,-19],[-136,-17],[-89,8],[-72,23],[-45,67],[-61,30],[-113,-3],[-70,19],[-49,49],[-51,10],[-25,-27],[-52,-15],[-43,8],[-42,63],[5,73],[90,117],[76,7],[41,-13],[36,29],[-98,42],[-71,70],[-26,-7],[-90,-79],[-70,-5],[-23,33],[-18,67],[-34,3],[-142,-117],[-94,-34],[-137,-8],[-35,11],[-53,63],[7,70],[129,52],[59,43],[27,38],[-1,45],[-51,81],[10,40],[55,90],[-45,73],[-58,42],[-104,12],[-21,42],[43,67],[60,4],[44,32],[20,106],[-13,70],[-49,65],[-46,21],[-14,42],[62,60],[41,18],[9,52],[-11,45],[-38,30],[-62,-1],[-54,-25],[-36,24],[-14,95],[-18,31],[-19,108],[-66,97],[-52,11],[-133,-38],[-105,3],[-121,45],[-78,57],[-33,-17],[-11,-60],[-57,-37],[-102,9],[-32,12],[-34,83],[44,50],[-20,20],[-49,-17],[-30,11],[38,121],[56,76],[-6,53],[-88,7],[-152,40],[-65,-40],[-33,-82],[-33,-27],[-83,-2],[-92,45],[-60,2],[-23,-41],[40,-164],[-10,-22],[-150,-24],[-76,-17],[-40,31],[-104,39],[-94,-23],[-52,9],[-19,104],[-35,90],[-45,37],[-66,9],[-41,23],[-18,71],[37,49],[95,28],[32,48],[-2,43],[-39,51],[-144,57],[-180,11],[-177,-56],[-65,19],[-30,26],[-16,68],[12,35],[57,87],[106,68],[11,27],[-66,62],[-32,-5],[-48,-51],[-85,-38],[-54,3],[-81,30],[-31,-32],[31,-30],[-3,-60],[24,-50],[92,-42],[11,-35],[-45,-26],[-101,0],[-41,23],[-70,18],[-74,42],[-31,4],[-54,-35],[-24,11],[-62,82],[-41,22],[-113,-14],[-39,-27],[-31,-56],[-10,-71],[44,-94],[-8,-35],[-56,-22],[-44,2],[-99,67],[-48,46],[-81,108],[-55,-1],[-42,-31],[-22,-92],[13,-53],[-21,-47],[-39,-15],[-66,10],[-55,40],[4,25],[51,69],[-1,29],[-40,35],[-56,102],[-99,-16],[-104,26],[-45,29],[-61,-2],[-91,-36],[-92,-5],[-7,-33],[47,-51],[-5,-65],[-103,-67],[-32,-73],[-28,-5],[-24,52],[-52,47],[-41,15],[-65,0],[-80,-37],[-60,23],[15,33],[-26,35],[-39,-24],[-38,-63],[-34,-20],[-44,18],[-85,13],[-97,33],[-143,85],[-108,11],[-59,57],[-46,12],[-72,-12],[-51,19],[-29,32],[-42,-4],[-45,-55],[-56,-3],[-24,30],[12,52],[49,80],[-10,29],[-44,-4],[-118,-71],[-48,-46],[-77,-10],[-58,48],[19,58],[108,54],[-1,28],[-41,14],[-90,-78],[-91,-6],[-93,80],[-38,50],[-54,28],[-55,-7],[-20,-20],[1,-64],[52,-62],[1,-38],[-63,-59],[-24,-35],[-84,-28],[-50,25],[-22,44],[-14,144],[-30,29],[-45,9],[-163,-48],[-44,-35],[-51,-4],[-108,15],[-39,-17],[-129,-102],[-147,-87],[-60,-17],[-189,-27],[-44,-30],[-22,-66],[-1,-47],[28,-114],[-32,-52],[-59,-25],[-53,12],[-46,27],[-17,39],[-61,2],[93,-85],[31,-55],[-13,-56],[-55,-26],[-56,6],[-60,82],[-43,15],[-39,-17],[-36,-41],[-45,-17],[-114,55],[-42,-32],[12,-31],[54,-30],[47,5],[51,26],[47,-9],[48,-81],[12,-42],[-17,-43],[-125,-51],[-44,-33],[6,-64],[53,-28],[92,5],[55,-33],[8,-46],[-25,-33],[-42,-21],[-79,9],[-66,61],[-24,-20],[0,-95],[-19,-29],[-55,-12],[-76,30],[-51,6],[-69,54],[-94,13],[-37,-17],[-28,-71],[-80,-37],[-66,-2],[-39,35],[-38,54],[-38,28],[-69,-20],[-5,-37],[68,-99],[7,-42],[-46,-60],[-56,-19],[-147,-12],[-66,-34],[-79,21],[-16,31],[30,50],[60,3],[69,25],[13,43],[-53,64],[-86,47],[-18,59],[52,56],[83,22],[24,42],[-105,41],[-70,93],[-51,128],[-29,40],[-66,41],[-64,6],[-53,-35],[3,-59],[-43,-28],[-49,9],[-82,43],[-36,-4],[-1,-38],[-43,-36],[-62,-2],[-130,56],[-53,-24],[9,-44],[-17,-22],[-52,7],[-29,28],[-78,37],[-52,59],[5,78],[31,68],[-47,20],[-93,-32],[-74,-36],[-90,8],[-49,36],[-30,66],[25,76],[32,50],[-16,51],[-57,22],[-58,-22],[-124,-80],[-62,13],[-15,85],[-31,54],[-37,17],[-120,27],[-26,-10],[33,-78],[-22,-14],[-55,48],[-21,35],[-18,95],[-23,31],[-50,10],[-112,-16],[-29,-42],[8,-72],[-15,-48],[-56,-43],[-110,-34],[-27,-19],[-8,-53],[-36,-33],[-42,-8],[-30,18],[-1,57],[43,51],[-22,45],[-35,3],[-56,-23],[-45,13],[-12,33],[64,98],[2,36],[-45,24],[-169,-30],[-57,36],[5,55],[-207,48],[-42,55],[-60,12],[-88,78],[-40,56],[-23,62],[-40,54],[-75,18],[-60,-36],[-15,-68],[-30,-33],[-55,2],[-24,61],[10,34],[46,49],[19,52],[-30,46],[-7,69],[-25,31],[-52,-7],[-21,-37],[-4,-66],[-66,-40],[-74,3],[-47,45],[-13,31],[13,61],[-40,10],[-33,-40],[-47,1],[-10,29],[-76,16],[-70,-56],[-14,-61],[-34,-38],[-70,-15],[-9,-53],[-59,-10],[14,-27],[53,-27],[20,-36],[-24,-59],[-111,-17],[-66,31],[-21,60],[-32,32],[-9,48],[10,60],[-41,8],[-61,-112],[-56,-25],[-87,-2],[-50,34],[-5,48],[8,107],[-31,23],[-67,-23],[-31,29],[126,41],[-27,78],[28,41],[-98,-8],[-30,-36],[-2,-60],[-51,-1],[-34,27],[10,37],[-137,-70],[-98,-16],[-170,47],[-35,24],[-41,97],[-57,25],[-59,-14],[-79,-63],[7,-42],[85,-5],[19,-14],[29,-98],[-13,-64],[-62,-44],[-54,1],[-36,18],[-33,54],[34,59],[6,36],[-25,27],[-52,-2],[-43,-25],[-41,-1],[-63,43],[-24,54],[-12,71],[-51,-48],[-120,-37],[-74,-57],[-47,-2],[-44,27],[-21,91],[9,45],[45,57],[-29,71],[-60,40],[-51,4],[-26,-68],[19,-53],[-7,-26],[-87,-32],[-25,-45],[44,-36],[-12,-46],[-36,-1],[-50,31],[-19,43],[0,71],[-41,29],[-80,21],[-24,28],[-58,25],[-14,36],[26,73],[-11,39],[27,38],[79,5],[-105,53]],[[373710,126528],[-1,1224],[-2,191],[1,773],[-2,283],[0,1998],[-1,1070],[0,877],[-2,1110],[1,88],[-3,1407],[-2,1326],[-3,1982],[0,170],[-4,968],[-2,714],[-3,1201],[-2,1515],[-1,3340],[1,1596],[1,1648],[0,1788]],[[373686,151797],[0,29]],[[373686,151826],[0,1145],[0,483],[2,279],[0,1343],[-2,1891],[-2,1200],[-3,3098],[-2,2002],[0,1396],[0,595],[-4,248],[4,757],[0,639],[1,997],[0,1133],[0,646],[-2,3024],[3,162],[-3,343],[0,683],[-1,1277],[-1,1326],[-1,1737],[-3,473],[-1,4787],[-2,2273],[0,378],[26,978],[-27,498],[-3,1625],[-4,2678]],[[373661,191920],[2671,1],[428,-1],[1887,1],[722,-1],[1367,0],[82,2],[4290,-2],[830,0],[1292,1],[1201,0],[964,-1],[1108,1],[1042,-1],[1643,0],[1810,1],[1396,-1],[4179,1],[2058,0],[1525,0],[1151,0],[993,0],[1140,0],[890,0],[1143,0],[1057,0],[1307,0],[1729,0],[432,-2],[2207,1],[470,-2],[246,2],[1093,0],[1017,1],[956,-1],[1305,1],[1543,0],[1409,-1],[984,0],[1782,0],[2161,1],[3229,0],[756,0],[2621,0],[1089,-1],[1330,1],[840,0],[1339,-1],[737,6],[4094,-1],[2045,-1],[720,-1],[2164,-1],[2651,-2],[748,1],[1941,0],[1147,0],[4876,0],[1822,0],[476,0],[1737,-1],[568,1],[740,0],[1127,0],[3663,0],[4724,0],[1043,0],[838,0],[1340,0],[76,43],[102,144],[9,58],[37,15],[23,36],[68,8],[25,-12],[89,59],[35,6],[51,-16],[90,58],[23,38],[-8,49],[18,20],[68,-2],[41,37],[33,9],[43,-33],[16,28],[90,35],[45,-33],[59,90],[-8,57],[97,84],[40,97],[-32,10],[5,60],[53,25],[-6,50],[18,47],[34,-8],[58,77],[46,19],[0,34],[-34,95],[53,67],[-26,24],[72,77],[-51,16],[-55,-9],[4,50],[44,45],[64,24],[37,61],[42,14],[54,137],[37,37],[46,7],[-4,110],[16,50],[-10,32],[76,11],[13,55],[52,20],[24,36],[94,-1],[34,14],[32,-57],[61,53],[126,51],[32,-43],[97,-19],[-8,25],[109,53],[38,5],[4,33],[42,19],[14,38],[-13,71],[-44,43],[8,65],[35,4],[48,-33],[67,22],[130,-35],[1,44],[109,-14],[53,48],[47,24],[39,0],[2,45],[53,28],[0,31],[42,4],[-33,45],[27,46],[0,64],[49,8],[30,21],[-47,42],[1,23],[69,23],[10,30],[94,5],[65,52],[48,-20],[48,59],[78,3],[30,-28],[77,71],[15,67],[39,-6],[-20,54],[32,24],[57,-12],[58,68],[38,26],[38,57],[39,-16],[87,9],[11,29],[72,23],[14,-60],[36,-39],[37,-4],[38,40],[-1,86],[38,1],[65,27],[42,-22],[-3,68],[107,119],[41,92],[40,22],[81,10],[38,-29],[107,-8],[24,23],[47,-13],[4,39],[114,12],[7,39],[44,29],[-37,36],[16,20],[76,-5],[44,34],[93,-14],[-7,25],[32,50],[37,-22],[29,59],[76,49],[48,-23],[17,-53],[39,-26],[15,43],[72,-10],[34,-39],[21,31],[100,-16],[12,-49],[74,46],[36,78],[-12,38],[12,74],[36,-2],[32,32],[75,-9],[16,31],[80,77],[-19,49],[65,9],[25,30],[-14,31],[16,41],[-8,44],[30,18],[94,6],[0,36],[57,53],[-8,55],[36,42],[-49,42],[9,55],[67,19],[51,46],[54,28],[-47,69],[7,47],[59,36],[3,35],[43,19],[42,-2],[41,78],[-19,47],[44,-6],[82,58],[45,-29],[36,20],[93,-21],[28,38],[52,16],[22,46],[-16,35],[47,12],[67,-26],[75,76],[103,5],[-10,45],[97,-29],[30,15],[37,-48],[130,3],[62,67],[32,-30],[45,25],[126,-9],[38,-17],[84,-9],[39,-15],[69,60],[82,34],[55,-5],[21,-26],[41,20],[50,-5],[45,-23],[48,18],[35,-36],[57,-13],[52,-34],[16,-27],[-31,-38],[18,-47],[53,24],[43,-19],[-12,-46],[35,-81],[32,-32],[113,14],[16,34],[70,34],[37,-34],[29,14],[103,-57],[29,16],[80,-77],[-9,-41],[16,-37],[66,-46],[32,6],[98,46],[48,-49],[-11,-49],[80,-47],[40,-37],[-22,-109],[202,8],[21,27],[34,-35],[45,-2],[37,17],[82,-38],[38,34],[-30,65],[38,50],[-41,44],[18,32],[59,43],[54,-22],[54,6],[55,67],[47,-1],[67,-24],[-26,-60],[55,10],[24,-15],[67,1],[38,38],[28,-59],[28,70],[56,6],[71,31],[14,-33],[104,-28],[38,34],[56,1],[12,33],[88,-15],[68,-28],[38,12],[57,-5],[83,18],[32,28],[59,11],[78,-2],[30,16],[36,-28],[43,-59],[48,24],[17,32],[46,-3],[48,64],[52,9],[68,-4],[51,-43],[25,-48],[67,26],[20,42],[37,11],[56,-16],[51,9],[42,29],[36,-59],[69,49],[66,-83],[53,-33],[117,-4],[-49,-32],[34,-47],[50,38],[30,-40],[97,-10],[1,60],[76,33],[4,32],[41,-2],[68,28],[56,-29],[46,19],[65,-41],[41,-8],[15,29],[42,-8],[-1,-47],[50,-39],[24,49],[84,17],[-15,22],[26,33],[37,-15],[56,26],[5,-31],[60,-27],[-8,43],[58,6],[21,-16],[59,23],[70,-45],[25,36],[79,68],[50,26],[57,7],[28,90],[48,19],[106,60],[23,-46],[67,102],[64,38],[39,-31],[56,20],[12,25],[56,-14],[21,-49],[82,6],[25,-23],[85,35],[-16,-47],[57,-34],[26,47],[44,-6],[42,37],[-7,30],[29,29],[114,9],[71,15],[-9,-46],[86,-54],[26,81],[46,-30],[39,-5],[10,41],[63,-13],[10,51],[-35,71],[12,65],[70,11],[51,-31],[62,-1],[4,-27],[66,-31],[12,28],[52,23],[-39,36],[56,26],[55,-7],[4,32],[81,-37],[43,-2],[73,35],[67,2],[37,34],[55,-9],[0,74],[77,20],[-23,-63],[121,14],[28,-16],[36,55],[47,5],[2,-108],[27,-8],[33,28],[34,-15],[58,37],[37,-32],[-60,-58],[25,-26],[69,-2],[1,-98],[41,33],[8,41],[60,-11],[30,10],[58,-24],[23,-46],[58,-2],[63,-20],[19,17],[-19,58],[31,19],[56,-16],[15,19],[83,-26],[38,14],[20,51],[39,35],[-61,33],[43,35],[63,-50],[18,32],[-39,13],[10,32],[106,-9],[67,29],[26,45],[51,35],[98,16],[60,48],[73,24],[71,-36],[67,-7],[60,56],[34,15],[49,-9],[52,-43],[8,-50],[36,-45],[114,-27],[49,-60],[93,-18],[27,-38],[10,-75],[26,-41],[68,-48],[163,-37],[130,-15],[-29,-84],[41,-68],[52,-27],[91,5],[9,-22],[-14,-56],[30,-29],[60,-18],[-36,-69],[-42,-38],[75,-52],[-8,-38],[16,-85],[79,-23],[19,-36],[36,-24],[80,24],[22,-37],[-27,-32],[29,-44],[58,7],[78,65],[58,10],[43,-53],[41,-29],[49,4],[48,-22],[-5,-66],[9,-49],[-28,-75],[27,-16],[62,11],[127,-24],[90,-119],[54,-33],[56,-18],[117,-4],[54,8],[3,-45],[58,8],[141,101],[109,-50],[34,52],[37,31],[81,-26],[90,1],[40,-16],[158,-16],[41,10],[43,74],[43,13],[104,-18],[75,-21],[18,-51],[-37,-18],[-52,8],[-87,-45],[31,-55],[92,-30],[86,12],[32,-6],[87,18],[23,28],[6,59],[-61,65],[14,28],[50,40],[35,-5],[68,-103],[78,1],[37,31],[72,16],[43,24],[67,-1],[50,-35],[82,-27],[102,-61],[-6,-68],[67,2],[80,-13],[84,-25],[40,64],[79,-7],[4,-37],[77,-60],[42,72],[84,85],[62,18],[101,46],[72,17],[134,59],[44,45],[39,-16],[-2,-36],[50,-85],[28,-6],[47,35],[31,6],[26,33],[55,31],[109,-19],[90,36],[5,70],[26,28],[50,9],[98,36],[47,31],[9,40],[48,18],[99,1],[111,-8],[79,16],[51,-23],[33,-51],[108,20],[29,-10],[72,-75],[94,3],[29,-16],[161,-126],[56,17],[68,3],[57,-28],[67,-19],[75,-8],[-3,-31],[-33,-35],[40,-55],[122,0],[90,-32],[49,-37],[107,-8],[30,-14],[37,-49],[8,-36],[84,-60],[65,-34],[60,28],[49,-48],[7,-47],[57,-5],[47,58],[54,-30],[9,-58],[48,2],[30,19],[26,64],[79,23],[70,1],[52,-27],[36,-69],[70,-56],[48,-20],[66,18],[82,-87],[7,-86],[18,-92],[-4,-49],[70,-33],[2,-65],[54,21],[44,2],[42,-74],[81,-27],[44,20],[105,-11],[29,38],[34,16],[134,-10],[23,-31],[81,-11],[76,-32],[55,1],[71,-21],[91,-14],[40,-60],[35,-12],[103,-76],[40,-49],[21,-73],[16,-98],[-16,-27],[-102,-1],[-10,-31],[45,-28],[23,-36],[19,-115],[-23,-72],[12,-11],[94,-1],[123,-71],[5,-56],[-12,-62],[4,-105],[-51,-31],[-6,-117],[56,-41],[17,-47],[-46,-34],[15,-32],[51,-14],[19,-55],[64,16],[35,-20],[-11,-47],[45,-5],[63,43],[103,18],[58,52],[61,28],[61,43],[63,11],[66,-18],[75,-35],[63,25],[22,-11],[6,-86],[57,11],[110,-103],[68,2],[51,-15],[63,-83],[51,-33],[64,-14],[78,10],[70,-44],[59,-13],[93,-2],[53,-82],[119,-108],[154,16],[191,-72],[80,-95],[25,-119],[67,-21],[66,-37],[148,-42],[35,16],[28,37],[34,-21],[34,-58],[23,-75],[-1,-44],[38,-57],[36,-22],[118,-46],[42,-35],[86,-14],[43,-45],[62,-12],[34,-27],[34,-69],[56,-68],[5,-54],[-26,-90],[-29,-45],[-68,-74],[-13,-39],[54,-27],[38,-40],[45,-27],[-23,-43],[-53,-15],[4,-88],[32,-84],[60,-90],[-14,-156],[-16,-32],[-100,-65],[-34,-55],[-4,-30],[47,-47],[34,-15],[80,-8],[45,-59],[-1,-71],[23,-29],[3,-42],[-58,-96],[3,-71],[-121,-180],[9,-44],[45,-103],[-22,-45],[8,-60],[36,-77],[56,-37],[62,-64],[110,-23],[63,-37],[21,-76],[148,-169],[3,-49],[-80,-73],[-14,-43],[30,-113],[8,-53],[41,-68],[69,-11],[152,-81],[77,-53],[49,-10],[76,4],[84,18],[64,32],[56,3],[195,-50],[146,4],[72,-17],[31,9],[76,67],[24,77],[40,55],[31,72],[33,49],[55,34],[55,15],[70,-4],[79,41],[31,64],[27,27],[221,148],[40,50],[48,87],[24,99],[40,128],[25,23],[145,75],[132,37],[30,27],[56,128],[56,56],[56,7],[37,35],[-2,46],[-77,48],[-67,68],[-2,37],[29,50],[15,74],[27,33],[-23,96],[10,80],[27,44],[-2,57],[19,45],[41,18],[16,44],[44,60],[58,53],[73,91],[70,16],[10,53],[25,43],[100,57],[47,42],[24,93],[49,73],[43,84],[0,76],[13,39],[49,8],[162,91],[74,49],[49,-31],[62,9],[26,-21],[45,34],[24,40],[81,97],[41,20],[159,39],[22,30],[92,20],[65,-34],[119,32],[68,-40],[30,-38],[42,39],[6,60],[101,68],[74,-7],[113,72],[76,73],[29,12],[112,-29],[35,47],[5,49],[68,59],[43,59],[0,29],[31,26],[60,-24],[37,4],[-2,53],[32,-3],[56,30],[23,85],[37,28],[-2,24],[63,6],[31,-53],[76,27],[48,62],[50,22],[65,-51],[31,-10],[-11,-64],[8,-32],[-25,-49],[27,-67],[36,-51],[6,-51],[52,-23],[-14,-50],[47,-70],[2,-24],[43,-87],[-43,-44],[47,-36],[53,-19],[48,6],[11,-35],[42,-33],[-8,-31],[58,-55],[50,-13],[48,-32],[40,-8],[-3,-67],[9,-53],[-31,-59],[-8,-50],[101,-53],[6,24],[71,46],[84,11],[52,52],[167,65],[50,-43],[-8,-24],[73,-13],[6,-43],[-38,-25],[16,-43],[51,-25],[77,-9],[28,-18],[89,46],[27,34],[26,87],[-7,25],[51,77],[-2,39],[-40,37],[-21,59],[16,14],[14,98],[-1,45],[36,94],[101,57],[61,17],[97,2],[79,-33],[43,-54],[97,-7],[80,33],[147,-51],[41,27],[158,-50],[77,-40],[45,-59],[-10,-54],[85,11],[66,40],[126,41],[73,10],[30,17],[96,12],[59,32],[67,-26],[92,29],[55,78],[65,31],[53,-13],[30,24],[214,144],[19,-40],[-11,-50],[13,-85],[39,-4],[76,31],[37,88],[51,49],[5,60],[91,17],[6,58],[30,37],[28,93],[41,33],[-15,51],[35,44],[69,29],[-30,79],[49,52],[-35,37],[-68,-38],[-30,2],[-48,-48],[-41,46],[-104,53],[45,77],[-18,81],[39,8],[42,82],[64,-10],[12,23],[59,31],[53,117],[-24,40],[13,42],[-13,76],[38,131],[-48,82],[67,74],[23,98],[-56,9],[14,156],[-29,49],[3,57],[63,49],[-1,78],[37,11],[52,75],[-19,80],[-39,19],[3,28],[136,67],[46,31],[12,27],[53,37],[120,43],[65,87],[-55,44],[-12,36],[-30,15],[-30,57],[-26,77],[46,74],[-22,51],[-44,25],[-31,-18],[-33,10],[-76,-29],[-62,79],[-45,38],[6,62],[-77,48],[-102,-22],[-94,11],[-52,20],[-89,-26],[-49,11],[0,50],[-52,93],[-56,50],[-3,132],[-28,50],[-35,32],[-14,38],[-70,83],[2,38],[37,80],[3,52],[-57,81],[-9,57],[38,57],[-1,21],[-48,38],[-9,67],[-23,67],[-30,35],[-46,20],[-50,54],[-115,15],[-38,58],[-54,10],[-44,44],[17,47],[-5,37],[-36,29],[-15,40],[25,69],[2,45],[-44,38],[12,75],[54,92],[-25,20],[-15,81],[37,45],[43,0],[158,108],[8,31],[64,27],[59,-3],[11,-47],[30,-53],[-23,-53],[35,-62],[14,-63],[55,1],[41,-28],[43,3],[15,-25],[68,7],[52,23],[111,12],[43,55],[-15,42],[52,30],[19,31],[37,3],[118,74],[95,99],[34,61],[76,27],[54,37],[56,-8],[101,74],[-4,73],[26,47],[6,91],[72,13],[71,-31],[70,31],[117,-17],[11,30],[41,7],[105,43],[75,-12],[84,22],[44,-7],[7,31],[83,86],[37,-1],[60,22],[91,128],[61,41],[57,16],[49,-1],[28,47],[110,22],[45,-23],[85,-5],[155,-47],[22,44],[30,14],[67,-31],[124,-25],[37,-73],[41,-32],[45,3],[44,-41],[60,57],[4,38],[48,62],[39,3],[17,27],[11,66],[45,37],[16,31],[35,15],[19,76],[53,21],[73,59],[46,14],[4,38],[43,45],[57,38],[72,88],[29,56],[126,-38],[31,4],[71,-19],[60,21],[7,94],[12,36],[42,43],[110,85],[25,-3],[42,50],[34,77],[34,6],[115,-53],[79,2],[75,-18],[48,20],[73,-18],[158,67],[34,19],[117,-64],[87,-9],[81,13],[102,-39],[92,87],[37,78],[55,61],[16,49],[126,80],[99,104],[3,45],[-25,51],[-53,64],[-11,50],[2,94],[37,35],[-8,77],[23,47],[29,15],[98,-33],[60,21],[101,-18],[79,16],[37,-7],[-29,100],[35,69],[30,23],[8,35],[78,35],[73,102],[6,79],[20,45],[31,23],[110,29],[71,-13],[85,8],[42,39],[80,1],[117,23],[79,40],[105,-31],[14,-37],[68,-80],[98,-13],[101,-50],[-50,-83],[2,-95],[-49,-76],[0,-91],[-9,-95],[-46,-28],[-4,-31],[39,-38],[66,-40],[82,-21],[50,-51],[9,-38],[70,-34],[86,25],[17,-55],[161,-3],[45,-27],[30,-70],[59,-101],[52,49],[4,38],[29,38],[101,73],[15,42],[39,29],[4,58],[62,82],[-36,109],[-13,103],[30,95],[68,72],[75,52],[45,58],[22,-33],[21,-78],[0,-63],[42,-12],[39,-81],[-12,-48],[23,-55],[44,-62],[87,-41],[52,-63],[75,-23],[88,-1],[74,41],[92,-10],[56,-17],[82,-79],[3,-106],[76,-58],[94,18],[29,-73],[51,-26],[86,17],[128,-111],[58,31],[98,-47],[36,13],[91,-100],[94,-39],[52,-67],[94,-16],[44,-36],[94,14],[47,40],[7,31],[-45,34],[25,36],[168,53],[33,18],[89,-12],[69,-56],[81,-29],[131,3],[68,56],[-13,54],[15,33],[54,47],[73,46],[65,3],[16,91],[44,31],[20,55],[35,24],[40,-2],[49,-25],[43,14],[76,67],[15,45],[38,17],[41,-19],[43,16],[102,-23],[130,10],[61,35],[30,-32],[88,-38],[72,-59],[82,-79],[118,-14],[75,-44],[119,-23],[129,-83],[64,38],[44,10],[48,-15],[80,24],[98,4],[69,21],[28,-11],[104,9],[71,-32],[57,-44],[78,16],[94,-43],[93,4],[96,-26],[104,34],[56,3],[100,-16],[50,-24],[72,-14],[55,36],[38,9],[39,-33],[35,9],[28,-23],[52,5],[101,-20],[70,-48],[50,-53],[87,-29],[139,3],[126,-48],[112,2],[48,45],[56,144],[88,37],[82,142],[-48,44],[-26,42],[0,43],[43,25],[70,4],[34,66],[110,8],[-15,68],[12,20],[112,33],[24,24],[14,58],[150,-14],[41,52],[-41,45],[-1,59],[-62,63],[114,55],[70,14],[-5,79],[-37,110],[53,86],[-4,37],[37,45],[83,15],[88,-46],[81,-79],[69,-1],[20,29],[54,1],[80,-82],[70,-40],[182,-28],[23,28],[14,82],[47,64],[63,55],[76,-1],[63,28],[131,25],[65,64],[67,6],[45,49],[42,10],[95,-20],[49,17],[77,-7],[48,-51],[55,-18],[124,31],[29,-17],[70,8],[33,20],[80,-8],[12,-17],[8,-91],[37,-34],[68,-30],[88,28],[105,-6],[36,-13],[171,57],[36,32],[81,31],[59,42],[28,0],[60,29],[2,64],[70,98],[156,157],[97,27],[37,31],[33,82],[37,4],[92,67],[30,42],[76,57],[87,30],[71,12],[25,21],[87,16],[28,32],[-7,38],[84,99],[46,66],[53,7],[60,65],[60,-18],[60,17],[601,-237],[36,-21],[74,61],[28,42],[142,59]],[[540714,202787],[-8,-61],[-78,10],[24,-34],[-11,-29],[25,-103],[-13,-38],[-66,-21],[-57,39],[-100,-66],[-23,-35],[-100,-3],[13,30],[-146,-14],[10,-55],[-18,-26],[18,-57],[-34,-40],[-38,4],[1,45],[-53,14],[-53,-24],[-36,-34],[-20,-51],[42,-20],[-2,-42],[36,-28],[-24,-30],[-76,-6],[19,-49],[62,12],[52,-20],[13,-44],[81,7],[40,19],[54,1],[44,16],[-18,41],[-39,18],[-86,-18],[3,65],[52,51],[14,56],[9,95],[29,49],[81,1],[39,11],[111,9],[28,87],[59,-51],[2,-57],[28,-19],[83,-6],[55,31],[61,-86],[38,-113],[-51,-20],[-35,-32],[41,-74],[-51,3],[-10,-25],[28,-31],[-17,-36],[-89,-14],[-48,-54],[35,-50],[-30,-56],[-77,3],[-20,-22],[52,-51],[125,54],[52,39],[12,33],[-21,74],[48,49],[52,81],[21,54],[18,90],[-3,69],[-12,35],[-194,306],[16,52],[81,13],[33,-113],[35,-89],[50,-91],[86,-102],[-18,-12],[-28,-112],[-10,-88],[1,-179],[26,-123],[31,-85],[37,-59],[40,-38],[113,-49],[-5,-39],[-50,-154],[-71,-286],[-49,-248],[-16,-185],[20,-73],[43,-26],[-14,-159],[3,-86],[21,-69],[28,3],[21,-39],[-32,-23],[-47,-99],[-88,-296],[-31,-136],[1,-61],[-31,-90],[-65,-263],[-33,-205],[-16,-54],[-13,-99],[-23,-282],[-4,-174],[15,-369],[21,-96],[37,-40],[2,-77],[19,-142],[28,-133],[69,-233],[62,-153],[51,-89],[100,-146],[108,-141],[86,-88],[53,-44],[113,-66],[123,-40],[67,3],[49,41],[18,35],[52,-6],[48,31],[33,-21],[-22,-64],[-31,-26],[-62,-87],[-72,-145],[-61,-145],[-30,-86],[-40,-151],[-15,-93],[1,-54],[28,-55],[44,-9],[-27,-58],[13,-65],[-27,-34],[36,-39],[-43,-45],[-50,-78],[-87,-199],[-109,-325],[-14,-57],[-14,-125],[-4,-113],[22,-94],[62,-51],[44,-18],[29,-40],[-2,-42],[-26,-40],[3,-66],[43,-22],[-5,-116],[-25,-32],[-11,-59],[6,-39],[28,-23],[-55,-66],[-60,-96],[6,-36],[-65,-81],[0,-25],[-58,-102],[-71,30],[-43,46],[-48,5],[12,34],[-13,101],[-38,38],[-12,75],[-26,15],[8,61],[-16,20],[-66,-44],[-29,-47],[69,9],[28,-51],[-16,-81],[6,-81],[36,-45],[44,-27],[-56,-36],[-71,-20],[-44,2],[-71,40],[-129,35],[-79,4],[-128,-34],[-82,-35],[33,-62],[99,13],[84,-20],[51,18],[66,-20],[42,4],[106,-62],[90,-29],[28,3],[36,88],[32,4],[46,33],[36,1],[33,-26],[-75,-54],[-123,-114],[-133,-131],[-56,-65],[-123,-120],[-245,-275],[-106,-112],[-119,-138],[-98,-123],[-73,-77],[-230,-295],[-114,-159],[-125,-181],[-161,-294],[-98,-217],[-68,-170],[-37,-118],[-33,-128],[-18,-145],[11,-103],[14,-40],[123,-57],[60,3],[29,-44],[-3,-62],[-25,-65],[7,-66],[66,-89],[-75,-120],[-120,-115],[-110,-84],[-163,-155],[-78,-96],[-64,-89],[-95,-116],[-120,-176],[-57,-135],[-193,-235],[-191,-290],[-10,-35],[-39,-54],[-55,-103],[-66,-151],[-42,-139],[-29,-160],[-6,-80],[9,-158],[36,-131],[21,-44],[81,-120],[35,-32],[56,-26],[66,4],[25,-36],[46,-33],[81,0],[18,-31],[-20,-53],[-36,-12],[-23,-77],[38,-43],[-58,-100],[9,-58],[65,-30],[-21,-44],[-34,-3],[-43,-83],[-29,-99],[-16,-108],[35,-25],[81,-24],[-5,-42],[-91,5],[-10,-37],[16,-61],[40,-34],[55,8],[1,-38],[-38,1],[-43,-53],[-44,-85],[-62,-191],[11,-75],[32,-10],[-18,-52],[55,-25],[40,-53],[-51,-48],[-64,-132],[42,-56],[12,-61],[-39,-65],[9,-64],[-40,-57],[15,-61],[31,-28],[-16,-37],[-49,-14],[-69,-90],[-50,-105],[-8,-71],[-77,-117],[-29,-58],[-16,-124],[-45,-97],[-22,-79],[-10,-85],[7,-67],[32,-79],[27,-30],[61,-36],[3,-30],[-70,-50],[-81,-127],[-42,-92],[-53,-145],[-31,-176],[10,-130],[21,-39],[43,-32],[64,-1],[40,-19],[-48,-73],[2,-63],[-49,-22],[-81,-78],[-55,-64],[-96,-154],[-56,-78],[-122,-278],[-35,-159],[-18,-57],[12,-67],[23,-8],[19,-56],[5,-73],[89,-93],[-6,-42],[-100,-71],[-47,-69],[-48,-107],[-10,-92],[20,-25],[11,-83],[20,-23],[25,-95],[19,-30],[-57,-19],[-8,-42],[-60,-16],[-34,-37],[-63,-101],[-104,-214],[-31,-94],[-13,-130],[0,-87],[12,-49],[56,-87],[38,-31],[-6,-51],[-25,-62],[-13,-124],[19,-46],[-13,-33],[-91,-79],[-49,-69],[23,-60],[-16,-65],[-48,-28],[-5,-48],[36,-32],[-23,-29],[-65,-26],[-59,-71],[-66,-104],[-85,-96],[-63,-84],[15,-30],[-34,-22],[-54,-82],[-88,-115],[-67,-106],[-59,-117],[-64,-92],[1,-24],[-47,-45],[-78,-138],[-24,-90],[-2,-85],[17,-50],[53,-42],[24,-40],[6,-54],[62,-24],[-43,-20],[-18,-43],[2,-64],[-14,-70],[-21,-37],[-3,-50],[15,-54],[-29,-54],[4,-78],[20,-42],[140,-10],[25,-14],[-16,-48],[-47,5],[-28,-47],[-33,-99],[8,-67],[-52,-67],[-20,-84],[24,-75],[-13,-49],[20,-68],[-16,-27],[-81,-66],[-63,-84],[-6,-86],[-51,-19],[-52,-38],[-92,-96],[-106,-138],[-63,-127],[-12,-99],[-89,-162],[-7,-85],[-115,-142],[-69,-135],[-25,-89],[28,-20],[-2,-46],[60,1],[-23,-51],[6,-57],[46,-8],[-27,-62],[-32,-2],[-22,-36],[-19,-81],[-5,-75],[20,-65],[28,-27],[-35,-43],[4,-45],[109,-20],[-6,-28],[-55,20],[-46,-9],[-114,-84],[-66,-58],[-79,-86],[-101,-132],[-50,-87],[-45,-96],[44,-9],[-68,-110],[-17,-63],[17,-109],[-38,2],[-82,-62],[-89,-99],[-67,-89],[-70,-110],[-61,-143],[-24,-113],[3,-31],[48,-70],[-107,-100],[-82,-93],[-145,-177],[-65,-87],[-63,-103],[-57,-112],[-46,-118],[-23,-83],[9,-53],[-31,-93],[-23,-162],[-24,-53],[-21,-90],[15,-120],[39,-58],[-32,-21],[-53,-60],[-74,-138],[-59,-205],[-2,-95],[26,-114],[-38,-68],[-20,-87],[0,-99],[26,-117],[15,-23],[50,-227],[31,-70],[-96,-33],[-155,-273],[-58,-134],[-56,-184],[-26,-138],[-16,-131],[-3,-185],[36,-126],[34,-34],[64,2],[3,-35],[39,-29],[2,-50],[-24,-37],[12,-30],[-32,-57],[-18,-166],[1,-145],[26,-92],[54,-6],[-23,-35],[-9,-98],[14,-223],[30,-182],[48,-155],[49,-124],[64,-109],[93,-111],[64,9],[81,-95],[40,-34],[96,-9],[97,-38],[50,-8],[81,4],[46,15],[47,35],[-15,95],[115,-38],[19,-24],[-13,-118],[18,-4],[64,-72],[19,-43],[-31,-33],[4,-76],[34,-3],[49,-52],[5,-31],[-31,-35],[1,-35],[45,-26],[-4,-41],[-58,-25],[-147,-152],[-63,-93],[-77,-74],[-82,-107],[-110,-200],[-78,-182],[-30,-89],[-28,-119],[-18,-148],[1,-160],[8,-70],[34,-106],[42,-69],[62,-60],[56,-31],[38,0],[27,27],[108,23],[-14,-95],[-68,-51],[-46,-60],[5,-43],[-41,-22],[18,-35],[-7,-41],[13,-45],[-94,-5],[-123,-108],[-70,-70],[-317,-349],[-43,-40],[-114,-137],[-110,-157],[-65,-114],[-101,-218],[-21,-85],[-2,-53],[33,-62],[57,7],[4,-76],[-58,-56],[-46,-9],[-100,-181],[-42,-100],[-33,-106],[-13,-80],[-5,-156],[17,-51],[36,-31],[43,9],[20,-98],[20,-33],[-41,-108],[-10,-73],[29,-56],[45,-18],[-57,-56],[-36,-94],[-10,-69],[-3,-101],[14,-52],[57,-50],[56,16],[-12,-88],[-192,-187],[-85,-105],[-194,-267],[-82,-130],[-125,-225],[-56,-136],[-35,-120],[-11,-101],[5,-103],[47,-55],[69,-48],[28,-43],[17,-108],[75,-68],[-17,-54],[17,-57],[50,-52],[-27,-82],[17,-40],[33,-18],[-3,-59],[-36,6],[-124,-88],[-20,-36],[-80,-56],[-27,-31],[-107,-84],[-78,-85],[-120,-106],[-87,-93],[-141,-133],[-166,-183],[-52,-66],[-99,-143],[-93,-161],[-55,-128],[-13,-91],[41,-60],[65,-65],[-10,-41],[-60,-23],[-41,-76],[-70,-179],[-8,-63],[8,-71],[48,-29],[-4,-36],[55,-37],[17,-32],[-25,-43],[-97,-29],[-161,-150],[-96,-102],[-130,-160],[-85,-140],[-71,-173],[-1,-105],[33,-47],[39,0],[32,-54],[49,-35],[-33,-110],[-47,-2],[-90,-86],[-137,-149],[-123,-125],[-97,-92],[-133,-156],[-136,-181],[-37,-60],[-73,-150],[-33,-96],[-13,-81],[8,-87],[38,-87],[84,-75],[123,43],[32,-26],[-13,-53],[-21,-13],[-66,13],[-192,-96],[-155,-92],[-224,-158],[-43,-55],[-133,-24],[-74,-77],[-252,-164],[-290,-218],[-116,-96],[-148,-134],[-88,-87],[-61,-72],[-65,-57],[-65,-107],[-37,-47],[-41,-80],[-55,-70],[-90,-69],[-122,-130],[-67,-99],[1,-34],[-76,-76],[-23,-61],[13,-40],[-65,-36],[-91,-83],[-70,-89],[-76,-137],[-27,-85],[0,-73],[28,-53],[27,-21],[30,-54],[-43,-56],[-20,-54],[19,-51],[36,-2],[5,-35],[-47,-58],[-10,-34],[-88,-40],[-69,-60],[-120,-133],[-82,-132],[-52,-112],[-48,-136],[-30,-120],[-18,-118],[-4,-126],[12,-121],[34,-96],[36,-24],[33,-59],[161,-27],[56,2],[80,-32],[3,-68],[19,-79],[74,-53],[0,-46],[62,-28],[67,-8],[18,-19],[81,-14],[6,-32],[77,-22],[54,-58],[-50,-41],[-26,-49],[27,-21],[-20,-32],[13,-29],[-112,-57],[-100,-92],[-106,-130],[-107,-162],[-106,-226],[-41,-187],[-10,-153],[7,-73],[72,-44],[11,-62],[37,-23],[61,-102],[32,-12],[107,28],[55,-80],[-49,-15],[-40,-30],[-42,-65],[-21,-82],[-76,-84],[8,-31],[-38,-120],[-21,-39],[25,-22],[-6,-71],[-62,-47],[-80,-127],[-41,-116],[14,-28],[-31,-43],[-11,-62],[23,-38],[-19,-36],[24,-123],[21,-50],[42,-34],[42,0],[41,-39],[70,-6],[40,16],[25,-53],[7,-70],[-55,6],[-164,-42],[-52,-30],[-21,-54],[-41,3],[-95,-33],[-87,-18],[-24,-21],[-57,7],[-162,-37],[-212,-61],[-287,-94],[-209,-81],[-213,-89],[-52,-29],[-40,-40],[-148,-53],[-224,-93],[-195,-95],[-39,-27],[-199,-116],[-145,-97],[-155,-123],[-157,-149],[-136,-164],[-57,-117],[-90,-205],[-47,-87],[-59,-48],[-123,-25],[-41,-16],[-27,-40],[-46,3],[-162,-52],[-120,-46],[-165,-84],[-97,-61],[-130,-93],[-76,-70],[-91,-97],[-97,-120],[-47,-89],[-32,-86],[-22,-84],[-11,-86],[1,-85],[16,-70],[52,-78],[75,-13],[64,17],[76,-13],[-33,-85],[-29,15],[-90,-23],[-77,34],[-8,63],[-68,51],[-11,56],[-75,80],[-67,22],[-69,-4],[-135,-45],[-51,33],[-98,8],[-61,-5],[-44,-70],[-98,1],[-40,34],[-12,72],[13,15],[105,39],[9,47],[-100,18],[-28,19],[-27,59],[-59,-5],[-57,-69],[-43,-85],[23,-54],[-9,-44],[-92,6],[-42,-16],[-74,-49],[-109,27],[-50,-7],[-35,-37],[-43,-14],[-65,10],[-97,-30],[-96,19],[-13,45],[63,-11],[3,42],[-26,24],[-41,-24],[-62,-5],[-26,45],[-44,30],[47,44],[74,22],[24,32],[0,43],[-37,25],[44,27],[-20,66],[32,25],[4,34],[-28,32],[-78,4],[-90,-54],[-10,-36],[-55,-54],[2,-50],[37,-136],[-23,-44],[-44,-12],[-26,31],[-61,-1],[-24,39],[26,37],[-93,80],[-41,-46],[-119,12],[-30,-17],[-46,20],[-116,-33],[-116,41],[-73,70],[-43,-45],[-32,32],[-66,18],[-56,30],[-37,65],[-20,-8],[-37,-95],[24,-58],[-55,-54],[-125,-67],[-16,-80],[3,-69],[51,-70],[37,-14],[57,19],[111,16],[50,-25],[39,-55],[-9,-119],[-57,-7],[-34,-31],[-29,-76],[-24,27],[-56,-2],[-199,-31],[-68,-43],[-15,-56],[20,-100],[39,-47],[-79,5],[-10,-41],[44,-32],[52,8],[75,68],[42,-20],[45,3],[52,40],[74,3],[54,46],[63,-13],[32,23],[80,11],[34,25],[29,57],[50,-32],[9,-42],[29,-21],[170,6],[57,75],[49,-10],[52,18],[64,-29],[75,-19],[50,-38],[79,-26],[44,22],[44,-18],[87,19],[14,114],[51,9],[-22,-61],[55,-41],[-12,-35],[16,-104],[94,6],[40,57],[-11,62],[-49,13],[-18,101],[-47,73],[-52,27],[44,43],[-5,70],[41,31],[18,-73],[37,-33],[28,7],[53,-148],[29,-28],[46,-1],[36,-58],[94,-43],[118,1],[25,13],[34,53],[-42,45],[28,31],[58,-11],[66,23],[57,-17],[171,-33],[92,22],[137,21],[99,45],[37,-4],[26,45],[35,8],[43,-62],[93,-65],[96,-2],[55,36],[-9,33],[40,40],[42,-19],[-7,-55],[-35,-26],[-36,-146],[9,-95],[39,-46],[-103,12],[-85,-31],[-20,-28],[6,-44],[46,-25],[-27,-30],[29,-26],[-44,-40],[-11,-44],[-37,-17],[-76,31],[-53,-71],[-137,-6],[-60,15],[-127,-28],[-23,29],[-79,-28],[-94,-63],[-38,-54],[5,-59],[51,1],[29,-78],[-43,-12],[-63,-75],[-93,28],[-60,31],[-149,-37],[-78,35],[-53,7],[-34,-21],[-28,43],[-54,30],[-159,-10],[-111,-13],[-54,-16],[-339,-66],[-220,-55],[-400,-115],[-345,-108],[-347,-121],[-341,-131],[-241,-100],[-387,-178],[-221,-117],[-199,-114],[-143,-90],[-116,-87],[-107,-109],[-59,-110],[-11,-83],[40,-88],[-6,-34],[-73,-36],[-69,29],[-32,86],[10,29],[81,102],[87,136],[40,97],[-66,-18],[-70,0],[5,-56],[-10,-51],[-80,-118],[-49,14],[-5,86],[17,64],[-167,49],[-128,69],[-106,50],[-141,-13],[-4,-26],[84,1],[72,-14],[253,-140],[50,-45],[27,-81],[18,-153],[-38,-52],[-1,-60],[-92,-17],[46,-33],[86,7],[123,-12],[63,2],[106,51],[-16,-39],[19,-26],[-80,-38],[-62,-41],[-6,-27],[-80,-52],[-66,-6],[-22,-36],[-48,-5],[-117,-73],[-19,-38],[-87,-60],[-43,-11],[-113,-87],[-1,-67],[-83,-54],[-61,-77],[27,-59],[-4,-36],[33,-35],[-12,-91],[17,-32],[-16,-34],[-22,-137],[-43,-47],[-48,5],[-189,-103],[-127,-80],[-122,-85],[-179,-141],[-88,-85],[-62,-76],[-64,-115],[-28,-110],[8,-58],[34,-59],[-172,19],[-82,-34],[-5,51],[23,17],[-20,201],[86,58],[-45,51],[-55,-6],[-10,23],[60,14],[63,-17],[39,19],[5,39],[31,24],[32,93],[10,74],[-54,58],[-54,18],[-98,-13],[-32,20],[-81,13],[-18,72],[-51,98],[1,61],[74,27],[73,44],[17,24],[-22,54],[-91,44],[-35,28],[53,21],[35,47],[75,43],[37,45],[-7,85],[-48,42],[-49,15],[-51,-34],[-29,-1],[-47,35],[-17,59],[-53,15],[-72,36],[-42,-10],[-50,-38],[-4,-27],[53,-60],[46,3],[1,-35],[38,-52],[-18,-48],[0,-50],[-39,-29],[-7,-94],[25,-121],[-87,-17],[-50,70],[33,21],[-16,46],[-41,18],[-64,3],[-17,-20],[-105,36],[10,24],[-55,26],[-20,-61],[-23,-16],[45,-78],[47,-33],[37,87],[56,-5],[-10,-35],[32,-60],[-52,-64],[53,-66],[65,-41],[41,-42],[-18,-24],[31,-40],[21,-63],[46,-35],[-4,-55],[74,-112],[-18,-30],[-51,-19],[-58,87],[-15,82],[-62,81],[-64,16],[-41,33],[-60,12],[-70,-47],[-42,21],[-61,-61],[164,-16],[41,-51],[60,-10],[-47,-53],[10,-52],[45,-53],[6,-104],[-63,34],[-9,26],[-77,64],[-37,-33],[-2,-37],[-29,-35],[73,-23],[-13,-49],[-81,-19],[-15,-23],[28,-47],[63,6],[58,31],[49,-14],[55,-41],[28,10],[43,-22],[81,7],[-9,-72],[51,-59],[-79,-16],[-25,49],[-69,44],[-46,17],[-23,31],[-132,9],[-28,-27],[-69,5],[-93,-17],[-8,56],[-49,39],[-74,29],[-35,39],[-84,16],[-87,-52],[27,-68],[-24,-23],[-63,-12],[-32,-32],[-58,-91],[-19,-46],[-59,-3],[-41,-60],[-96,-10],[-49,-19],[-69,-8],[40,-56],[-43,-49],[52,-46],[46,62],[34,-2],[2,-48],[21,-24],[53,-17],[48,19],[120,18],[26,24],[52,95],[45,43],[42,-19],[67,-9],[45,10],[7,-68],[17,-23],[63,-1],[-13,-130],[16,-22],[-16,-44],[10,-31],[-46,-9],[-69,42],[-85,9],[-10,-19],[48,-41],[-53,-12],[-45,27],[-27,41],[-36,10],[-58,-23],[17,-23],[10,-74],[44,4],[-6,-40],[-64,-13],[-50,17],[-49,-12],[-44,-48],[-31,84],[-49,-29],[-20,-109],[-82,-23],[23,-44],[89,-22],[25,40],[48,4],[21,-19],[-58,-87],[59,-62],[-20,-22],[25,-82],[50,6],[24,67],[18,13],[5,57],[67,63],[25,-28],[-6,-48],[34,-21],[-3,-70],[56,-14],[73,-33],[-4,-37],[58,-64],[39,-69],[93,-29],[18,54],[-35,94],[68,72],[6,44],[-36,38],[-86,40],[-132,40],[29,39],[21,59],[-13,28],[20,55],[128,-58],[20,20],[-13,37],[58,-8],[77,47],[26,51],[67,40],[10,35],[-32,87],[43,-5],[44,-33],[-5,-42],[21,-19],[-18,-45],[-64,-37],[16,-40],[75,-45],[-52,-66],[43,-22],[10,-30],[-44,-103],[48,-37],[45,-59],[-1,-50],[30,-6],[49,63],[-45,69],[15,64],[38,-21],[45,13],[-22,59],[18,30],[-29,44],[14,66],[51,21],[89,55],[17,33],[-35,63],[12,60],[33,39],[20,84],[1,52],[65,70],[42,-3],[32,38],[7,82],[13,25],[-11,62],[37,38],[32,78],[36,14],[23,-38],[-14,-89],[2,-63],[57,-38],[-40,-63],[10,-40],[51,-24],[77,-1],[23,61],[-56,21],[-12,-46],[-46,-6],[-9,27],[23,60],[56,-2],[79,-42],[60,-11],[39,48],[66,20],[-4,-43],[-53,-44],[-7,-39],[-76,-43],[-39,-35],[-32,-71],[-38,-46],[-12,-55],[27,-63],[-17,-26],[2,-77],[-57,-28],[26,-23],[-24,-31],[23,-31],[-21,-42],[-47,-48],[-13,-35],[-40,5],[-42,-46],[-35,-72],[5,-39],[61,-21],[23,-74],[-62,-17],[-3,-38],[43,-58],[-86,-62],[19,-65],[-6,-36],[-80,-6],[-17,-25],[18,-62],[-18,-44],[-76,-62],[-56,2],[-164,-111],[-116,-111],[-81,-59],[-89,-74],[-86,-91],[-55,-81],[-47,-87],[-16,-60],[10,-46],[-25,-69],[24,-74],[0,-43],[51,-58],[92,-58],[53,-5],[-95,-66],[-10,-43],[-67,-20],[-32,-28],[-2,-47],[-66,2],[-100,-42],[-173,-90],[-128,-83],[-72,-57],[-90,-87],[-107,-122],[-62,-90],[-14,52],[2,91],[21,38],[92,13],[29,59],[37,38],[36,101],[32,46],[17,68],[75,80],[82,72],[37,19],[80,74],[40,57],[4,34],[-44,66],[-67,48],[-111,50],[135,21],[43,31],[44,78],[86,86],[20,32],[43,-14],[-7,-77],[65,46],[39,55],[-2,41],[-33,6],[-69,42],[-85,37],[-73,0],[-11,-31],[-72,5],[-36,-48],[-52,37],[-40,67],[12,56],[-35,23],[4,66],[-103,11],[-145,-43],[-20,-23],[-2,-99],[49,-69],[73,-68],[-24,-74],[14,-77],[44,-88],[-10,-12],[-85,25],[-51,-9],[-4,-33],[-136,6],[-45,-22],[-34,-56],[-3,-103],[-26,-6],[-32,-62],[-109,-9],[-61,-19],[7,-44],[-33,-45],[2,-57],[-45,14],[-41,-19],[-13,-79],[-55,44],[-113,-7],[-73,-43],[-32,-53],[-39,-36],[54,-32],[21,-65],[29,-46],[78,-44],[41,-2],[99,-38],[-27,-22],[-112,36],[-37,0],[-115,-37],[-43,-54],[-19,-110],[22,-59],[47,-57],[115,-98],[133,-74],[82,-31],[77,10],[103,87],[34,40],[71,150],[0,61],[60,24],[56,-31],[16,-47],[54,-50],[-14,-32],[23,-68],[-61,-61],[5,-46],[-17,-32],[-67,-32],[-66,-56],[-27,-38],[-18,-59],[35,-36],[-64,-24],[40,-82],[5,-38],[-37,-25],[8,-48],[-88,-64],[-27,-54],[-100,-29],[-79,-71],[-8,-47],[-41,-14],[-63,-52],[-98,-102],[-43,-79],[-3,-70],[31,-54],[85,-2],[2,-44],[-47,-7],[-12,-27],[-70,-52],[-29,-6],[-63,-90],[-7,-41],[17,-29],[57,-21],[7,-63],[25,-27],[-12,-39],[55,-43],[-33,-74],[-73,-21],[-62,18],[-78,-44],[-33,-47],[-3,-36],[46,-28],[-7,-47],[-58,-26],[-25,-37],[-39,10],[29,-90],[-56,-76],[-27,-9],[-60,21],[-14,-33],[-37,-5],[-10,-40],[-42,0],[-82,24],[-30,39],[-45,3],[-56,-16],[-30,-75],[-34,-28],[-162,44],[-130,-45],[-6,-26],[-89,-30],[-59,-40],[-31,-50],[-48,4],[-1,53],[-70,28],[12,56],[34,22],[-15,68],[-29,53],[56,31],[43,-90],[47,-6],[42,63],[41,10],[36,-45],[65,25],[-25,32],[-29,77],[21,33],[-53,18],[-54,0],[5,44],[-60,10],[-36,-42],[50,-24],[21,-57],[-75,-22],[-105,32],[-33,-27],[-49,-94],[-102,-8],[-50,-14],[-86,-49],[-13,-57],[43,-12],[-82,-82],[-12,-44],[28,-21],[-18,-58],[19,-45],[-109,-33],[-77,10],[-140,38],[-81,-5],[-32,35],[-47,-2],[-34,-22],[-30,-48],[-3,-107],[-70,13],[-16,-41],[-52,-43],[-97,151],[-65,40],[69,99],[55,128],[-6,40],[-50,75],[-24,-9],[-151,16],[-7,38],[49,34],[-47,54],[28,45],[-32,59],[26,23],[90,12],[-23,35],[8,67],[120,49],[48,-3],[18,32],[51,40],[-40,14],[-46,-42],[-98,-13],[-23,-28],[-73,-29],[-22,-67],[-119,-59],[25,-75],[-20,-114],[-29,-83],[-30,34],[8,51],[-63,30],[-55,-24],[-88,23],[-25,-6],[-2,102],[-33,-4],[-18,60],[-61,1],[22,43],[-50,38],[9,38],[-35,60],[7,49],[94,94],[17,36],[61,-35],[36,96],[49,0],[65,-50],[28,28],[48,-10],[74,48],[27,54],[-11,49],[-28,32],[18,29],[-6,63],[52,57],[-44,2],[-52,-20],[14,-96],[-33,-42],[38,-39],[4,-58],[-43,6],[-21,-30],[-89,-9],[-12,28],[-97,-10],[-28,-33],[-106,-10],[4,-58],[-64,-52],[-33,-42],[-22,-78],[17,-43],[-2,-148],[-15,-27],[65,-46],[11,-84],[40,0],[16,-79],[-47,-104],[-46,45],[22,33],[-74,84],[-28,133],[-30,63],[-80,97],[-103,8],[-54,-20],[-29,-35],[-34,-83],[-7,-47],[-38,0],[-34,49],[9,101],[28,34],[3,81],[-37,76],[-81,-1],[-5,24],[74,133],[22,53],[56,57],[57,-18],[13,23],[-58,19],[-19,35],[-43,35],[-59,21],[-59,-8],[20,69],[72,47],[30,95],[21,28],[64,-1],[13,29],[47,10],[-30,46],[11,51],[-60,58],[-24,-87],[-34,-44],[-43,0],[-89,-147],[-60,5],[-31,-14],[2,-75],[32,-55],[-61,-18],[-28,-50],[2,-47],[-33,-28],[-41,5],[-103,63],[-91,27],[-107,-31],[-74,-76],[-43,-112],[-37,-19],[-109,22],[-31,38],[-26,64],[-26,100],[-15,105],[-64,108],[-36,27],[-37,-11],[-40,-43],[21,-106],[-13,-37],[42,-16],[28,43],[-30,80],[3,32],[45,-1],[0,-68],[46,-165],[17,-82],[68,-87],[101,-39],[64,-9],[46,18],[41,70],[56,32],[38,46],[57,19],[33,43],[48,-1],[33,-41],[87,-62],[48,-10],[92,27],[49,37],[43,61],[39,-27],[-42,-79],[-26,-5],[-34,-114],[-26,-25],[-43,-82],[-119,21],[19,-31],[95,-59],[50,10],[104,-24],[19,-19],[-33,-69],[-4,-57],[9,-81],[-12,-17],[28,-46],[-3,-49],[-63,32],[-21,-25],[-53,5],[-48,-16],[-31,70],[-33,12],[9,38],[-71,22],[-25,-9],[-20,-49],[-55,21],[-29,52],[34,49],[35,7],[20,37],[-73,5],[-126,-17],[-15,-43],[79,-27],[64,-101],[31,-30],[79,28],[10,-50],[-54,-63],[69,18],[50,47],[8,-61],[22,-19],[60,-4],[-23,-34],[-12,-92],[-39,-42],[-80,22],[-60,35],[-45,-43],[122,-34],[52,-29],[-58,-59],[89,-1],[26,34],[-5,36],[40,38],[53,-26],[-18,-148],[38,-68],[30,-21],[-47,-42],[-48,4],[-100,-35],[-78,-1],[-29,-55],[23,-19],[-9,-52],[-29,-42],[-71,-33],[-30,-34],[-48,8],[-4,-70],[39,-49],[50,-30],[-27,-36],[57,-10],[1,52],[-38,51],[-45,15],[57,67],[37,8],[82,53],[37,-35],[52,34],[-75,83],[5,53],[77,-15],[93,1],[45,46],[51,-40],[74,48],[-54,40],[64,34],[-76,34],[-28,28],[-12,59],[30,42],[62,-34],[42,7],[-72,65],[-11,51],[-43,31],[-42,11],[4,38],[81,40],[84,-9],[31,30],[14,46],[66,23],[40,37],[25,113],[40,-36],[49,-98],[-5,-21],[54,-23],[23,-77],[90,-68],[75,-16],[-9,-44],[18,-28],[-14,-40],[84,21],[110,11],[79,26],[74,-21],[34,18],[23,55],[-176,-34],[-160,-17],[-2,43],[198,1],[69,35],[80,22],[22,-16],[-53,-97],[47,-1],[6,-45],[-30,-18],[-15,-45],[-59,-15],[31,-32],[-27,-47],[-60,-23],[38,-66],[-18,-21],[-92,49],[-14,-68],[92,-13],[89,32],[-11,38],[45,30],[28,48],[45,-54],[113,-100],[15,-39],[36,-23],[-47,-40],[-17,-49],[-57,-12],[-62,-106],[-68,10],[-35,17],[-65,3],[-6,-35],[-129,45],[-113,13],[-30,-36],[122,-15],[68,-38],[-46,-53],[37,-13],[-2,-81],[-61,-32],[-30,19],[-35,-32],[-48,-14],[-69,-76],[-99,7],[-67,-32],[-13,-23],[-47,1],[-92,-26],[-11,-83],[-119,-131],[26,-77],[28,91],[55,36],[18,42],[37,18],[-4,69],[38,-7],[102,24],[21,37],[34,12],[112,-8],[119,89],[31,-1],[107,34],[41,49],[68,4],[-71,95],[12,22],[57,-34],[51,50],[15,-37],[43,-28],[31,20],[37,-8],[31,39],[28,-10],[66,60],[3,-78],[105,-25],[-33,72],[48,18],[58,-18],[-19,64],[-99,-6],[-19,66],[150,-18],[95,51],[58,-8],[1,49],[53,1],[65,37],[23,29],[3,58],[83,-3],[33,21],[82,-5],[133,-40],[36,-45],[-15,-59],[-31,-36],[-76,-31],[-7,-79],[-59,-81],[-54,-58],[56,-2],[79,39],[22,-49],[-34,-52],[18,-27],[-34,-25],[30,-82],[-55,-5],[-54,-25],[-38,13],[-115,-24],[70,-58],[-9,-27],[-90,-37],[-84,-16],[42,-35],[-13,-24],[55,-32],[-73,-63],[-16,-51],[3,-88],[76,143],[60,19],[34,-45],[34,-80],[81,-27],[9,-30],[88,-28],[24,-37],[55,23],[-108,144],[28,35],[40,-3],[13,32],[-26,22],[20,40],[-16,35],[12,35],[62,8],[52,51],[14,108],[1,109],[27,-17],[19,-52],[28,-22],[65,-5],[10,93],[-23,45],[-72,81],[-48,25],[-5,24],[48,61],[-13,38],[66,74],[29,76],[-18,41],[64,8],[75,-50],[-69,-8],[-45,-77],[-16,-79],[9,-57],[40,-1],[28,-36],[62,-29],[9,-33],[-50,-22],[-10,-60],[23,-45],[66,-9],[27,-65],[31,-38],[-35,-14],[-14,-102],[-59,5],[-38,-39],[28,-82],[-57,-14],[-30,-38],[8,-31],[-39,-15],[-24,-79],[36,-79],[-60,-33],[-33,-37],[-12,-47],[30,-42],[-54,-15],[-77,-113],[-24,-96],[44,-38],[-40,-78],[-54,-37],[-28,13],[-67,-18],[-15,-95],[-44,-44],[-43,37],[-120,40],[-52,-23],[-12,-24],[-58,-3],[-30,-27],[24,-78],[39,-39],[84,114],[24,4],[131,-88],[20,4],[38,118],[34,35],[10,58],[96,22],[-82,-152],[-20,-102],[27,-113],[51,-43],[17,-45],[33,-13],[59,3],[38,-47],[-77,-9],[-94,-39],[-82,11],[-61,-27],[21,-37],[31,-9],[65,-120],[10,-78],[-62,-24],[-57,-60],[5,-76],[-56,-54],[21,-36],[-43,-44],[-1,-76],[29,-58],[50,-25],[62,20],[47,-44],[28,-54],[44,-10],[-19,-53],[-37,-14],[-5,-56],[-26,-18],[11,-36],[-24,-35],[-81,34],[-66,10],[-44,20],[16,80],[40,18],[-17,43],[-72,37],[44,39],[-9,25],[-53,22],[-111,-31],[-66,44],[23,-81],[56,-50],[5,-38],[-23,-24],[-51,19],[-22,-22],[-89,-32],[-24,45],[-73,16],[-30,36],[20,29],[-11,41],[-39,12],[-73,-8],[-22,-26],[-70,-4],[-22,37],[50,42],[-53,55],[22,66],[-89,137],[-7,-53],[-54,-14],[-87,13],[-47,26],[-41,55],[-33,19],[-19,-46],[41,-1],[28,-74],[118,-25],[103,15],[40,-61],[-22,-24],[-56,5],[-59,-37],[-19,-47],[127,28],[-15,-30],[9,-60],[-85,16],[-18,-46],[128,-32],[-31,-85],[-36,-23],[-107,-36],[31,-15],[55,11],[4,-32],[76,65],[82,16],[-23,46],[22,42],[46,-1],[37,-23],[34,62],[28,-40],[-20,-57],[29,-36],[35,-1],[15,-57],[-15,-87],[35,-24],[27,24],[74,9],[55,29],[35,-48],[-49,-11],[-14,-24],[-49,-4],[9,-100],[-117,-25],[26,-54],[-29,-7],[-79,24],[24,-49],[-15,-46],[-41,41],[-83,32],[-4,63],[-53,-61],[-26,62],[-35,-88],[-27,29],[-45,-30],[-16,42],[-32,19],[-42,-7],[47,-95],[-17,-42],[-72,40],[-49,14],[-6,43],[-29,14],[-18,-63],[-40,-4],[-5,37],[-65,35],[-60,-50],[13,108],[-68,31],[-51,-25],[32,-48],[-107,29],[66,53],[-14,27],[-63,23],[-58,58],[-50,-38],[38,-43],[-66,-22],[-44,20],[-46,53],[-78,7],[-25,17],[-57,-13],[-45,29],[45,30],[-10,73],[-27,-9],[4,-71],[-47,-17],[3,-31],[81,-37],[40,15],[55,-22],[70,-68],[30,4],[71,-25],[101,54],[-2,-42],[-50,-10],[14,-41],[-88,-17],[-64,21],[-30,-34],[-52,68],[-51,21],[-58,4],[-27,-47],[-33,9],[-36,-23],[-56,-1],[7,-33],[-54,-1],[-13,55],[-63,-13],[-113,51],[-63,17],[12,39],[-92,-29],[-12,60],[-58,9],[-51,75],[-70,30],[-7,24],[-91,-1],[-48,25],[-98,-14],[21,-33],[83,-4],[-117,-133],[20,-31],[48,0],[-4,-56],[31,1],[11,149],[53,63],[88,-19],[-7,-50],[-49,-28],[28,-59],[33,4],[21,39],[47,-7],[-6,-75],[47,-17],[-35,-34],[48,-20],[19,67],[93,6],[29,-70],[30,22],[61,-3],[-39,-74],[-37,-29],[-12,-70],[87,-55],[-64,-26],[39,-44],[116,37],[14,22],[-37,77],[-2,48],[-46,31],[104,58],[29,-68],[49,-5],[33,31],[49,14],[21,-33],[-43,-47],[31,-17],[66,39],[24,46],[-69,27],[101,33],[26,-43],[40,-1],[90,-120],[-36,-46],[-42,12],[-108,-62],[-69,-14],[29,-45],[-65,-22],[89,-26],[33,-25],[29,77],[73,25],[13,31],[128,53],[-7,38],[114,42],[48,53],[60,-38],[-8,-34],[50,-43],[59,31],[49,-68],[-62,-3],[-11,-19],[-57,-3],[-29,-94],[-148,-33],[50,-21],[42,20],[58,4],[60,-62],[37,25],[-68,71],[51,56],[71,18],[41,-77],[30,-7],[-17,178],[72,16],[67,-17],[-14,-70],[31,-5],[31,49],[39,-33],[9,-42],[101,15],[44,52],[1,-110],[-17,-31],[57,-32],[47,11],[-5,34],[69,19],[23,-33],[-13,-37],[28,-26],[89,46],[-16,50],[40,34],[36,-14],[0,-73],[65,-23],[50,25],[45,-8],[57,65],[-29,44],[-12,69],[-42,72],[71,51],[24,-49],[42,39],[86,29],[-4,59],[-34,59],[49,39],[7,-48],[37,-46],[35,-112],[-21,-31],[1,-67],[-44,-53],[13,-35],[-2,-91],[10,-29],[-24,-44],[14,-64],[24,-39],[3,-91],[-41,-23],[-18,34],[-47,-6],[-46,-33],[6,-72],[-58,-17],[-25,-42],[23,-30],[13,-102],[-113,-40],[-63,-47],[27,-142],[22,-27],[-14,-62],[66,-36],[-53,-46],[-49,-21],[-15,-65],[116,-100],[-36,-25],[26,-26],[10,-71],[-82,15],[-40,33],[-63,0],[77,-87],[19,-44],[-13,-26],[-90,-24],[38,-58],[-27,-41],[14,-63],[-49,-96],[-44,13],[-60,-13],[-54,17],[-1,88],[-46,17],[-27,-20],[-45,25],[36,23],[-30,98],[-40,38],[-39,7],[-77,-37],[-67,-75],[-34,30],[32,117],[-9,20],[125,39],[-36,21],[-138,-33],[-24,38],[10,72],[-59,34],[-132,60],[-13,-46],[55,-195],[-56,0],[-14,76],[-48,179],[-62,9],[-17,-43],[19,-71],[42,-17],[19,-32],[-25,-31],[-36,-8],[-48,27],[-38,142],[-102,68],[-37,-11],[-46,-40],[-54,-74],[-44,-107],[-45,-88],[-32,-111],[-5,-95],[16,-53],[-45,-34],[-55,-6],[-29,-78],[-157,-32],[-49,43],[-16,80],[46,36],[65,105],[-24,23],[-42,-17],[-32,-36],[-79,-38],[-19,-29],[14,-30],[-68,-132],[33,-23],[-10,-40],[33,-36],[61,-23],[4,34],[70,28],[13,-22],[-34,-45],[21,-57],[52,-41],[37,-137],[49,-49],[143,-24],[63,13],[51,55],[57,43],[-8,36],[-64,36],[-55,44],[-82,30],[-47,58],[13,11],[186,4],[44,31],[47,60],[-5,81],[125,-79],[24,-27],[-28,-34],[36,-16],[5,-38],[-67,-9],[-23,36],[-59,-1],[-85,-23],[-17,-27],[36,-59],[47,-19],[88,-4],[43,47],[23,-50],[30,-23],[55,-9],[69,83],[58,-14],[86,1],[42,34],[74,21],[0,22],[-92,2],[3,57],[-157,22],[27,19],[229,-17],[74,6],[61,24],[30,39],[57,21],[72,-37],[25,-53],[21,-119],[-27,-32],[-11,-68],[20,-16],[-38,-38],[-27,-65],[-64,-66],[-86,-28],[-91,0],[-24,18],[-90,-21],[-62,66],[-65,23],[-47,4],[-127,-20],[-146,-63],[-62,-57],[-62,-85],[-13,-45],[46,-39],[-37,-78],[37,-33],[-24,-62],[-39,-20],[-71,-9],[-25,121],[24,67],[32,21],[-11,36],[-96,-26],[12,-33],[-57,-72],[27,-26],[-12,-88],[-36,1],[-43,27],[9,78],[40,92],[-40,7],[-40,-72],[-76,-7],[50,-34],[-4,-30],[-50,-15],[-93,-5],[-97,-25],[26,118],[-37,20],[-56,2],[11,42],[44,56],[-52,49],[-7,-52],[-87,-29],[19,66],[-44,42],[-46,-16],[7,-32],[-37,-72],[-61,26],[35,-75],[-44,-5],[-85,-30],[51,-44],[70,-17],[23,21],[-16,32],[38,16],[8,40],[48,-4],[67,-75],[-17,-33],[47,-12],[20,-30],[-36,-31],[23,-69],[-75,-27],[11,-23],[60,17],[35,-9],[55,68],[37,-22],[41,34],[36,-15],[57,28],[11,-63],[44,43],[48,19],[18,-61],[-53,-67],[-66,-38],[66,-11],[-1,32],[57,77],[69,-16],[82,34],[57,-48],[57,10],[33,34],[96,-18],[23,45],[52,32],[35,-77],[2,-64],[-81,-113],[-78,-67],[-43,-69],[-64,-55],[1,-61],[-44,-22],[-73,-12],[-22,12],[-60,-52],[-3,-36],[-88,-86],[-20,-44],[-3,-58],[-68,11],[-16,-40],[-53,-26],[-23,-38],[-49,-26],[-94,-69],[-71,-29],[-25,4],[-36,-57],[-194,-113],[-135,-30],[-105,-69],[2,-32],[-33,-21],[-44,2],[-84,-85],[-78,-17],[-77,-75],[-15,-40],[-70,-14],[-50,-52],[-59,-41],[-49,-11],[-19,-34],[-99,-94],[-19,-64],[-28,-19],[-59,-9],[-54,-70],[-94,-21],[-75,-65],[-18,-47],[-83,-70],[-41,-50],[19,-42],[-22,-44],[-53,-32],[14,-42],[-18,-25],[-58,-33],[-2,-62],[-53,-18],[-103,-126],[-49,-88],[-35,-15],[-50,-82],[-58,-66],[-1,-63],[-45,-16],[-40,-40],[-28,-62],[-69,-66],[-34,-60],[-13,-83],[39,-32],[-30,-65],[6,-65],[-17,-22],[-59,-151],[-7,-69],[23,-67],[120,-88],[-51,-49],[-84,-56],[-69,-99],[-43,-32],[-60,-79],[-60,-134],[-8,-123],[15,-53],[50,-6],[51,-27],[-46,-30],[-56,-102],[-39,-162],[15,-211],[-33,-28],[-27,67],[-7,68],[-40,-13],[-3,-45],[-42,11],[-3,69],[-54,-85],[136,-97],[57,-13],[20,-79],[64,-52],[108,-8],[-4,-90],[48,-111],[56,-32],[-117,-7],[-52,13],[-77,-42],[-113,-88],[-120,-123],[-106,-174],[-26,-70],[-19,-93],[-49,1],[-28,49],[-34,8],[-47,63],[35,36],[46,9],[27,77],[12,74],[26,86],[-12,76],[8,33],[72,-10],[107,26],[-3,81],[-99,-18],[-112,12],[-156,73],[-39,27],[-118,3],[-134,-61],[-57,23],[-26,-43],[20,-55],[63,-46],[0,-34],[-97,-13],[-19,-40],[-70,23],[-37,30],[-67,-17],[-49,-78],[37,-63],[35,-9],[29,-67],[-86,-14],[-6,-26],[-46,-41],[-7,-40],[28,-52],[40,-25],[-59,-42],[-49,-74],[-53,0],[-61,-44],[32,-59],[28,-10],[57,18],[13,52],[48,-32],[-35,-32],[-16,-48],[-70,-10],[-22,20],[-50,-17],[52,-49],[62,-30],[42,5],[4,46],[70,-12],[27,9],[19,53],[116,-58],[51,18],[45,-3],[23,50],[28,15],[12,118],[91,14],[58,-2],[62,54],[43,-9],[93,6],[49,-29],[45,-62],[2,-49],[-28,-101],[21,-56],[68,-10],[-82,-62],[-1,-83],[46,-38],[-19,-17],[34,-40],[54,-3],[-51,-46],[21,-73],[62,-46],[49,-17],[69,15],[80,-13],[49,18],[80,-53],[-20,-30],[-62,-6],[-40,-23],[-70,40],[-31,-57],[-49,-4],[2,-46],[-116,-21],[-43,49],[-40,5],[-52,-17],[10,-62],[-58,-6],[-71,-50],[-3,-75],[80,-117],[-1,-38],[-64,-64],[-19,-69],[23,-66],[34,-24],[72,5],[-69,-67],[-37,-15],[-30,-61],[4,-71],[27,-46],[66,-14],[-21,-43],[-78,-44],[17,-67],[42,-5],[-9,-58],[20,-32],[-77,-16],[35,-66],[-68,-35],[51,-27],[-79,-48],[31,-47],[-32,-11],[23,-69],[-70,-57],[23,-39],[-36,-77],[-75,-39],[-60,-66],[-28,-58],[-2,-36],[40,-39],[-3,-54],[-25,-43],[-19,-78],[-60,-44],[7,-98],[-65,-49],[9,-62],[-44,-34],[-33,79],[-44,23],[-102,-21],[-134,-62],[-78,-52],[-126,-109],[-73,-77],[-119,-152],[-71,-108],[-57,-116],[-40,-100],[-52,-179],[-20,-94],[-2,-133],[-15,-99],[15,-164],[26,-71],[58,-81],[57,-47],[144,60],[-24,-111],[-24,-20],[-19,-53],[1,-104],[42,-114],[43,-44],[69,-24],[18,24],[67,5],[-39,-45],[-45,-95],[-17,-119],[9,-125],[25,-57],[7,-124],[25,-76],[46,-99],[85,-100],[92,-125],[113,-86],[58,-29],[84,-29],[52,0],[51,46],[59,84],[63,22],[50,-40],[40,-7],[25,32],[51,-52],[-1,-46],[38,-8],[-75,-94],[-7,-25],[-48,-26],[-17,-82],[-30,-35],[-21,-136],[26,-79],[47,5],[39,-31],[-25,-32],[1,-66],[-28,-67],[-55,-67],[-25,-80],[-30,-16],[-49,8],[-101,-104],[-55,-14],[-63,-55],[-49,-65],[-39,-8],[-48,34],[-18,49],[17,57],[-25,40],[-35,-12],[-88,56],[-39,63],[-62,-1],[1,-60],[-39,-35],[-39,20],[-29,-15],[-1,189],[34,101],[-1,34],[43,11],[36,119],[63,62],[1,71],[-23,48],[-92,49],[-37,4],[-3,40],[-56,21],[-48,90],[113,44],[22,38],[11,83],[-41,-7],[-101,88],[-96,52],[-125,18],[-24,-19],[-110,4],[-161,-44],[-53,-36],[-4,-36],[26,-24],[-25,-58],[-62,-17],[-30,-27],[-39,5],[-29,38],[-46,-2],[-132,-40],[-161,-87],[-102,-87],[-51,-55],[-39,-88],[17,-75],[48,-26],[-18,-48],[14,-59],[-40,-139],[11,-58],[23,-40],[74,-5],[87,-36],[71,20],[44,-15],[-53,-60],[-25,-92],[21,-14],[-8,-59],[23,-39],[-14,-65],[11,-29],[-5,-72],[17,-86],[36,-92],[51,-57]],[[510802,133393],[50,-9],[45,44],[53,7],[112,100],[-5,83],[-47,-8],[-10,-30],[-79,39],[-15,72],[-70,-61],[-70,24],[68,-86],[113,-25],[32,-49],[-52,-10],[-36,15],[-19,-62],[-49,-11],[-21,-33]],[[514192,137035],[-44,-72],[-30,-75],[34,-51],[79,-47],[57,-3],[54,30],[52,57],[31,93],[61,109],[60,47],[-39,49],[-57,23],[-10,70],[-48,19],[-112,11],[-59,-6],[-80,-47],[110,-111],[-45,-46],[-14,-50]],[[506961,127035],[68,69],[55,-14],[126,16],[34,-61],[-54,-2],[-38,-22],[-10,-55],[41,-5],[-7,-39],[45,-24],[49,10],[103,-11],[61,-15],[85,35],[32,44],[31,-32],[41,-2],[-14,-45],[-87,-2],[-58,-39],[-8,-59],[-61,-14],[-18,-31],[-42,-9],[4,-58],[32,0],[3,52],[43,-12],[31,38],[33,-30],[32,15],[-20,51],[30,43],[143,38],[27,-17],[-7,-60],[60,50],[107,27],[82,-16],[25,-72],[-62,-2],[-26,-28],[81,-90],[18,64],[50,43],[-15,77],[51,-1],[-16,-81],[11,-23],[61,-9],[65,19],[44,-16],[52,67],[-31,37],[-41,-29],[-71,21],[5,63],[-68,8],[-70,28],[-82,-4],[-208,-34],[-33,49],[41,44],[-67,13],[-46,-15],[-6,49],[-33,14],[-38,-42],[-31,-7],[-42,-62],[-215,0],[-3,66],[47,37],[-7,39],[-29,21],[60,44],[28,42],[34,15],[-1,58],[-82,47],[59,-86],[-47,-29],[-36,-41],[-82,-9],[-93,-26],[-33,60],[-42,-10],[16,-42],[-69,-69],[3,-12]],[[511456,133403],[9,33],[57,20],[74,-46],[76,-6],[2,-71],[-76,-6],[25,-37],[65,39],[61,-14],[48,42],[33,50],[3,48],[-75,1],[-41,27],[56,41],[33,72],[-13,38],[51,51],[-36,25],[-123,-21],[-34,-15],[-40,-55],[-5,-53],[51,-67],[69,-40],[-52,-31],[-56,7],[-47,48],[-50,13],[-40,-19],[-52,75],[-58,26],[-61,-13],[-45,46],[-39,17],[12,46],[58,20],[99,-14],[43,-28],[108,78],[-1,25],[-57,44],[-31,47],[41,60],[10,60],[47,2],[0,40],[80,22],[35,39],[-3,51],[-56,23],[-71,-17],[-38,-57],[-58,-14],[-52,44],[-46,-3],[-34,-120],[-22,0],[-8,65],[14,58],[-11,44],[8,46],[-40,48],[-97,23],[-28,-44],[-54,-22],[-60,36],[-7,-45],[72,-31],[52,8],[36,-15],[-4,-40],[-28,-62],[-8,-92],[-53,10],[-97,-20],[-55,-97],[9,-27],[81,-48],[-10,-53],[63,-59],[3,-116],[84,-25],[75,-11],[-59,-84],[-21,-48],[15,-57],[152,-90],[57,14],[-7,39],[27,37],[-58,3],[-17,30],[8,38],[-33,58],[13,16],[61,-32],[46,-48],[10,-63],[40,16],[-22,33],[17,34]],[[517249,141338],[58,28],[13,47],[-9,67],[-47,89],[3,77],[33,55],[129,66],[46,42],[77,97],[33,15],[59,112],[-21,91],[-111,44],[-100,14],[-105,4],[-124,-14],[-151,-65],[-37,-56],[51,-92],[-17,-36],[-56,-55],[-4,-37],[25,-36],[-20,-40],[-154,-4],[-7,26],[-108,11],[-79,21],[-88,52],[-33,60],[-34,34],[-54,23],[-171,42],[-97,15],[-53,-13],[-40,14],[-132,103],[-55,-17],[53,-30],[23,-55],[-12,-35],[0,-101],[91,-109],[88,-58],[29,-47],[-2,-37],[49,-108],[184,-103],[69,-28],[19,21],[-101,42],[-95,68],[-37,49],[-6,75],[-28,59],[-75,50],[-41,56],[-57,-18],[-2,194],[92,-20],[100,10],[34,-21],[170,-37],[38,-43],[-42,-28],[29,-42],[33,-19],[36,14],[48,-39],[102,-36],[97,-21],[224,-7],[76,-20],[71,-127],[-49,-26],[6,-51],[33,-39],[6,-37],[51,-54],[7,-26],[69,0]],[[483218,110903],[-110,38],[-46,-21],[-83,15],[-54,-90],[-63,-34],[-34,58],[68,112],[14,59],[-36,-1],[-70,68],[-28,45],[-82,5],[-28,106],[81,45],[9,72],[-75,80],[-73,18],[-30,29],[52,74],[20,58],[-46,57],[-121,37],[-63,-2],[-31,-23],[-91,78],[28,73],[-20,24],[14,63],[-68,4],[-23,-30],[-46,2],[-50,-17],[-8,87],[-49,31],[-95,16],[18,57],[-41,41],[-67,-17],[-74,42],[-73,12],[-39,-28],[-72,-15],[-39,-44],[-74,-14],[-21,-40],[-125,-46],[-25,-43],[-820,-474],[-1211,-697],[-560,-322],[-1151,-660],[-29,-30],[-91,-156],[16,-51],[-8,-46],[-43,-38],[-65,-91],[44,-95],[24,-23],[9,-68],[-36,-66],[38,-7],[26,-47],[56,-33],[-17,-42],[-5,-102],[62,-82],[-52,-34],[-16,-48],[-55,-19],[-50,-36],[9,-141],[-5,-36],[-136,-30],[7,-50],[51,-38],[-16,-30],[0,-111],[-71,-81],[-34,-8],[-44,-87],[-38,-24],[-4,-55],[-21,-44],[40,-71],[-57,-111],[-61,-27],[-4,-74],[50,-57],[3,-58],[47,-79],[-122,-62],[-32,-60],[22,-54],[10,-73],[42,-40],[-30,-34],[26,-139],[-1,-44],[57,-64],[-33,-107],[3,-97],[43,-43],[63,-126],[8,-65],[-75,-56],[9,-19],[114,-129],[5,-27],[48,-16],[35,-76],[-64,-66],[-10,-26],[-128,-41],[-19,-37],[-44,-37],[51,-68],[73,-52],[29,-54],[-12,-65],[17,-44],[36,-33],[-41,-58],[-126,-92],[11,-63],[-56,-33],[36,-32],[35,-2],[-9,-48],[18,-23],[109,-4],[58,-21],[12,-40],[48,15],[106,-100],[-17,-71],[15,-48],[-24,-85],[-69,-91],[0,-48],[-39,-58],[35,-73],[67,-59],[2,-18],[120,-61],[43,-42],[75,-34],[61,15],[50,-30],[14,-42],[57,-25],[31,-78],[36,-38],[25,-71],[80,-77],[84,-53],[92,-8],[28,-31],[-16,-74],[63,-19],[38,40],[-23,61],[9,36],[33,26],[13,75],[34,47],[-45,63],[42,26],[58,82],[12,54],[69,85],[79,-29],[40,-26],[37,-47],[39,-73],[2,-28],[-55,-41],[-3,-44],[36,-45],[29,-72],[14,-68],[63,1],[61,-86],[-14,-71],[-39,-57],[-55,-39],[3,-113],[-7,-69],[38,-131],[-64,-89],[-29,-27],[-18,-47],[-38,-38],[59,-49],[18,-36],[56,-17],[13,-88],[80,-19],[46,-45],[-6,-32],[-45,-28],[27,-71],[-17,-37],[52,-70],[-1,-38],[65,-61],[98,-23],[-4,-46],[70,-39],[36,-43],[60,-45],[7,-40],[105,-29],[52,-72],[109,-89],[75,-47],[10,-47],[33,-18],[62,-6],[21,43],[71,21],[55,-1],[162,-46],[51,10],[62,-22],[-8,-53],[27,-22],[54,19],[71,-2],[45,21],[71,-49],[69,-34],[29,-57],[36,-31],[81,22],[33,-36],[68,-9],[33,-25],[11,-39],[57,-11],[75,76],[35,93],[-72,50],[34,61],[62,38],[38,59],[-22,41],[30,49],[-9,60],[79,118],[35,19],[87,114],[38,21],[33,76],[59,64],[31,1],[90,32],[-49,134],[22,19],[15,68],[-17,59],[34,58],[-1,28],[62,37],[-2,62],[-30,27],[38,37],[-17,44],[-36,27],[-1,37],[42,35],[1,57],[-53,33],[-37,0],[-4,53],[56,74],[-77,46],[22,41],[-34,67],[39,49],[-9,36],[46,82],[-18,31],[26,40],[-10,48],[59,96],[-21,91],[61,42],[2,36],[-42,56],[-18,56],[24,24],[11,66],[73,71],[26,75],[-46,71],[-29,17],[8,64],[-66,13],[-47,46],[-12,46],[30,42],[-21,86],[7,86],[31,41],[-33,38],[19,91],[-18,23],[-6,68],[-108,9],[14,72],[-18,50],[8,31],[-49,81],[14,27],[-9,65],[-26,13],[-45,76],[4,69],[-18,48],[8,81],[-8,80],[63,24],[23,49],[316,-41],[12,-48],[52,24],[166,-22],[5,-57],[58,12],[163,-24],[-28,59],[-114,404],[-7,47],[14,54],[239,510],[12,58],[4,165],[-7,28],[-82,188],[-85,108],[-8,61],[-24,37],[-13,92],[25,24],[64,6],[30,65],[44,26],[54,6],[47,95],[-28,40],[-100,5],[-68,-10],[-30,60],[86,81],[25,102],[35,34],[106,65],[336,349],[65,82],[230,349],[45,33],[135,48],[49,4],[124,-17],[173,99],[29,41],[43,22],[76,-1],[47,-23],[37,10],[93,-51],[99,-10],[64,-27],[52,0],[98,52],[103,11],[71,-37],[121,-1],[297,-50],[45,-33],[18,-37],[82,-64],[65,-15],[70,13],[33,22],[55,6],[13,68],[40,44],[86,20],[145,72],[64,19],[94,88],[28,67],[-28,24],[1,82],[-37,23],[4,79],[-68,6],[-73,-22],[-7,-27],[-127,23],[-53,-46],[-113,-11],[-27,20],[31,58],[-92,44],[-60,4],[-1,45],[-35,56],[-62,-6],[-22,70],[-51,-3],[-102,33],[-33,26],[-68,-56],[-28,36],[-54,28],[-13,72],[-115,-4],[-6,27],[-103,30],[-122,-46],[-52,53],[-111,4],[-22,-48],[-39,21],[-11,34],[29,99],[-9,52],[-72,-3],[-65,12],[-21,21],[-53,-4],[-57,65],[-31,0],[-5,55],[-41,19],[-88,9],[-81,70],[89,48],[21,41],[53,58],[-17,32],[-63,22],[-27,36],[-58,16],[-35,-13]],[[373215,74007],[16,810],[15,705],[11,829],[18,760],[11,340],[12,791],[21,165],[-19,6],[2,408],[8,416],[-7,141],[4,271],[13,1494],[3,596],[-5,663],[-3,688],[-3,199],[0,429],[-12,372],[-7,538],[-4,149],[4,876],[5,1236],[-1,397],[-4,356],[-3,31],[-3,467],[-8,772],[-2,79],[-14,1459],[-3,765],[-6,523],[3,380],[-5,1479],[-4,0],[-3,834],[-6,486],[3,7],[-2,884],[-4,98],[-12,1521],[-10,1059],[-19,1840],[-5,500],[0,436],[-5,1331],[-5,1455],[24,2766],[5,489],[12,1424],[-1,173],[-2,1799],[-1,761],[-2,947],[-2,1279],[-1,1040],[-2,1145],[-8,2640],[-3,1250],[-1,578],[24,23],[-24,36],[-2,704],[-6,912],[-9,1229],[-8,782],[-5,822],[-7,718],[11,0],[9,1267],[6,233],[59,-17],[19,-45],[-24,-58],[8,-81],[31,-23],[76,8],[54,-31],[6,-65],[-59,-31],[1,-37],[110,8],[27,-27],[-60,-27],[-24,-35],[64,-56],[5,-93],[55,-55],[63,30],[-3,65],[23,46],[61,10],[31,-23]],[[445505,100793],[0,1]],[[493126,81180],[-115,-75],[-38,-9],[-32,-44],[-63,-4],[-224,-61],[-102,-35],[-111,-49],[-118,-78],[-112,-115],[-12,-22],[-103,2],[-119,24],[-132,9],[-163,-6],[-166,-25],[-134,-40],[-180,19],[-124,-5],[-238,-37],[-209,-61],[-96,-36],[-143,-74],[-125,-78],[22,-55],[32,-37],[-100,-26],[-119,-46],[-130,-70],[-50,-67],[-9,-33],[-68,-96],[-76,-68],[-51,-65],[0,-29],[-46,-60],[19,-37],[-69,-132],[-26,-29],[-7,-60],[-54,-93],[-93,-54],[-27,-48],[-115,-83],[-22,-55],[-63,-28],[7,-46],[-30,-55],[-36,-30],[10,-55],[-23,-69],[-30,-28],[-109,-33],[-98,-6],[-101,-16],[-142,-34],[-62,-31],[-35,-3],[-226,-69],[-142,-83],[-5,-23],[-63,-43],[-8,-63],[-37,-59],[4,-42],[-44,-22],[-65,47],[-166,-4],[-207,-31],[-8,-12],[-186,-34],[-70,-49],[-132,-25],[-84,-34],[-61,-36],[-46,-52],[-14,-66],[-56,22],[-101,-23],[-72,-30],[-34,-30],[8,-80],[-13,-11],[-20,-100],[-16,0],[-65,-77],[-69,-11],[-48,30],[-82,31],[-105,16],[-168,-7],[-29,-19],[-83,1],[-76,-11],[-107,-69],[-123,13],[-13,30],[-145,11],[-56,-7],[-38,-23],[-84,2],[-102,-11],[-41,-24],[-78,5],[-54,20],[-127,14],[-271,-15],[-183,-26],[-124,-28],[-56,-25],[-120,-5],[-178,-45],[-100,-40],[-66,-77],[-79,-55],[-33,-58],[-79,27],[4,27],[-61,21],[48,70],[-87,76],[-142,65],[-65,17],[-133,19],[-309,20],[-162,-3],[-88,-23],[-114,8],[-23,-10],[-112,19],[-98,-3],[-110,8],[-233,-3],[-248,10],[-795,-26],[-105,1],[-141,-10],[-293,-4],[-81,-9],[-135,7],[-449,-4],[-26,3],[-269,-2],[-347,-10],[-183,-18],[-174,-28],[-60,-21],[-61,-4],[-76,-40],[-45,1],[-54,30],[-85,20],[-127,13],[-251,6],[-235,-8],[-206,-16],[-242,-31],[-44,-11],[-264,-38],[-243,-58],[-87,-46],[-13,-26],[9,-56],[-59,5],[-51,-21],[-46,-41],[-23,-50],[-42,22],[6,60],[-126,58],[-162,30],[-262,7],[-151,-5],[-236,-17],[-134,-14],[-162,-28],[-100,-23],[-199,57],[-89,10],[-296,13],[-309,-9],[-108,-9],[-224,19],[-184,6],[-314,-6],[-482,6],[-370,-11],[-327,-6],[-556,-15],[-288,-22],[-245,-22],[-212,-24],[-274,-24],[-397,-55],[-228,-40],[-331,-62],[-513,-112],[-321,-83],[-384,-113],[-81,-21],[-255,-82],[-362,-124],[-150,-40],[-44,10],[-97,-10],[-218,-53],[-442,-123],[-262,-90],[-45,-24],[-120,-21],[-145,-17],[-124,-30],[-200,-65],[-278,-99],[-68,-19],[-297,-104],[-251,-84],[-229,-83],[-363,-141],[-224,-91],[-175,-79],[-66,-23],[-494,-236],[-232,-125],[-103,-51],[-266,-145],[-161,-99],[-225,-124],[-171,-108],[-152,-88],[-323,-202],[-379,-251],[-231,-143],[-99,-77],[-138,-89],[-200,-138],[-97,-58],[-212,-153],[-248,-168],[-255,-183],[-289,-217],[-309,-239],[-114,-92],[-269,-223],[-152,-118],[-334,-247],[-17,-21],[-226,-173],[-427,-335],[-138,-102],[-260,-206],[-324,-248],[-28,-17],[-229,-185],[-208,-163],[-587,-437],[-61,-49],[-232,-169],[-121,-94],[-153,-131],[-350,-280],[-188,-129],[-310,-235],[-138,-112],[-147,-108],[-439,-365],[-197,-159],[-221,-193],[-171,-142],[-189,-170],[-298,-277],[-185,-179],[-100,-89],[-179,-146],[-153,-118],[-204,-147],[-109,-90],[-21,57],[39,39],[-2,33],[32,57],[45,25],[87,-3],[80,54],[-17,80],[78,0],[151,90],[51,63],[-29,11],[-41,-48],[-73,-43],[-133,-43],[-32,-26],[-1,-52],[-61,-6],[-79,13],[-28,73],[-83,16],[-26,-26],[-76,-31],[-52,18],[-114,1],[-101,17],[-70,-5],[-50,-34],[-14,-89],[-126,19],[-64,18],[-11,31],[-56,2],[-107,-16],[-14,-26],[-78,-16],[-18,-30],[-81,-25],[-48,-96],[-26,48],[-60,-19],[-8,-66],[-41,-23],[-16,-33],[50,-90],[-54,-38],[-3,-35],[-105,7],[-127,-33],[24,-33],[-42,-44],[-120,42],[-66,-27],[-24,-25],[-24,-80],[-43,-20],[-46,26],[-47,-19],[-87,11],[-54,35],[-83,97],[1,37],[-62,10],[-66,-4],[-3,-77],[20,-20],[30,-74],[-57,-29],[-9,-48],[-61,30],[-40,-5],[-100,-64],[-45,-76],[-141,60],[-54,9],[-66,-11],[-103,16],[11,40],[57,29],[-2,39],[-31,79],[-119,118],[-40,-4],[-45,45],[-74,-42],[-14,-77],[21,-29],[56,0],[8,-53],[-48,-69],[-65,-24],[-83,-55],[-99,-11],[-45,-17],[-135,-24],[-130,-15],[-5,-32],[-103,-21],[-53,37],[-100,1],[-16,-87],[61,-14],[-55,-38],[-29,-69],[35,-9],[-59,-67],[-38,36],[20,22],[9,88],[-22,74],[-55,-24],[-51,31],[-125,25],[-41,-31],[-86,-32],[-94,-9],[17,-26],[50,12],[38,-13],[76,28],[67,-46],[21,-39],[-8,-39],[-137,-4],[-7,74],[-55,-36],[-4,-99],[28,-42],[-23,-21],[-92,28],[-71,52],[0,114],[-112,1],[-57,-10],[-57,10],[-31,-24],[78,-25],[-75,-26],[-69,5],[-135,27],[-29,34],[37,45],[-14,42],[-56,-30],[-44,-6],[-15,54],[-46,-40],[19,-42],[-12,-40],[10,-74],[-72,2],[-13,-21],[-82,7],[-100,-18],[-32,4],[-59,-41],[-44,-5],[-15,29],[-72,9],[-77,-12],[-2,37],[-90,30],[-62,-28],[-4,-36],[-95,-26],[-23,-16],[-159,-39],[-74,-66],[-80,-90],[63,-41],[-59,-16],[-198,36],[-26,-18],[-72,14],[-18,27],[13,35],[-6,101],[-48,57],[-17,45],[13,98],[-11,32],[26,52],[-89,59],[-54,-39],[-128,45],[-37,57],[-89,43],[-61,-21],[-27,-26],[-76,35],[-21,-21],[13,-63],[-85,-10],[-14,-83],[-147,-5],[-2,-19],[-129,-32],[-85,0],[-121,-29],[-33,-16],[-93,18],[-13,22],[-219,55],[-14,-40],[-70,1],[-49,-17],[-43,32],[-30,-73],[8,-28],[-112,22],[-21,101],[37,57],[-72,-23],[-21,-44],[-44,8],[-57,-20],[8,-61],[-116,-25],[-121,11],[38,-32],[34,8],[62,-13],[53,18],[22,-34],[-39,-79],[-68,-18],[-44,-42],[-121,-2],[-35,-27],[61,-32],[-41,-67],[-49,1],[-45,49],[-46,-22],[-27,-60],[-42,-45],[82,-42],[37,-48],[104,59],[-9,-77],[-46,-42],[-43,15],[-15,35],[-66,-28],[-14,24],[36,44],[-46,24],[-52,-20],[-23,-55],[-31,-116],[67,-8],[30,-17],[44,-68],[13,-46],[51,-30],[-3,-44],[28,-58],[59,-47],[80,-34],[69,-17],[10,-47],[46,-32],[33,-108],[21,-150],[12,-41],[59,-95],[29,-20],[75,-19],[155,20],[56,26],[131,30],[80,-4],[-31,-30],[-20,-94],[-1,-56],[-47,-28],[1,-74],[19,-50],[32,-150],[11,-134],[28,-96],[137,-57],[66,-18],[14,-56],[68,-75],[12,-31],[-54,-54],[-24,-59],[-3,-97],[62,-126],[143,-30],[91,17],[87,-4],[102,30],[92,111],[30,87],[39,42],[3,56],[140,63],[11,48],[78,54],[120,23],[86,79],[137,-5],[40,9],[78,49],[63,67],[61,-17],[155,26],[57,-41],[52,57],[26,64],[29,137],[7,194],[-25,10],[11,92],[32,9],[-4,54],[-27,27],[91,31],[0,40],[106,31],[20,41],[17,96],[-28,36],[29,50],[39,-15],[32,27],[77,-40],[36,8],[105,-25],[62,20],[51,-11],[16,-50],[50,-56],[57,-5],[17,-43],[-3,-76],[-80,-239],[7,-64],[-35,-108],[9,-74],[20,-14],[27,-73],[-89,-267],[-2,-127],[18,-49],[54,-52],[75,-19],[58,7],[-26,-47],[-4,-73],[70,-21],[10,-171],[-19,-31],[46,-25],[-32,-29],[-37,14],[-66,-29],[3,-24],[-79,-22],[-151,-176],[-131,-193],[-105,-191],[-102,-243],[13,-51],[113,-195],[-2,-55],[-20,-46],[-46,-25],[-112,-10],[-11,-23],[7,-71],[50,-63],[88,-20],[32,56],[98,-29],[121,3],[42,-34],[52,-8],[53,-48],[-62,-11],[-37,-35],[82,-59],[-40,-24],[-72,24],[-33,-30],[70,-69],[30,37],[32,-19],[5,-43],[93,5],[-7,-67],[-30,-26],[35,-28],[78,-98],[-33,-18],[-2,-50],[-30,-8],[-127,35],[-61,25],[-63,46],[-53,54],[-102,-31],[-48,-59],[-4,-37],[-78,1],[-99,-25],[-66,-127],[-6,-108],[115,-69],[85,-38],[-39,-18],[-27,-96],[10,-25],[-15,-61],[-44,-25],[-52,17],[-19,-33],[17,-40],[-45,-10],[-33,-112],[40,-18],[21,-73],[-59,1],[-15,53],[-82,2],[-25,-29],[-63,-15],[-25,-26],[-105,-11],[-45,-33],[-76,7],[12,29],[-32,21],[-89,6],[-28,-51],[-147,-6],[-11,25],[-51,-3],[-59,47],[-31,-5],[-53,48],[-82,-2],[-34,57],[7,96],[-27,43],[-33,0],[-68,52],[-6,62],[-32,37],[-96,64],[-18,56],[-25,23],[13,72],[-11,58],[36,14],[159,-27],[55,45],[29,72],[-1,130],[-102,18],[5,29],[-38,65],[-42,21],[-73,-43],[-73,-4],[-17,17],[43,34],[82,108],[-81,76],[-55,24],[-57,1],[-44,-61],[-38,-20],[-23,41],[43,108],[-55,61],[-68,-9],[-98,5],[-3,-36],[-85,21],[18,45],[63,31],[33,42],[-19,39],[-126,80],[-27,60],[-37,19],[-4,32],[-34,27],[-127,5],[-24,-39],[-58,61],[-66,-3],[2,26],[117,25],[67,-11],[7,56],[40,75],[-47,60],[13,55],[-73,80],[-139,200],[-72,160],[-36,42],[-72,127],[-66,90],[-185,206],[-94,83],[-176,174],[-205,176],[-160,86],[-177,114],[-147,101],[-105,58],[-61,44],[-163,91],[-86,34],[-83,46],[-137,54],[-197,65],[-233,49],[-62,10],[-205,9],[-98,-7],[-103,-26],[-131,-60],[-18,-20],[-74,-27],[-92,-59],[-30,-73],[-42,-74],[-25,-22],[-51,-94],[-17,-74],[7,-75],[19,-33],[40,-12],[-6,-72],[24,-27],[47,-102],[-52,-29],[-12,-32],[-47,-10],[-156,-94],[-97,-73],[-104,-24],[-83,8],[-26,-31],[-80,32],[-105,-2],[-44,14],[-75,-9],[-47,-19],[-42,-57],[-132,-82],[-63,17],[-33,77],[-41,36],[22,42],[-43,41],[37,88],[-15,26],[43,47],[-23,96],[-94,196],[-34,23],[-26,82],[-57,29],[14,47],[-38,66],[6,48],[-40,95],[-5,51],[-97,121],[-43,117],[-68,148],[-38,61],[-58,123],[-98,126],[-37,57],[-172,220],[-26,41],[-117,135],[-61,80],[-77,71],[-89,102],[-363,360],[-105,86],[-136,100],[-173,116],[-157,83],[-262,132],[-17,39],[-208,-5],[-71,-29],[-65,5],[-119,-23],[-97,-41],[-24,-44],[-88,-96],[-54,-24],[-12,-27],[-91,-43],[-113,-28],[14,-29],[-41,-30],[-88,0],[-107,25],[-46,34],[-50,-4],[-25,-24],[-74,21],[-81,-25],[-50,11],[-29,-27],[-71,-6],[-40,-29],[-91,55],[-56,53],[-96,28],[-60,43],[-72,85],[-89,42],[-99,14],[-55,39],[-34,89],[-86,142],[-58,106],[-61,95],[-257,293],[-90,77],[-74,74],[-115,141],[-121,120],[-140,109],[-117,55],[-62,11],[-53,-11],[-56,24],[-109,17],[-35,-5],[-29,39],[-103,39],[-49,32],[-112,27],[-41,-19],[-19,39],[-78,-18],[-119,13],[-72,-10],[-59,18],[-79,7],[-176,-1],[-50,-29],[-55,22],[-24,61],[2,55],[-85,42],[-1,45],[99,9],[68,-4],[78,16],[92,-6],[57,12],[64,30],[87,2],[110,36],[68,-1],[85,51],[43,58],[4,52],[81,105],[-32,113],[9,52],[-58,68],[-92,25],[-15,34],[73,63],[52,116],[-2,119],[-18,25],[14,43],[58,49],[6,51],[-13,80],[-90,161],[-37,50],[-89,68],[114,-17],[66,-25],[135,33],[54,-10],[55,-40],[67,-11],[79,51],[291,20],[34,-16],[26,-46],[46,-39],[160,-24],[94,12],[66,0],[73,28],[24,30],[88,70],[101,106],[40,79],[58,66],[53,139],[37,57],[0,46],[32,77],[14,100],[-22,104],[-75,92],[-36,25],[-114,34],[-133,6],[-33,-30],[-51,-12],[-24,17],[9,82],[0,141],[-12,19],[48,94],[31,77],[9,75],[-36,71],[-43,51],[-75,48],[-80,31],[-88,123],[-8,90],[-17,67],[-18,14],[-2,60],[-56,74],[9,106],[-37,83],[-84,57],[-37,-7],[-44,29],[-82,15],[-75,-4],[-54,15],[-44,36],[1,24],[-53,38],[-147,24],[-35,31],[-209,-2],[-60,-56],[-37,-67],[-53,-26],[-137,22],[-48,1],[-185,67],[-186,-23],[-73,12],[-153,93],[-71,15],[-51,-12],[-45,-46],[-16,-66],[43,-39],[-20,-46],[-78,-40],[-41,-46],[-79,-1],[-33,-55],[-32,-23],[-119,-48],[-27,-22],[-91,3],[-73,-14],[-122,18],[-123,4],[-77,35],[-6,25],[27,57],[39,45],[-54,50],[-42,79],[-46,-3],[-42,29],[-51,-5],[-25,-38],[-71,14],[22,-103],[-37,-13],[33,-50],[46,-15],[39,-32],[-13,-31],[-126,-42],[-40,-72],[-144,-157],[-135,-93],[-46,-66],[-34,-104],[11,-72],[80,-3],[-26,-42],[-4,-69],[-29,-14],[-4,-85],[-158,29],[-69,5],[-4,54],[-32,29],[-77,4],[-49,-36],[26,-25],[8,-61],[36,-13],[18,-56],[-25,-45],[-48,-1],[40,-78],[-30,-32],[-38,4],[20,-58],[46,-20],[-10,-37],[57,-51],[44,-15],[23,-46],[34,-14],[76,-6],[47,-66],[0,-34],[-53,-59],[-15,-50],[4,-98],[18,-37],[92,-83],[3,-36],[-98,-25],[-51,17],[-29,33],[-102,36],[-9,46],[-51,41],[-50,-32],[1,-52],[-106,16],[-10,-37],[157,-27],[110,-27],[50,-34],[99,-24],[45,-64],[8,-50],[-20,-24],[115,-51],[42,-47],[-1,-41],[40,-27],[-11,-40],[-121,33],[-88,-2],[-164,29],[-76,29],[-89,22],[-59,25],[-186,38],[-63,-10],[-101,20],[-100,31],[-163,15],[-84,23],[-59,-3],[-84,-45],[-29,7],[-68,-22],[-25,-46],[-46,-32],[-55,2],[-140,-20],[-67,-44],[-26,-32],[-69,-38],[-86,-90],[-22,-97],[-111,9],[-102,-32],[-43,-30],[-89,-5],[-16,-52],[-42,-23],[-11,-49],[-55,-40],[-4,-57],[-47,-64],[-63,-60],[-7,-115],[-67,-65],[-21,-65],[7,-57],[54,-28],[6,-45],[-73,32],[-77,-7],[-60,43],[-45,5],[-239,-79],[-51,21],[-124,-40],[-15,-31],[-42,-11],[-153,51],[-61,-3],[-92,-32],[-19,14],[-81,-20],[-32,-21],[8,-51],[-64,2],[-33,-25],[-37,26],[-118,-31],[-76,4],[12,31],[-62,25],[-4,32],[-46,14],[-63,-25],[-159,-5],[-81,-70],[-40,44],[-16,126],[33,86],[-133,124],[-64,104],[-140,126],[-141,114],[-57,31],[-8,22],[-64,63],[-84,64],[-50,28],[-101,84],[-62,35],[-99,91],[-164,111],[-104,95],[-31,12],[-31,41],[-28,-3],[-48,46],[-169,123],[-14,33],[-41,7],[-118,75],[-35,47],[-76,46],[-113,96],[-68,21],[-76,72],[-61,17],[-374,186],[-133,73],[-88,67],[-45,-3],[-116,101],[-51,21],[-33,51],[110,-18],[79,27],[84,10],[101,-51],[132,-43],[98,-39],[25,-29],[117,-15],[45,12],[52,-35],[133,-24],[80,-30],[21,-112],[46,-35],[4,-34],[65,-47],[96,-33],[95,-52],[-6,-63],[49,-38],[102,-39],[432,-92],[69,-17],[170,-24],[159,-9],[187,21],[113,22],[277,84],[42,7],[225,62],[78,31],[149,27],[84,24],[179,79],[109,27],[218,95],[177,86],[64,41],[90,71],[65,71],[22,38],[16,72],[-60,54],[-83,26],[-8,28],[144,176],[82,72],[15,78],[70,2],[120,86],[136,144],[38,109],[-14,27],[15,46],[-40,126],[83,83],[0,62],[31,50],[51,-1],[43,22],[51,-4],[54,35],[37,43],[135,85],[96,114],[50,91],[13,62],[43,40],[15,44],[77,38],[46,88],[47,21],[29,-21],[73,30],[61,72],[119,56],[73,107],[48,137],[22,111],[18,175],[1,162],[-6,90],[-21,121],[-72,260],[-56,141],[-63,129],[-85,153],[-77,116],[-70,84],[-76,51],[-50,68],[-99,92],[-62,47],[-98,59],[-85,38],[-51,12],[-98,-53],[-76,-72],[-102,37],[-39,56],[-86,80],[-45,16],[-7,27],[-91,121],[11,89],[-34,56],[-83,94],[-127,106],[-10,51],[91,-21],[-19,49],[-105,114],[-57,38],[24,65],[-17,80],[-17,22],[11,67],[-25,27],[-5,65],[33,62],[-2,52],[-23,38],[-95,82],[-32,95],[13,79],[-75,67],[7,51],[-87,65],[-256,117],[-61,21],[-58,34],[-29,-17],[-86,50],[-112,4],[-68,-29],[17,-33],[-28,-18],[-58,17],[-33,57],[-33,-19],[-81,-12],[36,-56],[-48,-8],[1,-32],[70,-51],[31,-103],[101,-4],[53,-45],[-150,-91],[-44,3],[-111,59],[-99,-7],[-56,33],[-46,-20],[-41,48],[-16,41],[-62,23],[-99,-26],[-66,-36],[-77,-6],[-63,-56],[-69,-42],[-203,6],[-75,-20],[-69,-34],[-78,-68],[-14,-57],[13,-51],[-11,-36],[-60,-58],[-67,-121],[-18,-102],[7,-78],[26,-50],[-48,-18],[-53,-44],[-179,-6],[-107,-36],[-121,-85],[-113,-25],[-113,0],[-136,-65],[-25,-33],[-114,-61],[-64,-76],[-68,-58],[-74,-43],[-27,-39],[-88,-66],[-100,-21],[-45,14],[-112,-79],[-18,-24],[-260,-173],[-86,-79],[-32,-14],[-137,-1],[-224,25],[-271,-29],[-46,-18],[-90,-10],[-90,-46],[-56,-38],[-64,-71],[-21,-55],[-96,-23],[-25,-49],[-41,-38],[-12,-50],[-76,-45],[-74,5],[-151,-52],[-77,-37],[-169,-15],[-70,-20],[-43,-84],[19,-36],[-25,-55],[47,-29],[2,-33],[-45,-95],[-13,-51],[2,-110],[-24,-52],[-33,-31],[-71,28],[-47,4],[-145,118],[-76,5],[-48,15],[-38,-23],[-52,-64],[-62,35],[-9,46],[-96,0],[-19,-13],[-11,-61],[-45,8],[-70,-57],[-41,-67],[-39,16],[25,53],[-252,23],[-44,-8],[-118,15],[-77,36],[-43,52],[-76,47],[-113,-37],[-83,-96],[-14,-66],[15,-41],[-23,-66],[-79,-51],[-60,-5],[-71,-48],[-50,6],[-14,-24],[64,-21],[11,-21],[-81,-59],[-29,-109],[3,-46],[-37,-87],[5,-70],[57,-47],[108,-58],[72,-3],[84,32],[63,9],[50,-67],[77,-11],[22,-27],[63,-23],[23,-27],[50,11],[140,-7],[33,135],[-11,57],[42,122],[40,62],[21,-5],[39,-89],[46,-81],[135,-127],[128,-83],[105,-50],[104,-42],[69,-15],[97,-5],[122,13],[108,32],[99,-12],[139,16],[65,16],[83,-11],[57,22],[101,6],[54,21],[54,-3],[39,18],[60,-6],[136,56],[57,50],[138,97],[63,55],[64,32],[77,60],[108,46],[314,174],[74,62],[85,-16],[155,-55],[58,-4],[101,17],[95,-12],[82,-34],[33,1],[204,-67],[92,-97],[86,-30],[67,-85],[43,-82],[68,-41],[-30,-37],[-14,-54],[-2,-132],[40,-91],[5,-39],[-48,-75],[-20,-74],[-28,-50],[-24,-121],[-36,-84],[-20,-78],[-69,-117],[-76,15],[-13,22],[68,38],[51,141],[-29,41],[-38,-7],[-13,48],[-58,25],[-116,-54],[-67,-50],[-20,3],[-53,-62],[-102,-41],[-53,-93],[-58,-51],[-11,-25],[-53,-38],[-58,-67],[-56,-42],[0,-26],[-103,-79],[-39,-63],[-89,-75],[-23,-49],[138,-111],[-46,-49],[39,-13],[113,10],[65,36],[50,-2],[70,39],[71,1],[51,18],[16,-45],[-53,-26],[-34,-64],[-30,-17],[-110,23],[-89,5],[-191,-17],[-84,-19],[-69,-34],[-31,-46],[-19,-64],[21,-28],[-26,-57],[-87,19],[-43,22],[-92,27],[-277,96],[-150,41],[-118,21],[-98,25],[-140,16],[-175,4],[-179,-28],[-49,-17],[-73,-48],[-53,-63],[-55,9],[67,-103],[-192,30],[-132,3],[-142,30],[-109,10],[-116,23],[-163,24],[-110,-10],[-142,-70],[-45,-44],[-48,-1],[-63,-21],[-93,-59],[-106,-13],[-102,-27],[-56,-28],[-5,-47],[-101,-69],[-230,-80],[-166,-37],[-150,-70],[-28,-39],[10,-46],[-29,-74],[21,-33],[-66,-10],[-66,-57],[-94,-6],[-91,-31],[-76,-52],[-12,-47],[-100,-64],[-48,-89],[-32,-11],[-59,-54],[-95,-33],[-42,-47],[-43,-24],[-49,-2],[-67,-26],[-68,-74],[28,-54],[-29,-50],[-79,3],[-167,-19],[-111,-19],[-128,-33],[-56,-26],[-144,-39],[-58,-32],[-33,-69],[-59,3],[-92,-46],[-36,-75],[4,-77],[-137,0],[-249,-10],[-152,-31],[-98,-42],[-45,-50],[-41,-86],[-55,-23],[-32,-59],[-17,-74],[-86,-35],[-80,-108],[-149,9],[-136,-7],[-214,-1],[-245,-34],[-69,-16],[-97,-37],[-43,-51],[13,-24],[-44,-38],[-22,-41],[-85,-44],[-64,-23],[-37,-40],[-55,-35],[-131,-157],[-39,-24],[-114,-95],[-134,-164],[-38,-102],[5,-33],[61,-26],[66,-44],[-11,-45],[-56,-47],[-68,-9],[3,-66],[-51,-71],[-85,-9],[-34,-64],[-51,-48],[-155,-14],[-48,-53],[-84,-30],[-74,-70],[-88,-27],[-93,-87],[26,-48],[-31,-82],[-46,-59],[9,-29],[-53,-55],[-20,-51],[-42,-54],[-78,-46],[-43,-10],[-39,-34],[-57,-26],[11,-57],[-82,-60],[-34,-49],[-80,-40],[-55,-14],[-43,-43],[8,-22],[-78,-56],[-20,-104],[34,-32],[-61,-13],[-50,-25],[-66,-7],[-141,-50],[-24,-54],[5,-98],[-49,-26],[-101,3],[-180,-10],[-66,4],[-73,-26],[-54,-38],[-53,8],[-106,-19],[-170,-49],[-5,-28],[-71,-17],[-106,13],[-29,-23],[-76,-18],[-16,-28],[-59,-39],[-102,-18],[-176,-41],[-32,-53],[-46,-5],[-81,-45],[-71,5],[-37,-33],[-133,-31],[-84,-46],[-91,-21],[-101,-69],[-85,-102],[-13,-59],[10,-44],[113,-62],[-147,-71],[-42,-49],[-14,-92],[25,-21],[-63,-47],[-98,-46],[-122,-71],[-65,13],[-38,-9],[-118,-7],[-164,-47],[-84,-63],[-80,-80],[-88,-63],[-25,-53],[-78,-39],[-53,-48],[-30,-58],[18,-43],[-61,-75],[-105,-77],[-123,-57],[-95,-117],[-31,-10],[-42,23],[-87,6],[-216,-34],[-121,11],[-93,-32],[-116,69],[-12,42],[-31,27],[-87,41],[14,42],[-12,40],[-84,92],[-246,205],[-35,61],[-106,62],[-94,70],[-56,25],[-35,42],[-134,72],[-83,87],[-61,11],[-61,-4],[-38,15],[-64,-25],[-43,8],[-25,36],[-53,9],[4,32],[-66,51],[-176,87],[-140,78],[-121,30],[-94,40],[-64,-13],[-62,15],[-73,-20],[-132,1],[-62,-20],[-54,30],[-120,35],[-142,28],[-62,-18],[-45,-54],[-192,-41],[-36,-50],[-67,17],[-25,-38],[-53,16],[-36,-44],[10,-37],[-104,-18],[-84,6],[-22,25],[-125,12],[-20,-9],[-71,24],[-32,49],[-145,27],[-72,43],[-202,156],[-42,11],[-16,41],[-67,11],[2,59],[-22,27],[-78,29],[-92,83],[-34,55],[-79,67],[-46,55],[-82,63],[-42,0],[-47,74],[-171,129],[-27,32],[-86,59],[-92,93],[-41,17],[-103,80],[-104,48],[-24,29],[-81,42],[-125,44],[-12,29],[-71,47],[-123,18],[1,27],[-82,-8],[-59,8],[-102,91],[-114,13],[-17,24],[-71,12],[13,35],[-35,31],[-84,2],[-114,69],[-148,32],[-98,-3],[-47,14],[-68,-2],[-99,16],[-108,-44],[-132,7],[-79,28],[-101,6],[-105,30],[-49,-60],[-58,26],[-31,-9],[9,-41],[-30,-10],[-86,77],[-37,-4],[-25,34],[-56,9],[-86,-6],[-156,103],[-138,12],[-40,-14],[-44,29],[-49,5],[-99,-23],[-35,66],[-49,17],[-36,-29],[-57,2],[-46,52],[22,28],[-31,43],[-41,16],[-15,35],[-95,17],[-76,47],[-99,-11],[-86,40],[28,56],[-76,51],[-47,5],[-16,-29],[-88,69],[-46,25],[-44,-1],[-49,-25],[-51,5],[-37,44],[-82,8],[-47,52],[-84,29],[-40,49],[-24,3],[-116,76],[-54,46],[-39,-3],[-47,54],[-52,20],[-39,48],[-160,103],[-40,45],[-152,109],[-46,19],[-59,45],[-65,22],[-18,26],[-77,21],[-91,85],[-38,5],[-24,55],[-32,7],[-33,45],[-66,28],[-41,1],[-56,52],[-23,-16],[-67,46],[-32,40],[-55,26],[-91,60],[-101,80],[-165,91],[-75,53],[-117,45],[-32,50],[-120,50],[-41,9],[-14,32],[-37,4],[-95,75],[-100,38],[-19,25],[-61,26],[-110,83],[-81,34],[-12,23],[-98,35],[-102,56],[-102,36],[-36,27],[-141,55],[-135,28],[-108,6],[-115,82],[-109,41],[-118,3],[-60,-18],[-70,-87],[-50,0],[-35,38],[-105,22],[-80,73],[-57,24],[-24,35],[-123,56],[-27,35],[-125,76],[-292,149],[-189,82],[-101,32],[-50,27],[-91,32],[-124,-9],[-115,0],[-82,-16],[-55,0],[-91,-27],[-38,-65],[-74,17],[-124,-23],[-29,-14],[-55,37],[-49,10],[-71,-35],[-54,-14],[-67,5],[-75,-28],[-43,-34],[-53,25],[-72,6],[-105,-10],[-97,-22],[-140,-74],[-79,-85],[-27,-71],[3,-55],[24,-35],[59,-5],[58,-23],[-120,-67],[-31,9],[9,45],[-72,-39],[-44,11],[-21,28],[-43,-7],[-44,15],[-24,-23],[-70,16],[-19,-29],[-61,0],[-22,21],[-95,-5],[-78,-24],[-103,12],[-104,40],[-85,-10],[-58,24],[-125,-26],[-106,22],[-18,-21],[-72,29],[-32,-24],[-31,64],[-86,72],[-97,13],[-16,28],[-60,0],[-57,48],[-92,35],[-47,-5],[-140,80],[-152,56],[-180,73],[-203,115],[-26,24],[-112,72],[-49,14],[-86,78],[-149,94],[-165,111],[-56,24],[-107,64],[-160,82],[-264,120],[-227,96],[-271,102],[-153,49],[-210,54],[-97,15],[-179,52],[-387,48],[-221,22],[-261,10],[-208,18],[-119,17],[-176,33],[-162,18],[-171,6],[-197,0],[-76,-7],[-195,-32],[-182,-38],[-52,-5],[-139,-41],[-199,-75],[-137,-85],[-60,-8],[-109,-93],[-62,-19],[-96,-55],[-86,-60],[-66,-17],[-321,-167],[-90,-84],[-30,-99],[20,-41],[52,-53],[34,-15],[35,-52],[2,-49],[-27,-66],[155,-1],[54,9],[-18,-48],[-15,-116],[60,-77],[-8,-24],[93,-119],[25,-51],[35,-27],[81,-15],[-16,-63],[114,-121],[-113,4],[-164,-10],[-41,-24],[-3,-28],[30,-46],[-5,-56],[-50,-14],[-90,72],[-5,48],[-28,31],[-157,20],[-117,46],[-54,10],[-153,6],[-76,-24],[-32,-29],[-40,-77],[-5,-46],[-25,-33],[-97,-21],[-17,-52],[4,-44],[-18,-46],[25,-76],[-24,-49],[-49,-20],[-10,-43],[-82,-15],[-80,17],[-45,41],[-59,17],[-83,64],[0,62],[-50,25],[7,45],[52,28],[37,50],[-48,99],[-39,39],[-38,61],[-265,150],[-508,213],[-144,29],[-62,4],[-140,-9],[-142,-21],[-156,-51],[-79,-46],[-25,-34],[8,-42],[42,-41],[31,-125],[33,-82],[-22,-20],[-70,-5],[-89,24],[-58,55],[-126,45],[-155,-2],[-47,49],[-56,34],[-33,44],[7,91],[24,33],[25,91],[45,44],[54,23],[103,78],[91,34],[18,36],[61,41],[21,36],[-22,101],[-54,138],[-59,103],[-142,186],[-83,102],[-123,126],[-54,70],[-78,56],[-71,73],[-100,79],[-79,84],[-139,117],[-122,93],[-94,83],[-258,204],[-32,21],[-154,125],[-151,113],[-195,137],[-228,148],[-25,21],[-372,220],[-26,9],[-179,106],[-58,14],[-38,28],[-140,71],[-248,135],[-262,125],[-115,48],[-31,1],[-158,82],[-122,38],[-126,82],[-109,49],[-254,98],[-129,63],[-161,71],[-301,108],[-325,95],[-333,49]],[[450133,65909],[-32,-18],[-46,8],[44,45],[34,-35]],[[449234,62457],[-63,55],[18,21],[57,-45],[-12,-31]],[[429735,70454],[-58,-52],[-6,63],[45,17],[19,-28]],[[449951,66044],[-18,60],[88,-51],[-70,-9]],[[443329,60228],[56,33],[10,-33],[-32,-44],[-34,44]],[[450068,66051],[84,-10],[-21,-27],[-92,10],[29,27]],[[431806,69280],[-32,35],[23,35],[57,-51],[-48,-19]],[[443375,60289],[-27,57],[31,3],[42,-42],[-46,-18]],[[448311,65826],[-23,-26],[-89,-3],[14,32],[61,9],[37,-12]],[[449021,62731],[33,-18],[-4,-41],[-53,8],[-16,52],[40,-1]],[[447050,62886],[-10,-38],[-68,-21],[-30,21],[88,62],[20,-24]],[[447453,65048],[121,41],[-6,-31],[-65,-28],[-50,18]],[[444340,59666],[-49,66],[37,31],[38,-33],[26,-75],[-52,11]],[[443185,62101],[-8,29],[102,29],[38,-32],[-116,-46],[-16,20]],[[448489,64968],[19,31],[90,1],[105,29],[-10,-40],[-65,-9],[-63,14],[-76,-26]],[[443392,61462],[60,-2],[-14,-64],[-45,9],[-31,36],[30,21]],[[431398,68307],[-10,-19],[68,-52],[-27,-39],[-60,6],[-36,30],[44,71],[21,3]],[[444497,59832],[-64,37],[-43,65],[70,-19],[70,2],[70,-44],[-59,-73],[-44,32]],[[450367,66152],[-90,17],[7,56],[55,6],[89,-24],[64,-64],[-57,-13],[-68,22]],[[449775,65593],[30,47],[85,33],[52,-21],[-107,-41],[-146,-86],[-65,-54],[-212,-131],[86,98],[38,30],[96,26],[110,82],[33,17]],[[449110,65845],[10,28],[86,45],[28,-24],[18,-77],[48,-24],[-14,-38],[-99,30],[-75,44],[-2,16]],[[451061,66156],[-121,-4],[-11,-25],[-69,-1],[-95,-38],[-32,-56],[-59,-11],[48,93],[53,69],[43,14],[40,-30],[144,0],[59,-11]],[[448592,65300],[70,14],[47,24],[47,-17],[123,5],[123,44],[41,-20],[-136,-78],[-112,12],[-115,2],[-88,14]],[[387094,69305],[-13,-31],[-126,-68],[-36,93],[1,27],[64,31],[96,19],[60,2],[17,-29],[-63,-44]],[[443292,60562],[-1,21],[-70,8],[-18,17],[-2,63],[-32,48],[-12,52],[24,23],[42,-23],[2,-35],[45,-110],[41,1],[112,-67],[-49,-101],[-51,12],[-7,59],[-24,32]],[[449476,65778],[7,47],[72,39],[74,62],[32,-6],[13,-48],[-22,-57],[48,-50],[-147,-26],[-55,-23],[-22,62]],[[492188,80406],[-16,72],[52,11],[3,36],[-35,76],[114,-93],[11,-34],[35,-25],[-17,-25],[13,-44],[-18,-41],[-36,-2],[-95,26],[-11,43]],[[449819,65965],[-18,88],[93,-2],[44,-37],[66,-31],[-10,-46],[-49,-12],[-65,24],[-92,-83],[-39,-11],[-45,17],[-16,62],[54,-22],[58,17],[19,36]],[[451038,65926],[6,-55],[83,-22],[80,-5],[-8,-24],[-204,46],[-220,11],[-85,-3],[-79,-15],[-171,-63],[-115,-56],[-14,26],[107,32],[70,35],[155,53],[72,12],[69,28],[71,11],[63,-21],[120,10]],[[422473,71330],[18,31],[-18,55],[-47,9],[3,48],[35,10],[52,63],[102,93],[41,-31],[-42,-115],[58,18],[57,-4],[37,18],[-2,48],[140,18],[28,-33],[-57,-54],[-116,-43],[-99,-13],[-121,-34],[-60,2],[17,-65],[52,-36],[-18,-18],[-60,33]],[[451428,66100],[88,81],[-20,15],[-152,2],[17,38],[56,-7],[18,20],[151,66],[95,75],[26,33],[69,-24],[104,-2],[-93,-56],[-121,-118],[-142,-114],[-196,-177],[18,122],[36,35],[46,11]],[[446368,65437],[-3,22],[126,-5],[55,13],[75,-2],[75,-23],[35,4],[45,-35],[82,-38],[-93,-68],[-74,42],[-44,44],[-71,0],[-24,-23],[-112,29],[-65,-63],[-56,-34],[-47,-8],[-96,-42],[-90,-2],[-35,11],[-1,34],[66,131],[32,40],[65,22],[61,-5],[94,-44]],[[448456,65597],[102,-1],[52,8],[44,36],[17,-40],[-108,-22],[34,-30],[50,6],[32,-16],[25,60],[33,30],[134,-16],[8,-47],[73,30],[203,-6],[-74,-43],[71,-18],[51,6],[9,-58],[-27,-34],[-124,-19],[-86,0],[-91,-41],[-198,-41],[-48,11],[-45,-13],[-48,-37],[-122,12],[-58,12],[-65,-14],[-80,19],[-49,55],[-32,-30],[47,-28],[75,-20],[-26,-35],[-80,39],[-142,90],[-6,51],[29,34],[146,96],[92,50],[120,2],[-5,-29],[67,-9]],[[451264,66673],[-37,43],[138,-22],[71,3],[23,46],[67,18],[113,-13],[96,-37],[105,2],[69,16],[20,-21],[-28,-85],[2,-37],[-89,-37],[-86,-17],[-75,-4],[-66,-44],[-129,-35],[-63,-32],[-51,-8],[-241,-98],[16,-45],[-90,12],[5,24],[-159,5],[-75,15],[-27,19],[13,55],[-45,87],[9,27],[47,19],[45,-42],[41,31],[-6,101],[22,41],[77,26],[19,27],[63,0],[44,35],[72,2],[1,-46],[22,-35],[67,4]],[[447745,65068],[72,83],[118,16],[53,-52],[-18,-37],[44,-7],[19,28],[49,-21],[-99,-66],[63,-1],[63,52],[112,-17],[-28,-38],[22,-64],[55,29],[34,-14],[180,-35],[-96,-37],[-106,-3],[-118,-36],[-84,-39],[-138,-81],[-120,-96],[-96,-86],[-107,-63],[-74,-31],[-77,-12],[-67,7],[-73,30],[-73,53],[-163,52],[-271,58],[-37,16],[-119,134],[-182,183],[-52,64],[-35,66],[84,57],[-12,40],[10,48],[58,-12],[88,0],[34,11],[78,-8],[94,17],[93,87],[22,-47],[89,-9],[37,-65],[-19,-20],[-108,-24],[29,-40],[70,-4],[74,64],[73,36],[8,22],[77,-16],[70,3],[66,20],[-100,-143],[-65,12],[-60,-32],[-17,-34],[-125,-41],[-66,-78],[12,-27],[53,-3],[80,30],[-3,-44],[-140,-53],[-97,-16],[13,-22],[99,7],[36,-11],[85,32],[58,-5],[156,44],[94,-16],[-2,34],[131,66],[0,21],[192,84]],[[430196,68164],[-13,-36],[-74,12],[-74,-37],[-23,-78],[-52,-33],[-33,-75],[-33,-2],[-41,-54],[-58,26],[-12,23],[-76,-12],[-49,74],[-82,38],[-42,-24],[-79,49],[-61,-14],[-25,32],[-155,-1],[-18,45],[-64,-10],[-141,17],[-60,-3],[-40,-25],[-5,-41],[-57,-15],[-36,12],[-74,-17],[-18,-19],[-97,2],[-89,-7],[-61,16],[59,44],[7,36],[53,18],[10,39],[31,14],[54,-42],[80,34],[69,2],[51,46],[17,49],[-9,80],[38,23],[22,55],[-12,30],[51,59],[22,61],[67,52],[59,60],[96,15],[52,32],[211,79],[51,50],[114,36],[110,14],[70,-13],[132,1],[89,33],[94,4],[52,-23],[110,-7],[284,-25],[49,9],[124,4],[27,-38],[-159,-26],[-17,-35],[-69,-18],[39,-26],[56,26],[2,25],[53,17],[71,-11],[35,-20],[116,1],[30,-15],[79,-4],[7,-75],[-83,-9],[-46,-32],[-48,-99],[-82,-53],[6,-90],[57,-26],[75,12],[26,37],[32,1],[-20,-61],[39,-57],[-36,-39],[-61,9],[-32,-40],[-9,-66],[18,-30],[80,-14],[81,0],[74,-21],[132,40],[33,-3],[66,28],[81,-61],[104,-11],[85,28],[59,-4],[20,-34],[61,-55],[-25,-21],[-161,-30],[-74,-67],[-11,-61],[-28,-54],[2,-53],[105,-95],[56,-21],[48,-54],[85,-12],[-20,-68],[-45,-49],[33,-72],[-127,-19],[-19,51],[-70,13],[-30,54],[41,10],[8,54],[-31,51],[-72,81],[-119,103],[-193,152],[-94,64],[-77,33],[-49,7],[-21,23],[-57,12],[-74,33],[-86,8],[-88,19],[-18,36],[-89,-31],[-38,1],[-103,51],[-106,-12]],[[430707,69578],[-42,-14],[-62,8],[25,-84],[-8,-34],[-40,-4],[-52,-48],[-36,83],[60,67],[32,84],[-11,86],[-16,40],[39,85],[-26,90],[-23,40],[-5,105],[64,143],[38,131],[27,144],[-11,37],[54,115],[11,53],[-17,56],[17,117],[28,33],[-14,57],[26,75],[90,21],[94,-6],[71,-39],[65,-5],[70,-53],[144,-31],[53,-59],[46,-91],[129,-83],[60,-13],[85,-2],[104,-22],[110,-12],[140,15],[140,62],[137,37],[67,10],[169,-44],[152,7],[80,-5],[82,19],[85,-13],[73,-48],[82,-109],[12,-78],[94,-95],[61,-39],[56,-11],[44,-33],[61,-2],[32,-53],[39,-26],[99,-102],[-35,-7],[-93,-52],[-175,-68],[-52,-48],[-81,-2],[-123,9],[-139,-31],[-32,-25],[-45,16],[-53,-11],[-104,1],[-81,-25],[-89,21],[-119,-9],[-110,-56],[-69,-69],[-63,-30],[-43,-75],[48,-69],[-9,-35],[-99,-35],[13,-99],[-67,-2],[-54,-39],[-33,62],[-43,18],[-53,-26],[-41,2],[-73,-46],[-14,-46],[-42,-20],[-24,-76],[-49,1],[-51,31],[-33,40],[-118,34],[-54,-20],[-52,28],[-79,-21],[-18,58],[-61,65],[-37,20],[-76,5],[-67,39],[-39,2],[-136,35],[-17,-7]],[[373661,191920],[1,2295],[-4,3700],[4,1021],[2,5087],[1,5230],[0,764],[0,4214],[-1,4896],[-1,1921],[0,909],[0,1085],[0,1434],[0,1271],[0,1085],[0,808],[0,1084],[0,2289],[-1195,1],[-695,-1],[-1137,0],[-1109,0],[-1109,-1],[-1108,4],[-277,-4],[-833,0],[-1109,-1],[-6424,0],[-1737,0],[-1109,0],[-1109,0],[-986,-3],[-123,2],[-1108,0],[-1172,0],[-1109,0],[-1029,-1],[-1189,0],[-1636,0],[-2731,0],[-1161,-1],[-1109,0],[-1109,0],[-971,0],[-1109,0],[-1109,-1],[-1109,0],[-1109,0],[-1108,0]],[[333735,231007],[-1,1047],[-1,3255],[0,1085],[-1,1639],[-26,4156],[25,2884],[-1,1085],[-2,7594],[0,1085],[1,2482],[-2,772],[0,1085],[1,2251],[-2,1004],[-2,811],[2,273],[-1,1086],[-1,5424],[-1,2191],[-1,834],[-1,2452],[-1,1051],[-1,1041],[-3,5424],[-1,1028],[0,1084],[-2,2047],[-1,2293],[-1,1085],[-1,2170],[-1,1085],[-1,2169],[-1,864],[-1,2537],[-2,3109],[-1,1084],[-1,2586],[-1,669],[-1,1085],[0,1085],[-1,1085],[0,923],[-2,2170],[0,1084],[-2,4021],[-2,1126],[1,1363],[-1,1350],[9,1696],[-11,2829],[1,460],[-3,5693],[-2,2345],[-4,5036],[-11,2067],[7,5316],[-3,6582],[-1,6]],[[333675,354150],[88,-81],[241,-138],[117,-101],[25,-74],[79,-28],[81,-40],[70,-60],[74,-91],[43,-84],[56,-78],[32,-21],[110,-99],[121,-73],[30,-52],[32,-14],[76,-74],[140,-125],[156,-128],[55,-68],[32,-22],[50,-7],[86,-50],[85,-65],[148,-76],[93,-40],[60,-44],[26,-62],[133,-73],[71,-58],[258,-132],[256,-97],[166,-53],[109,-30],[419,-93],[86,-27],[25,-30],[188,-152],[96,-50],[93,-26],[39,-23],[117,-29],[117,-95],[18,5],[-5,59],[68,14],[-1,50],[49,29],[99,4],[-31,-31],[95,-25],[44,28],[56,7],[97,-14],[23,6],[128,-37],[191,-85],[221,-126],[64,-60],[64,-46],[43,-18],[0,-22],[56,-6],[109,-81],[38,41],[67,22],[197,-10],[124,-59],[123,-23],[106,-49],[4,47],[-47,-4],[-33,52],[30,13],[40,-34],[52,11],[49,-79],[49,29],[83,16],[112,-9],[92,-18],[116,-6],[289,-1],[82,8],[192,45],[144,14],[232,-5],[99,25],[143,8],[25,36],[49,12],[73,-7],[83,9],[33,35],[79,-11],[22,-23],[62,-11],[53,-20],[167,-51],[25,-15],[-21,-54],[43,-50],[51,-43],[70,-38],[75,-52],[98,-49],[117,-47],[153,-49],[121,-47],[189,-54],[206,-83],[82,-25],[80,-35],[67,-93],[47,7],[139,-68],[193,-71],[293,-77],[198,-43],[111,-72],[77,-74],[102,-52],[177,-53],[168,-25],[135,-43],[39,-53],[39,-15],[56,46],[51,-1],[-32,-45],[31,-18],[56,0],[42,26],[81,25],[44,40],[63,12],[72,-21],[-8,-21],[68,-35],[169,-35],[40,-36],[47,-21],[21,21],[112,15],[191,-29],[71,-3],[58,18],[144,-43],[42,0],[94,-21],[53,-29],[78,-25],[70,-40],[39,-35],[61,-28],[76,-48],[135,-59],[15,-22],[5,-66],[-42,-28],[-33,-54],[28,-152],[87,-169],[30,-35],[121,-102],[77,-34],[67,-59],[63,-35],[93,-91],[-9,-45],[22,-80],[28,-56],[90,-95],[85,-60],[30,6],[101,-40],[169,-85],[228,-90],[169,-48],[161,-93],[-60,-68],[-25,-100],[-76,-124],[-18,-56],[-43,-211],[-5,-134],[25,-169],[31,-97],[39,-67],[35,-206],[7,-86],[41,-207],[2,-142],[10,-73],[50,-162],[27,-10],[13,-39],[-14,-47],[38,-32],[65,-163],[3,-54],[39,-9],[-1,-79],[44,-91],[25,-8],[56,-102],[38,-54],[71,-160],[30,-94],[44,-62],[48,-94],[-10,-22],[38,-56],[10,-50],[28,6],[33,-69],[28,-85],[99,-157],[96,-138],[93,-77],[50,-66],[51,-48],[140,-106],[130,-75],[104,-72],[215,-111],[71,-54],[132,-58],[114,-68],[23,-44],[32,22],[120,-32],[72,-11],[183,-80],[54,-32],[73,6],[180,-6],[79,12],[274,9],[86,8],[178,-2],[140,-27],[156,-86],[31,-10],[201,-112],[52,-43],[-21,-65],[-75,-97],[-15,-134],[21,13],[2,81],[36,80],[63,69],[16,31],[48,15],[54,-20],[102,-20],[121,-45],[177,-127],[37,-44],[52,-10],[57,-53],[83,-96],[56,-22],[8,-33],[71,-32],[75,-18],[119,-59],[42,-33],[94,-94],[133,-155],[-8,-23],[-42,-7],[-10,-56],[77,-43],[62,-5],[32,-19],[56,3],[102,-57],[44,-3],[120,-35],[97,-56],[66,-170],[81,-114],[71,12],[91,-160],[37,-37],[52,-30],[100,-37],[118,-60],[45,-38],[12,-39],[33,-7],[19,-30],[52,12],[166,-40],[103,-42],[29,14],[66,-6],[206,-38],[38,-50],[27,36],[122,-9],[27,-17],[20,-50],[46,6],[47,57],[48,-6],[13,-24],[62,-41],[60,-18],[74,-91],[144,-59],[-6,38],[54,-4],[38,-37],[-2,-59],[-22,-63],[60,-15],[66,8],[110,36],[86,3],[85,-13],[94,-38],[22,-27],[60,2],[37,44],[53,4],[12,-36],[62,3],[33,51],[67,47],[71,0],[59,-42],[24,-61],[45,-46],[38,-21],[49,-47],[17,-34],[-14,-45],[-57,-49],[-19,-69],[19,-39],[141,4],[-6,38],[-31,9],[34,76],[40,-5],[265,-121],[138,-58],[210,-69],[44,-7],[133,-40],[46,-4],[45,-31],[66,-8],[69,-23],[165,-78],[36,-31],[34,-71],[-64,-89],[46,-43],[-12,-70],[24,-89],[64,-120],[90,-118],[172,-165],[117,-95],[117,-86],[68,-39],[111,-50],[140,-49],[163,-37],[135,-20],[237,-28],[120,-6],[143,3],[66,-9],[97,12],[191,-8],[138,31],[70,7],[208,9],[32,21],[152,41],[180,31],[104,-8],[135,47],[88,15],[103,-3],[55,32],[152,31],[98,6],[74,-39],[22,-41],[29,-6],[38,38],[130,43],[44,3],[138,43],[164,25],[84,-7],[129,27],[107,14],[59,-13],[16,25],[129,21],[29,-6],[77,31],[82,20],[140,12],[197,5],[148,25],[97,7],[157,40],[185,30],[191,62],[281,141],[111,81],[108,62],[80,70],[157,79],[89,-8],[-4,-50],[88,-22],[17,-13],[77,53],[105,-7],[121,30],[139,53],[55,15],[224,92],[75,44],[100,42],[52,41],[152,76],[33,31],[111,69],[136,77],[94,15],[199,45],[76,-12],[37,19],[10,28],[37,30],[55,15],[28,25],[323,184],[184,131],[49,45],[65,76],[38,-1],[53,34],[-6,21],[43,47],[115,105],[-2,38],[48,49],[35,3],[162,103],[173,88],[53,40],[46,65],[35,0],[55,-38],[129,-28],[123,36],[5,22],[109,154],[34,38],[55,39],[114,107],[134,89],[105,17],[119,31],[191,76],[79,17],[73,27],[47,-8],[171,1],[-14,90],[20,43],[85,97],[135,126],[9,48],[68,88],[97,156],[101,127],[57,87],[70,93],[55,87],[53,46],[50,-7],[-47,86],[24,87],[51,110],[51,146],[11,13],[-7,79],[20,52],[28,110],[40,83],[-14,31],[1,151],[12,111],[25,12],[29,51],[11,56],[26,40],[-33,35],[6,75],[41,23],[-8,42],[17,18],[1,271],[18,119],[36,159],[48,93],[43,59],[34,74],[39,15],[-11,78],[4,91],[39,63],[79,91],[64,23],[27,27],[-22,28],[-7,48],[49,152],[48,109],[65,104],[-17,70],[24,114],[30,190],[16,191],[-7,115],[41,97],[57,8],[-80,55],[8,100],[-15,44],[-8,125],[-40,78],[6,93],[-11,56],[-29,16],[-22,82],[9,72],[73,290],[66,191],[63,124],[31,49],[32,72],[81,123],[105,36],[17,37],[66,55],[36,17],[75,59],[171,152],[31,23],[86,107],[129,141],[77,100],[85,97],[72,104],[77,98],[188,271],[77,140],[37,86],[26,99],[44,117],[11,136],[-33,-2],[12,109],[31,143],[36,47],[145,-10],[60,46],[81,37],[132,80],[192,150],[160,142],[42,50],[103,96],[143,146],[293,335],[100,149],[91,142],[32,68],[43,15],[55,136],[114,200],[53,131],[24,119],[27,96],[11,135],[11,51],[-2,80],[44,35],[-1,57],[44,109],[3,81],[-14,49],[11,75],[72,116],[28,6],[48,54],[4,37],[47,126],[31,41],[62,49],[60,26],[59,-4],[42,-44],[48,-14],[38,62],[14,51],[-9,83],[98,170],[25,9],[-4,63],[51,97],[22,72],[52,100],[56,94],[7,62],[50,124],[31,126],[13,115],[12,46],[-13,118],[-30,92],[-16,22],[-101,97],[-76,117],[11,31],[-14,70],[3,81],[-15,46],[20,41],[43,28],[-26,32],[37,48],[28,-22],[37,15],[56,135],[8,53],[55,87],[72,166],[85,141],[47,131],[93,333],[40,122],[41,88],[-8,26],[36,75],[3,46],[35,71],[23,85],[39,94],[4,63],[28,86],[-2,66],[27,70],[-26,172],[11,67],[59,145],[39,65],[164,237],[28,54],[65,85],[61,108],[125,173],[6,31],[100,125],[69,101],[42,83],[34,47],[83,142],[78,156],[46,74],[38,112],[73,141],[22,103],[0,110],[-16,96],[-40,104],[-37,31],[-50,82],[-14,55],[-26,9],[-22,68],[-51,72],[1,31],[-29,17],[-39,149],[-47,236],[-16,16],[-41,142],[-18,87],[-20,54],[4,25],[-29,74],[3,73],[-33,117],[-23,9],[-17,59],[-57,128],[-110,166],[-49,84],[8,17],[91,51],[80,5],[79,-24],[64,46],[-22,66],[7,58],[42,95],[46,78],[83,202],[22,127],[24,81],[40,229],[15,244],[14,88],[28,353],[7,139],[14,110],[-3,121],[15,49],[5,209],[13,139],[32,200],[49,234],[7,61],[56,250],[-6,24],[21,108],[-16,17],[44,80],[41,94],[58,234],[43,222],[63,194],[10,56],[100,392],[66,219],[34,138],[52,140],[88,213],[68,80],[-15,23],[30,57],[95,119],[61,98],[35,81],[64,196],[132,337],[111,240],[25,78],[40,94],[27,85],[39,96],[31,117],[82,262],[-29,21],[-2,54],[86,230],[130,143],[61,90],[48,82],[37,107],[41,85],[28,107],[66,327],[41,291],[7,184],[-22,128],[-14,45],[46,13],[67,109],[80,47],[3,34],[28,51],[49,53],[118,103],[25,31],[75,63],[163,117],[14,36],[32,19],[71,97],[24,61],[31,153],[-4,31],[-90,188],[-41,101],[2,44],[35,48],[53,34],[3,62],[-20,30],[34,72],[41,116],[58,90],[76,21],[4,29],[50,84],[23,91],[41,-25],[34,116],[25,119],[14,28],[9,95],[23,111],[1,130],[-30,139],[-28,64],[-28,96],[-64,123],[-48,27],[50,-93],[79,-190],[-8,-15],[-76,189],[-62,123],[-48,74],[-25,19],[-77,90],[-81,103],[-16,-5],[-52,93],[-39,85],[-7,40],[-62,155],[-3,63],[-34,13],[-73,133],[-138,281],[-67,169],[-23,44],[-31,100],[-37,58],[0,66],[-14,9],[-11,150],[-37,231],[-9,95],[-25,90],[-17,93],[-44,131],[-43,165],[-42,84],[0,82],[-34,141],[-34,186],[15,62],[-12,17],[-3,193],[-14,162],[-36,249],[-24,125],[-98,406],[-7,60],[4,174],[6,35],[10,231],[-19,209],[-31,130],[-39,128],[-43,118],[-76,390],[-29,47],[-17,65],[-15,103],[-41,142],[-81,251],[0,50],[79,442],[119,406],[79,308],[54,191],[46,138],[53,138],[79,221],[35,69],[20,63],[142,304],[21,8],[38,80],[136,344],[67,215],[33,167],[22,157],[-43,490],[-37,104],[-31,151],[15,29],[-24,233],[24,103],[36,117],[20,132],[2,68],[-8,94],[-34,88],[0,58],[-29,41],[-67,189],[-92,196],[-131,201],[-174,203],[-98,101],[-44,34],[-230,219],[-27,21],[-169,168],[-67,71],[-220,266],[-178,271],[-74,96],[-29,67],[-56,200],[-23,42],[11,23],[-6,200],[-24,149],[-2,290],[8,92],[20,93],[11,101],[34,177],[99,408],[67,201],[69,231],[11,137],[35,134],[51,334],[31,157],[11,161],[13,92],[12,280],[14,112],[2,72],[18,64],[30,192],[58,279],[17,43],[23,107],[30,62],[23,127],[68,240],[37,77],[66,173],[34,58],[60,175],[23,39],[74,157],[69,169],[62,93],[71,73],[88,66],[115,121],[27,21],[62,78],[98,103],[45,67],[41,89],[37,53],[23,60],[51,99],[49,136],[113,354],[18,33],[68,178],[48,75],[42,114],[58,50],[266,322],[-4,26],[237,285],[34,30],[101,133],[102,185],[49,124],[26,116],[9,72],[-39,230],[-32,133],[-20,33],[-36,13],[-34,104],[-54,99],[-41,49],[-34,19],[-62,-11],[-52,43],[-28,59],[-78,15],[-26,100],[-72,95],[-3,95],[-29,98],[-39,71],[-55,65],[-66,47],[-58,-2],[-28,14],[-6,35],[14,41],[-9,110],[-17,72],[-66,101],[0,98],[-19,169],[-67,136],[-12,84],[-25,32],[39,94],[7,81],[23,90],[0,123],[-24,77],[0,65],[20,67],[-14,80],[-55,132],[-58,67],[-63,56],[-118,64],[-31,-4],[-40,-37],[-22,18],[7,59],[-16,113],[-24,49],[-41,46],[105,205],[25,60],[10,54],[60,128],[43,134],[17,23],[46,0],[49,50],[53,69],[107,157],[91,170],[65,39],[38,55],[37,-51],[0,-50],[24,-23],[47,-11],[68,11],[126,79],[84,103],[60,129],[91,30],[120,113],[128,5],[70,19],[43,22],[82,13],[43,39],[63,112],[31,38],[49,16],[50,60],[34,-6],[70,22],[57,51],[51,73],[21,72],[58,96],[62,60],[54,74],[55,105],[48,136],[25,50],[9,53],[30,87],[14,91],[71,119],[119,331],[40,66],[11,45],[70,161],[31,97],[21,103],[40,119],[8,54],[6,146],[15,96],[18,50],[55,30],[46,10],[90,41],[45,-15],[47,-42],[10,-25],[149,-125],[73,-11],[29,-15],[88,45],[50,-15],[81,-78],[195,287],[-43,11],[-42,-13],[-42,12],[-26,46],[-31,19],[-62,13],[-172,-22],[-4,16],[-82,-20],[-49,55],[-49,28],[-30,65],[-29,28],[-10,59],[29,63],[37,23],[40,-38],[33,-5],[45,19],[58,68],[125,17],[58,-7],[23,17],[70,117],[70,-6],[29,14],[25,40],[16,60],[62,-12],[62,37],[40,44],[52,107],[10,48],[0,110],[-35,50],[-94,37],[-23,28],[-41,10],[-51,-33],[-29,-47],[-46,9],[-100,-22],[-66,-30],[-104,-32],[-46,28],[-61,9],[-36,-13],[-55,15],[-57,-10],[-42,-28],[-64,-74],[-33,0],[-52,53],[-1,93],[-34,53],[-67,51],[-44,13],[-84,-20],[-69,8],[-3,32],[-29,37],[-86,34],[-68,2],[-72,37],[-29,40],[-47,33],[-29,77],[31,35],[6,63],[-56,-5],[-43,40],[29,47],[-10,54],[-108,73],[-68,2],[-64,-13],[-64,24],[-47,60],[-40,30],[-41,5],[-56,33],[-22,-9],[-100,39],[-47,35],[-56,18],[-43,-17],[-56,9],[-83,-185],[33,-84],[-2,-62],[-34,-55],[-48,-54],[-6,-44],[-62,-58],[-67,6],[-120,-5],[-62,6],[-95,-10],[-86,-26],[-48,-28],[-82,-74],[-26,-38],[6,-45],[-127,10],[-75,-32],[-22,-44],[-29,6],[-58,64],[-76,46],[-81,28],[-98,-2],[-31,46],[-93,54],[7,67],[25,72],[26,40],[67,129],[79,191],[30,141],[111,262],[133,237],[54,130],[233,465],[103,237],[112,277],[71,193],[41,92],[49,147],[49,119],[50,152],[46,117],[41,144],[26,75],[30,115],[38,97],[18,87],[24,69],[-1,70],[25,171],[47,87],[60,160],[25,91],[42,69],[123,55],[87,78],[45,67],[51,100],[140,306],[51,92],[84,190],[6,29],[56,116],[54,132],[23,43],[67,156],[57,107],[67,156],[35,69],[34,86],[76,156],[141,354],[109,217],[83,124],[43,11],[29,62],[82,75],[41,60],[102,192],[100,211],[92,91],[38,50],[102,90],[85,96],[76,64],[51,24],[54,5],[92,-24],[77,9],[78,-1],[30,-47],[-62,-5],[-102,-90],[-81,-105],[-29,-75],[1,-47],[-22,-43],[20,-38],[43,-46],[6,-110],[96,-164],[39,-52],[33,-22],[53,4],[-2,-53],[14,-39],[66,-96],[49,-117],[7,-48],[-17,-82],[-15,-27],[-5,-92],[8,-66],[-2,-114],[14,-47],[14,-111],[28,-48],[16,-121],[43,-258],[16,-49],[53,-106],[99,-88],[49,-51],[35,-21],[16,-47],[-100,-72],[-83,-79],[-43,-31],[-153,-30],[-39,-13],[148,-49],[55,23],[23,26],[121,73],[89,81],[29,77],[-10,66],[-50,56],[-100,86],[-74,201],[-4,114],[-17,33],[-10,63],[1,87],[11,120],[16,49],[4,61],[20,50],[113,115],[75,69],[106,143],[47,44],[105,3],[55,-25],[175,-142],[48,-6],[72,-32],[27,-23],[241,267],[-72,78],[-30,146],[-32,55],[-10,50],[-88,88],[-29,55],[-85,109],[-176,162],[-18,25],[-97,47],[-33,9],[-50,-13],[-116,-55],[-58,43],[-22,0],[-23,55],[-10,85],[2,90],[11,104],[3,86],[42,185],[-1,65],[34,156],[27,256],[2,127],[15,82],[12,119],[30,132],[8,76],[95,426],[78,243],[44,101],[83,226],[93,112],[136,88],[50,21],[47,88],[-6,11],[2,137],[18,140],[48,149],[47,187],[27,88],[26,137],[7,96],[18,99],[15,20],[93,45],[22,64],[-21,53],[7,99],[25,97],[126,380],[20,89],[75,215],[50,246],[59,231],[81,190],[11,9],[120,192],[24,95],[28,58],[65,172],[61,133],[68,222],[38,102],[27,26],[131,-6],[-1,124],[-42,-7],[1,120],[45,142],[15,75],[48,141],[50,210],[53,150],[49,210],[41,67],[7,99],[-7,38],[-2,103],[34,171],[22,137],[5,75],[19,116],[-2,114],[7,70],[0,227],[9,65],[-1,90],[-13,117],[-3,155],[-28,94],[-2,35],[-59,53],[6,91],[74,27],[49,35],[28,83],[57,35],[57,132],[36,140],[42,222],[22,241],[10,233],[24,97],[106,118],[-40,46],[-11,50],[5,51],[-45,68],[-41,85],[4,59],[70,4],[-19,134],[-35,77],[-40,154],[-13,27],[17,181],[-19,141],[-56,157],[-17,32],[-47,144],[-13,153],[-36,117],[-81,148],[22,25],[24,61],[9,53],[-6,117],[48,65],[26,96],[62,50],[49,53],[68,38],[103,79],[96,57],[175,89],[48,12],[79,40],[98,29],[106,13],[56,-18],[109,-77],[34,-17],[135,8],[90,29],[76,44],[124,86],[55,-26],[47,10],[35,-51],[81,-6],[86,39],[27,-32],[38,-1],[64,-38],[48,-1],[46,14],[65,37],[93,91],[36,-7],[93,75],[47,9],[40,-11],[34,-52],[38,13],[25,41],[74,73],[27,12],[48,58],[37,-1],[68,56],[85,20],[62,43],[27,36],[64,165],[10,75],[52,39],[11,38],[1,92],[97,66],[72,41],[77,93],[62,33],[59,100],[34,103],[28,151],[25,-5],[56,67],[27,61],[37,44],[39,132],[4,86],[-8,14],[28,123],[59,130],[61,64],[50,117],[-8,80],[-39,67],[7,16],[70,39],[-11,41],[87,85],[48,67],[55,-32],[31,-69],[38,-28],[132,-19],[25,-10],[135,1],[160,21],[70,17],[74,35],[78,-14],[38,32],[68,26],[57,42],[-17,48],[26,61],[35,9],[0,-43],[100,47],[86,52],[33,41],[9,51],[64,-72],[62,-56],[-41,-26],[-5,-28],[22,-61],[70,-73],[103,-12],[27,-73],[25,-29],[0,-51],[39,-42],[70,24],[31,51],[56,-34],[-5,-79],[76,-21],[73,97],[20,-17],[-11,-67],[20,-33],[66,11],[38,-13],[18,-26],[0,-61],[18,-19],[44,-3],[46,-21],[73,-50],[44,-16],[-43,-35],[-41,-2],[-79,-85],[-6,-49],[39,-20],[-26,-44],[-85,-30],[-49,-56],[-26,-53],[37,-44],[-61,-44],[-24,2],[-40,-59],[-11,-49],[6,-41],[-102,33],[-48,-19],[-49,-78],[-40,-162],[-32,-40],[-3,-72],[-40,3],[-45,-60],[-31,-74],[-68,-22],[-52,-88],[-34,-5],[-74,-36],[-71,18],[-71,-20],[-56,-2],[16,-58],[-26,-70],[-44,-87],[8,-190],[-16,-66],[3,-52],[35,-13],[4,-49],[29,-53],[-6,-61],[-27,-50],[20,-17],[-11,-90],[-52,-54],[-79,-11],[-69,-42],[69,-41],[-10,-50],[-29,-78],[-39,-59],[-41,-25],[31,-75],[7,-125],[-9,-46],[-73,-83],[-160,-120],[2,-88],[95,30],[34,37],[33,10],[58,57],[27,61],[30,32],[64,100],[7,78],[55,98],[44,49],[76,41],[35,34],[76,100],[24,4],[156,187],[-6,113],[20,40],[24,3],[1,53],[73,86],[62,44],[9,53],[41,23],[37,-21],[44,14],[97,-19],[-10,24],[-50,25],[7,34],[73,26],[22,-91],[59,-52],[147,-56],[-4,31],[-50,35],[-35,64],[-2,54],[52,34],[98,-56],[85,-71],[44,-60],[27,-4],[43,-57],[38,-23],[29,-43],[3,-53],[25,-132],[-21,-58],[12,-25],[-38,-42],[50,-2],[2,-63],[-43,16],[-43,-63],[-9,-44],[-23,-24],[-12,-51],[73,-105],[110,-21],[79,21],[41,46],[79,16],[62,-12],[66,-28],[50,3],[219,-61],[38,-40],[60,-94],[-13,-37],[86,-180],[62,-36],[73,-19],[78,0],[19,-27],[31,40],[53,22],[93,54],[28,33],[4,59],[34,11],[21,-31],[-6,-41],[36,-63],[55,-2],[29,-28],[2,-72],[42,-62],[49,-13],[52,-51],[47,-6],[23,-34],[39,-19],[0,-90],[10,-47],[42,-36],[30,-8],[-28,-113],[15,-26],[-26,-115],[78,-91],[14,-115],[44,-31],[30,24],[35,-43],[29,4],[32,-102],[-22,-38],[22,-43],[60,-51],[91,-28],[3,-34],[29,-8],[8,-41],[42,-18],[-5,-46],[30,-37],[5,-78],[-21,-51],[20,-37],[4,-102],[22,-39],[-22,-36],[20,-111],[-17,-41],[-15,-97],[5,-31],[64,-48],[-19,-99],[12,-49],[40,-24],[-1,-72],[45,-35],[10,-49],[-2,-79],[-42,-160],[-4,-154],[-25,-110],[-34,-72],[-36,-121],[-2,-67],[-19,-35],[-51,-53],[52,-48],[-1,-78],[12,-30],[-7,-46],[22,-62],[-8,-54],[38,7],[25,-43],[20,-109],[-13,-35],[-2,-64],[13,-87],[-20,-51],[21,-47],[25,-12],[18,-55],[61,-82],[121,-40],[74,43],[50,-27],[-1,-44],[39,-42],[7,-47],[33,-49],[29,-93],[42,-32],[23,7],[88,-41],[40,-90],[19,-19],[60,-112],[26,-3],[47,-80],[14,-124],[28,-40],[74,-42],[-22,-122],[0,-37],[36,-108],[55,-31],[-5,-37],[-136,-182],[-53,-64],[-87,-127],[-138,-163],[-63,-123],[-11,-110],[-16,-75],[-27,-77],[3,-78],[-8,-145],[-16,-88],[54,-55],[44,-86],[73,-36],[8,-169],[-47,-95],[4,-102],[-6,-99],[8,-70],[-14,-187],[-14,-59],[6,-103],[24,-57],[36,-33],[71,-150],[56,-23],[0,-38],[40,-55],[-3,-101],[9,-12],[-12,-74],[-3,-103],[13,-41],[-9,-93],[27,-30],[33,-79],[-4,-49],[41,-43],[1,-96],[-16,-75],[21,-22],[1,-160],[-16,-50],[5,-59],[28,-40],[-4,-89],[0,-192],[-7,-202],[-25,-10],[-7,-79],[16,-37],[14,-181],[15,-48],[15,-109],[-2,-50],[-65,-36],[27,-35],[10,-53],[2,-84],[-56,-132],[-30,-92],[-15,-81],[-5,-130],[-8,-60],[-21,-14],[29,-54],[10,-56],[16,-15],[-4,-91],[-20,-27],[19,-151],[30,-119],[34,-7],[58,-57],[109,-55],[-6,-22],[28,-98],[40,-52],[52,-11],[24,-41],[59,-25],[91,-1],[36,21],[56,6],[38,-33],[26,-92],[60,-114],[66,-36],[96,-72],[24,79],[73,-5],[30,-26],[47,-9],[151,-65],[-6,-46],[42,8],[70,-70],[19,-62],[76,-55],[-4,-46],[58,-26],[18,-54],[51,-47],[58,-25],[67,-7],[14,35],[44,7],[55,-42],[121,-36],[158,-12],[107,6],[65,15],[115,14],[12,-11],[112,25],[118,53],[40,6],[54,40],[66,27],[62,-58],[-10,60],[22,44],[40,28],[154,74],[116,68],[85,81],[17,47],[6,58],[69,-47],[38,-9],[2,-53],[45,-64],[68,28],[30,-32],[60,18],[33,-31],[41,-14],[65,-41],[51,20],[25,-22],[3,-34],[44,-53],[53,14],[34,-26],[-2,-107],[13,-183],[31,-59],[35,-12],[30,-36],[40,-9],[45,-49],[-5,-52],[22,-35],[3,-43],[28,-52],[48,-55],[47,-32],[52,18],[45,30],[67,12],[85,36],[55,8],[190,63],[44,101],[18,-67],[45,5],[22,28],[-4,37],[72,1],[66,-70],[36,-72],[117,-11],[31,-26],[2,-51],[23,-23],[-36,-49],[-36,-7],[-69,-86],[-83,-30],[-16,-29],[-82,65],[0,45],[-31,16],[-7,37],[-34,24],[-74,-8],[-83,-46],[-122,-79],[-45,-19],[-77,-59],[-38,-100],[-27,-50],[-1,-54],[-32,-65],[-86,-115],[-35,-87],[-36,-41],[-18,-85],[-42,-90],[-25,-37],[-59,-36],[-52,-59],[4,-37],[-121,-239],[-68,-84],[-28,-45],[-18,-77],[-33,-20],[-25,-40],[-78,-90],[-62,-96],[-3,-52],[-25,-11],[-38,-68],[-33,-28],[-17,-46],[-44,-78],[-5,-39],[-78,-147],[-91,-137],[-18,-19],[-93,-33],[-39,-7],[-21,30],[-37,-11],[-8,-70],[77,-50],[14,-56],[61,-28],[30,34],[42,-24],[-20,-25],[-8,-86],[11,-42],[-52,-70],[-30,-89],[15,-58],[66,-3],[-11,-94],[34,-40],[21,-81],[-70,-82],[-29,-80],[-6,-44],[-32,-59],[-9,-111],[26,-46],[78,-18],[14,-20],[-6,-63],[-22,-3],[-38,-53],[-18,-46],[-15,-103],[-52,-87],[-29,-91],[-38,-227],[-3,-61],[-15,-27],[6,-117],[-3,-118],[31,-126],[46,-86],[93,12],[25,47],[56,2],[94,-19],[47,31],[86,13],[67,-53],[44,13],[42,-33],[44,-12],[28,18],[62,-9],[43,21],[47,0],[215,-31],[65,6],[23,19],[43,-19],[56,19],[10,33],[50,-19],[39,20],[36,-91],[150,-7],[28,-35],[95,-53],[28,-37],[35,-16],[90,-10],[28,-24],[70,-118],[41,-24],[8,-32],[69,-62],[81,-20],[49,3],[72,54],[37,-9],[23,-133],[22,-21],[68,9],[32,-23],[101,-27],[-13,-72],[25,-46],[59,-11],[26,-43],[-18,-41],[5,-116],[-17,-72],[5,-43],[-25,-55],[5,-48],[28,-19],[41,6],[26,-34],[9,-69],[-9,-88],[-68,-178],[21,-87],[20,-7],[4,-98],[20,-17],[-44,-144],[-40,-41],[64,0],[-14,-73],[0,-88],[53,-81],[73,-13],[69,-54],[17,-44],[-14,-38],[20,-47],[29,-20],[68,13],[22,-79],[4,-72],[14,-39],[72,-92],[49,-34],[70,-23],[66,3],[97,-9],[114,-117],[89,-16],[139,45],[24,-8],[34,-64],[25,-21],[116,-50],[26,-23],[72,-31],[107,-85],[50,-76],[73,-54],[77,-23],[89,-4],[122,48],[25,-76],[64,-84],[-58,-58],[19,-69],[104,36],[113,-6],[23,30],[28,-27],[-4,-48],[-21,-65],[-151,-144],[-33,-52],[-58,-63],[-58,-80],[-55,-62],[-58,-51],[-47,-71],[-19,-48],[1,-89],[34,-97],[68,15],[88,5],[23,28],[30,-16],[-7,-50],[-28,-30],[-67,-34],[-49,-63],[-114,-86],[-57,-162],[-24,-32],[-45,-25],[-44,-100],[-20,-30],[-1,-38],[-23,-88],[-9,-77],[2,-83],[-23,-66],[-47,-62],[-92,-93],[-62,-152],[-27,-88],[-21,-99],[-43,-77],[-31,-105],[-2,-176],[8,-91],[27,-117],[0,-34],[-35,-33],[13,-89],[-50,-84],[-13,-60],[-2,-79],[16,-111],[-35,-132],[-17,-105],[6,-28],[47,-27],[41,-54],[5,58],[27,29],[94,-8],[46,-54],[72,-48],[82,69],[30,82],[83,34],[32,-24],[-21,-104],[7,-27],[62,-43],[70,-4],[16,40],[-62,121],[0,25],[40,58],[15,62],[-6,42],[46,78],[24,15],[101,4],[100,45],[75,24],[24,50],[56,38],[58,22],[143,41],[110,-92],[36,-45],[81,-37],[102,-25],[54,-2],[38,20],[118,8],[97,24],[87,37],[86,51],[84,86],[10,38],[121,19],[65,-7],[51,60],[21,-28],[54,-4],[41,-53],[-28,-25],[-80,-102],[-56,-87],[-12,-47],[18,-74],[-44,-76],[-73,-102],[-140,-226],[-29,-96],[-18,-102],[-66,-88],[-35,-66],[-18,-149],[-24,-108],[0,-45],[48,-80],[36,1],[100,-21],[9,-12],[-23,-136],[-45,-102],[-39,-73],[14,-66],[32,-37],[45,-9],[-15,-94],[33,-73],[29,-31],[-20,-63],[-18,-158],[-56,-84],[-21,-61],[8,-45],[81,-84],[-6,-56],[-22,-45],[26,-21],[3,-65],[-45,-78],[-37,-112],[-16,-173],[-12,-53],[-5,-106],[-14,-51],[-5,-229],[-6,-18],[41,-261],[-3,-47],[40,-94],[26,-8],[68,-122],[68,-79],[22,-99],[-39,-86],[-13,-55],[-9,-113],[12,-99],[-21,-165],[-2,-260],[7,-56],[-6,-98],[3,-102],[41,-156],[36,-71],[2,-146],[-13,-55],[27,-112],[16,-151],[1,-102],[26,-107],[39,-62],[19,-7],[56,-117],[32,-109],[29,-38],[66,-42],[109,-92],[76,-53],[182,-71],[99,-14],[23,-24],[5,-90],[33,-22],[6,-160],[31,-109],[51,-78],[63,-32],[-8,-69],[24,-74],[-6,-231],[-46,-130],[-105,-272],[-32,-163],[-40,-114],[-14,-76],[-2,-115],[45,-53],[-1,-98],[10,-56],[52,-79],[1,-89],[-10,-82],[-19,-46],[-116,-162],[-44,-43],[-155,-281],[-30,-72],[-30,-129],[-69,-222],[-26,-120],[4,-67],[-37,-144],[4,-104],[-7,-62],[-3,-324],[-14,-82],[-8,-126],[3,-73],[-14,-46],[-4,-88],[-21,-133],[-21,-50],[-48,-80],[-54,-125],[-25,-129],[5,-39],[39,-130],[63,-84],[22,-77],[6,-134],[84,-204],[68,-112],[43,-27],[11,-37],[34,-24],[10,-30],[41,-5],[112,-87],[62,-96],[30,-72],[31,-112],[84,-77],[27,0],[33,-46],[54,-162],[35,-74],[-4,-33],[23,-48],[-8,-194],[22,-134],[95,-164],[62,-163],[39,-183],[26,-48],[45,-112],[57,-99],[82,-116],[70,-72],[146,-84],[63,-44],[117,-117],[30,-22],[152,-71],[47,-46],[34,-77],[14,-57],[8,-227],[27,-121],[53,-162],[50,-73],[19,-70],[-8,-24],[6,-129],[-4,-59],[-17,-41],[54,-107],[-14,-60],[19,-94],[77,-199],[-17,-80],[-8,-148],[21,-99],[-3,-105],[-18,-156],[-16,-76],[-7,-91],[20,-140],[45,-171],[37,-112],[58,-137],[74,-153],[70,-113],[1,-20],[49,-57],[53,-133],[19,-64],[8,-90],[59,-240],[66,-237],[18,-112],[40,-143],[72,-176],[193,-382],[104,-176],[148,-221],[89,-114],[113,-135],[92,-95],[147,-115],[127,-112],[72,-35],[270,-218],[118,-71],[275,-102],[177,-41],[111,-4],[77,17],[78,-5],[36,10],[65,-5],[32,12],[65,-4],[67,-24],[35,-34],[42,-80],[117,-15],[42,55],[115,67],[190,-36],[117,1],[201,38],[193,54],[66,10],[97,-13],[29,9],[23,-30],[34,11],[3,42],[43,55],[77,38],[127,49],[125,36],[35,25],[217,114],[68,39],[140,94],[144,127],[87,101],[202,293],[77,42],[82,-7],[30,-30],[77,57],[-9,40],[55,98],[99,62],[129,46],[-4,58],[32,63],[142,165],[31,51],[150,218],[5,81],[46,127],[25,135],[8,211],[-52,48],[33,106],[12,111],[-57,28],[21,79],[-58,33],[26,49],[93,23],[49,-33],[59,15],[22,63],[57,26],[34,-16],[48,-45],[22,-52],[66,-56],[48,-22],[66,19],[8,45],[26,20],[56,-23],[29,-33],[59,-41],[33,-36],[30,-67],[79,-122],[96,-112],[71,-22],[80,-54],[70,-23],[63,70],[32,0],[122,-74],[125,-52],[36,-9],[27,18],[58,2],[71,-17],[92,16],[185,62],[79,37],[68,48],[29,37],[-1,25],[94,-5],[92,5],[57,26],[160,158],[120,70],[107,-31],[-15,41],[114,27],[82,34],[118,35],[96,61],[0,20],[114,82],[93,108],[68,60],[100,133],[41,78],[19,65],[48,75],[26,25],[52,88],[24,60],[57,83],[43,160],[40,106],[-15,25],[19,36],[57,20],[43,-25],[29,3],[85,-21],[81,3],[34,11],[100,-42],[11,-89],[47,-42],[34,-55],[71,-53],[21,-51],[5,-86],[11,-29],[40,-31],[41,-84],[108,-73],[9,-56],[69,-125],[84,5],[71,-30],[53,-60],[40,2],[-36,-101],[6,-43],[26,-30],[63,18],[24,-38],[32,-10],[52,-55],[19,-52],[58,-9],[-22,-65],[13,-26],[-54,-95],[-9,-54],[-72,-159],[-63,-223],[27,-67],[35,-21],[-15,-162],[40,-35],[-6,-48],[9,-111],[-9,-10],[-15,-122],[13,-79],[36,-63],[80,-27],[70,3],[91,41],[23,41],[66,-4],[80,-37],[99,13],[56,41],[78,13],[57,43],[21,64],[31,-11],[25,-36],[2,-41],[46,-38],[5,-61],[-33,-95],[-70,-78],[-7,-46],[-34,-9],[-81,-197],[-19,-29],[-38,-112],[-26,-55],[-28,-95],[-25,-28],[-33,-126],[-12,-91],[-17,-60],[31,-47],[6,-108],[-44,-147],[0,-94],[12,-53],[30,-40],[17,-61],[24,-36],[149,-78],[24,-45],[39,-10],[22,-29],[91,-41],[85,-26],[22,-51],[27,-13],[40,-50],[33,22],[37,-97],[9,-53],[41,-40],[29,-115],[37,-95],[36,-65],[67,-79],[28,10],[91,-16],[-14,-30],[185,-37],[22,-19],[97,-15],[-1,52],[242,8],[146,31],[39,13],[29,-10],[31,20],[36,52],[29,-28],[85,-31],[27,22],[51,1],[17,40],[66,22],[8,-117],[24,-36],[1,-210],[14,-123],[41,-121],[113,-32],[62,-23],[20,-28],[139,-9],[23,16],[65,-88],[40,-34],[49,15],[91,3],[45,-8],[3,-44],[35,-32],[76,-15],[62,0],[52,12],[104,8],[69,-1],[40,14],[88,5],[28,-16],[59,7],[60,-15],[35,46],[128,0],[76,-21],[39,13],[113,-55],[8,-64],[36,-125],[37,-13],[80,-101],[17,-59],[-24,-62],[-3,-85],[28,-128],[46,-45],[116,1],[44,28],[58,-21],[8,-40],[47,-34],[35,-71],[22,-110],[-27,-61],[-23,-100],[10,-34],[-1,-114],[12,-82],[19,-49],[-8,-109],[37,-111],[65,-7],[47,-35],[105,-111],[105,-19],[60,-1],[107,-21],[61,-26],[18,-21],[58,38],[34,1],[63,-48],[-9,-61],[-70,-5],[14,-43],[-18,-28],[28,-49],[5,-38],[47,-47],[77,-19],[26,-26],[75,-34],[20,-27],[-21,-48],[20,-71],[30,-30],[31,14],[80,-18],[91,-4],[56,-40],[45,17],[137,-20],[36,13],[127,14],[49,-13],[73,-52],[14,-24],[88,6],[48,17],[37,-39],[53,-23],[95,-107],[21,-43],[82,-42],[37,-45],[93,-3],[42,-26],[73,-28],[6,-24],[53,-24],[32,22],[69,7],[123,-12],[40,-29],[42,8],[62,-24],[31,-48],[28,0],[141,-40],[97,8],[43,55],[93,13],[34,-22],[74,0],[135,17],[118,9],[42,86],[63,-22],[-6,-40],[-49,-120],[-59,-168],[-41,-153],[5,-98],[23,-51],[1,-36],[25,-17],[67,-80],[45,-12],[81,-102],[80,-39],[10,-88],[28,-49],[33,-30],[134,-98],[23,-27],[58,-31],[7,-42],[107,-100],[10,-46],[34,-32],[20,-60],[39,-81],[36,-16],[86,-75],[100,-22],[80,19],[48,-12],[32,24],[16,73],[51,31],[59,-11],[35,-22],[88,-11],[65,16],[15,44],[53,44],[29,40],[96,1],[57,-98],[-7,-163],[-26,-50],[63,-148],[0,-29],[-50,6],[-41,-29],[-129,-123],[-106,-93],[-170,-166],[-42,-30],[-242,-253],[-88,-100],[-117,-168],[-92,-145],[-135,-233],[-29,-97],[-20,-37],[-67,-84],[-74,-111],[-54,-97],[-36,-91],[-56,-177],[-54,-4],[11,-55],[59,-58],[16,-63],[-18,-92],[-36,-64],[-10,-47],[21,-118],[33,-40],[-11,-209],[25,-78],[41,-59],[44,-44],[27,-56],[0,-42],[24,-60],[45,-63],[15,-38],[11,-91],[41,-103],[39,-66],[65,-74],[50,-38],[105,-1],[50,-8],[189,-2],[196,-20],[61,22],[20,21],[79,27],[74,91],[19,89],[-13,49],[31,91],[18,28],[86,30],[46,-31],[29,-106],[-15,-49],[10,-41],[-13,-47],[35,-44],[51,-41],[32,-51],[19,-77],[-6,-47],[11,-56],[40,-35],[-5,-34],[-35,-7],[-57,23],[-82,-20],[-31,36],[-72,-18],[-63,-28],[-239,-155],[-73,-61],[-55,-56],[-182,-154],[-53,-70],[-40,-100],[12,-77],[27,-7],[10,-55],[103,-78],[33,-5],[9,-38],[-32,-84],[-50,-50],[-81,-114],[-4,-23],[33,-68],[4,-76],[-16,-29],[-65,-57],[-69,-15],[-71,-63],[-136,-135],[-123,-153],[-52,-73],[-13,-68],[-28,-44],[-70,-174],[-15,-67],[0,-82],[32,-110],[-42,3],[-79,-32],[13,-47],[104,-29],[79,16],[24,26],[3,49],[39,23],[61,12],[39,-18],[48,-42],[-16,-16],[25,-44],[-1,-80],[52,15],[51,-27],[25,-156],[32,-106],[19,-29],[66,21],[25,-47],[-4,-29],[-86,-104],[-35,-68],[-35,-122],[2,-73],[-25,-41],[-5,-68],[32,-69],[53,-36],[46,-6],[22,-25],[6,-53],[24,-56],[37,-47],[51,-17],[47,3],[65,23],[34,34],[4,32],[28,18],[49,-16],[49,-95],[93,-76],[12,-42],[29,-28],[-45,-36],[15,-54],[44,-22],[-36,-44],[16,-80],[123,-65],[-35,-70],[18,-26],[-25,-31],[-68,9],[-12,-38],[-52,-11],[-27,-79],[44,-118],[18,-133],[-92,-127],[7,-62],[28,-50],[36,-33],[94,-43],[54,-47],[59,-33],[-13,-48],[27,-49],[-8,-66],[25,-47],[1,-36],[34,-17],[85,-132],[86,-56],[15,-72],[67,-107],[56,-112],[2,-35],[32,-88],[18,-80],[5,-103],[17,-72],[-15,-118],[39,-57],[-20,-112],[-16,-10],[-17,-67],[-74,-93],[-12,-45],[-28,-44],[-17,-114],[-31,-66],[-2,-53],[33,-16],[23,-64],[-3,-70],[25,-138],[58,-38],[139,4],[38,-41],[18,-40],[1,-53],[-28,-53],[-27,-11],[-97,-193],[-60,-173],[-9,-53],[-38,-84],[-20,-68],[-9,-140],[29,-109],[62,-85],[6,-50],[43,14],[57,-50],[90,-24],[53,35],[62,-77],[0,-17],[119,-122],[34,7],[93,-7],[14,-40],[46,-14],[5,-28],[62,-57],[7,-75],[110,-120],[6,-29],[35,-48],[28,-13],[-10,-87],[26,-76],[34,-54],[37,-28],[0,-83],[69,-29],[106,-90],[38,-22],[25,-113],[2,-62],[43,-107],[59,-25],[47,-46],[13,-204],[-11,-152],[14,-40],[44,-45],[5,-33],[32,-45],[53,29],[27,-32],[-28,-60],[-62,-32],[-35,-57],[-12,-105],[2,-73],[-51,-78],[-55,-62],[11,-115],[0,-72],[-40,-43],[-42,-77],[-20,-73],[-50,-69],[-38,-124],[1,-152],[-35,-70],[-8,-42],[2,-131],[20,-148],[14,-41],[56,-24],[50,22],[33,-6],[45,-56],[44,-23],[53,-1],[43,-43],[-9,-24],[14,-61],[28,-42],[-22,-54],[-4,-77],[8,-67],[84,-33],[22,-25],[39,-6],[9,-88],[-36,-82],[-24,-89],[37,-26],[-17,-69],[13,-27],[38,-17],[25,-40],[-31,-13],[-70,2],[-87,-69],[-141,-127],[-91,13],[-51,-20],[-47,-120],[-77,-131],[-79,-99],[-89,-87],[-97,-136],[-25,-45],[-26,-91],[-6,-87],[12,-88],[-32,-78],[-28,-117],[0,-32],[30,-43],[45,-25],[25,-45],[3,-40],[-20,-40],[-17,-75],[-61,-119],[-36,-121],[-21,-106],[-11,-107],[-18,-21],[29,-92],[12,-80],[4,-122],[23,-84],[28,-50],[53,-49],[56,-7],[72,-54],[41,-14],[56,39],[81,4],[39,-7],[101,-79],[142,2],[61,17],[45,-48],[8,-47],[-29,-154],[-2,-89],[8,-62],[24,-81],[67,-77],[19,-67],[46,-53],[66,-96],[78,-63],[-9,-49],[61,-50],[47,-24],[46,-59],[51,-117],[54,-62],[5,-38],[39,-25],[-9,-35],[13,-86],[24,-29],[73,2],[17,-19],[16,-179],[56,-34],[40,-58],[9,-40],[176,-116],[49,-59],[18,-40],[38,-13],[19,-34],[39,-21],[38,-65],[56,-47],[41,-61],[16,-65],[36,-88],[11,-81],[79,-190],[66,-114],[31,-14],[78,-6],[92,-66],[99,-1],[52,-28],[66,-9],[54,-27],[35,-1],[43,-27],[35,-45],[28,-4],[75,-86],[28,-14],[81,-109],[83,-77],[62,-50],[38,5],[95,-74],[47,19],[75,-58],[-10,-118],[9,-86],[24,-73],[57,-109],[42,-66],[54,-59],[52,-26],[36,-2],[29,63],[17,-1],[49,-106],[57,-89],[24,6],[85,-113],[44,-30],[94,7],[79,-143],[38,-45],[19,-64],[61,-147],[37,-70],[66,-102],[122,-143],[93,-82],[32,-18],[82,-25],[73,-61],[-26,-68],[44,-7],[12,-69],[-158,-91],[-4,-40],[-24,-41],[-6,-51],[33,-122],[82,-67],[73,-75],[44,-5],[16,-45],[-30,-162],[5,-78],[77,-9],[-22,78],[37,147],[58,68],[26,94],[68,31],[18,-22],[59,10],[48,21],[27,-8],[34,25],[8,49],[66,15],[76,43],[34,74],[11,54],[104,54],[14,30],[63,56],[99,23],[24,68],[47,-39],[10,-74],[60,-53],[72,-93],[-8,-29],[25,-38],[-35,-30],[10,-69],[88,-34],[54,-11],[108,-1],[47,8],[28,20],[36,68],[56,-1],[48,63],[84,-29],[37,6],[26,66],[-1,42],[71,81],[25,67],[45,59],[-37,70],[-6,35],[44,6],[66,-27],[54,7],[18,-34],[53,-50],[37,-58],[78,-51],[57,-116],[48,-28],[28,26],[35,-24],[33,-57],[-33,-16],[7,-51],[19,-28],[-10,-31],[-91,-23],[-65,11],[-89,-89],[-88,-125],[-21,-70],[46,-60],[37,-109],[-9,-63],[-26,-40],[-50,-22],[-25,8],[-132,-133],[-151,-172],[-72,-103],[-34,-105],[9,-47],[-29,-43],[24,-79],[25,-27],[-11,-48],[-40,-66],[-43,-134],[-32,-82],[-16,-104],[-8,-127],[4,-126],[35,-87],[56,-24],[48,-85],[30,-20],[81,-103],[47,-39],[58,-25],[34,-76],[33,-151],[106,-168],[82,-44],[52,-47],[23,-6],[94,-59],[28,-45],[25,-138],[1,-154],[46,-90],[23,-24],[75,-38],[25,-43],[-28,-95],[-16,-14],[0,-151],[40,-166],[76,-101],[33,-187],[-17,-68],[-8,-78],[36,-126],[50,-31],[34,14],[40,-21],[28,-38],[46,-124],[47,-74],[33,-70],[19,-12],[6,-88],[22,-81],[36,-59],[-1,-77],[57,-181],[54,-162],[31,-72],[85,-147],[43,-90],[62,-88],[82,-91],[55,11],[67,-143],[82,-125],[54,-56],[54,-28],[44,5],[47,22],[69,-34],[78,-89],[6,-39],[-14,-118],[-22,-109],[-15,-125],[-33,-85],[-22,-100],[-9,-106],[3,-162],[34,-109],[49,-79],[34,-39],[56,-25],[-6,-264],[-14,-80],[-57,46],[-32,-13],[-66,-72],[-158,39],[-25,-26],[10,-27],[77,21],[-21,-72],[5,-56],[24,-22],[-24,-30],[-70,1],[-91,-11],[-62,-26],[-70,-13],[133,-52],[23,2],[45,52],[83,11],[36,-15],[42,36],[0,35],[-34,55],[29,63],[54,10],[54,-22],[7,-56],[-3,-89],[37,-22],[94,-85],[-2,-68],[59,-89],[67,-78],[28,-70],[3,-73],[88,-82],[114,-73],[62,-60],[63,-30],[95,-96],[69,-87],[14,-43],[-2,-48],[-68,-2],[-25,-15],[-88,-120],[112,-54],[37,53],[-9,50],[5,63],[87,6],[42,-80],[-3,-38],[19,-43],[4,-52],[-11,-64],[33,-43],[59,-54],[-39,-76],[4,-61],[35,-14],[75,-94],[-140,-101],[-95,-100],[-69,-89],[-79,-116],[-92,-172],[-95,-329],[-5,-68],[-18,-59],[3,-225],[44,-195],[61,-138],[-55,-79],[-89,-79],[-83,-64],[-44,-75],[-13,-73],[8,-60],[32,-25],[40,2],[32,-80],[47,-6],[36,-70],[-45,-80],[1,-33],[-34,-58],[3,-56],[25,-22],[43,-78],[-4,-50],[19,-71],[45,-18],[63,-50],[34,47],[32,-28],[-82,-56],[-43,-53],[-36,-77],[-41,-134],[-54,-102],[-32,-113],[-10,-86],[2,-199],[9,-69],[-9,-82],[-49,-137],[-30,-105],[1,-80],[19,-127],[36,-40],[60,19],[9,-84],[-108,-24],[-86,-74],[-80,-105],[-131,-116],[-60,-87],[-95,-177],[-33,-128],[-62,-44],[-14,-26],[-92,-90],[-35,-50],[-39,-99],[-52,-172],[-6,-48],[-47,-201],[-50,-38],[11,-59],[-38,-26],[-218,-358],[-17,-76],[-8,-94],[3,-93],[40,-260],[-19,-48],[-6,-110],[9,-138],[23,-65],[-5,-48],[16,-19],[12,-83],[2,-72],[22,-110],[43,-165],[20,-35],[-1,-81],[-24,-32],[-1,-92],[42,-105],[92,-122],[63,-64],[72,-54],[73,-32],[97,-34],[3,-75],[30,-44],[79,-69],[32,-46],[4,-40],[56,-60],[64,-25],[33,-38],[68,-45],[61,-53],[11,-50],[-4,-49],[94,-104],[81,-74],[30,-36],[25,-59],[46,-69],[66,-62],[74,-47],[62,-26],[64,-11],[52,-26],[18,-59],[113,-23],[2,53],[23,25],[36,-27],[56,-158],[72,-102],[-14,-65],[52,1],[54,-55],[20,-48],[24,-144],[30,-111],[26,-45],[3,-43],[30,-48],[-8,-51],[87,-52],[-9,-40],[-72,-97],[43,-34],[35,2],[84,25],[70,-10],[45,28],[59,-3],[103,-99],[-14,-39],[-87,-30],[-58,-31],[2,-53],[-16,-62],[25,-64],[100,-13],[90,1],[70,33],[83,-2],[38,-73],[78,-82],[81,-69],[154,-37],[128,-1],[143,-26],[184,-107],[124,-50],[76,-4],[55,-18],[71,-57],[30,-35],[82,-37],[65,-50],[85,34],[54,-42],[53,-4],[7,29],[61,-10],[-1,-33],[61,-24],[6,-34],[-31,-36],[3,-25],[78,-166],[19,-79],[24,-29],[6,-67],[-74,-48],[31,-128],[3,-63],[-42,-124],[-16,-78],[-7,-119],[19,-59],[-17,-69],[-117,-199],[-23,-22],[-17,-55],[-44,-76],[-40,-28],[-3,-57],[68,-12],[65,40],[29,36],[39,87],[10,74],[25,69],[35,-15],[-35,-139],[-127,-221],[-85,-139],[-20,-56],[-105,-200],[-132,-298],[-125,-390],[-47,-176],[8,-19],[-25,-130],[-32,-23],[4,-62],[-14,-89],[-32,-108],[-4,-62],[-47,-183],[-25,-164],[-12,-145],[0,-237],[9,-155],[-13,-45],[46,-142],[44,-7],[26,-71],[-2,-75],[29,-35],[14,-49],[49,-79],[60,-35],[45,-85],[81,-55],[103,-125],[67,-20],[79,-126],[20,-41],[75,-108],[12,-32],[12,-99],[54,-98],[50,-30],[56,-12],[133,-5],[57,-57],[62,-35],[54,-149],[78,-153],[93,-97],[28,-9],[141,6],[46,-8],[50,-60],[19,-42],[50,-16],[82,-145],[83,-81],[39,-82],[84,-92],[78,-110],[67,-108],[137,-171],[81,-72],[33,-18],[171,5],[46,-24],[120,-135],[122,-94],[133,-53],[62,16],[54,-23],[62,3],[81,-40],[77,-56],[55,-72],[139,-64],[65,-68],[47,-89],[39,-59],[72,-83],[75,-48],[128,-33],[62,-3],[62,13],[58,-4],[71,-27],[76,-15],[51,-49],[24,-6],[125,-101],[104,-70],[112,-62],[58,-10],[81,-32],[167,-32],[21,-24],[150,-93],[196,-75],[125,-35],[20,17],[53,-10],[24,36],[94,-40],[81,34],[43,-3],[32,36],[45,1],[47,33],[-7,22],[49,30],[53,-15],[40,23],[67,8],[152,-5],[66,-9],[118,-45],[52,8],[105,-58],[10,-23],[-2,-90],[18,-164],[51,-175],[72,-134],[65,-76],[44,-34],[48,-12],[44,52],[63,7],[141,-147],[64,-34],[43,43],[135,-20],[39,63],[52,-23],[80,-103],[-151,-173],[95,-50],[70,-9],[54,-37],[84,-86],[68,-94],[31,1],[89,-95],[126,-79],[91,-26],[111,-5],[85,11],[47,14],[37,28],[62,6],[114,-6],[36,8],[38,39],[59,-3],[51,25],[82,11],[87,-13],[50,-24],[19,-29],[6,-72],[30,-6],[6,72],[34,60],[3,40],[70,58],[154,67],[36,41],[11,52],[105,118],[51,99],[92,125],[30,10],[3,55],[44,57],[-42,45],[6,40],[41,34],[26,70],[142,86],[46,51],[21,62],[-5,46],[-60,52],[45,40],[-27,28],[-22,91],[-41,27],[-10,43],[80,-18],[25,-84],[82,-58],[20,-38],[56,-17],[60,-39],[27,-33],[16,-117],[29,-27],[-11,-45],[25,-40],[-2,-35],[-26,-26],[40,-116],[60,-13],[35,-86],[45,-16],[0,-34],[42,-47],[-24,-30],[-5,-73],[34,-141],[19,-48],[-45,0],[-93,54],[-60,-27],[-23,-65],[-12,-114],[-47,-77],[13,-36],[57,1],[30,-22],[57,-162],[42,-103],[66,-132],[64,-109],[-2,-61],[34,-11],[143,-170],[111,-106],[196,-165],[95,-62],[71,-77],[-47,-69],[-1,-55],[56,-72],[41,-107],[62,-1],[21,-96],[31,-54],[56,7],[60,38],[22,46],[1,40],[-24,69],[101,4],[91,-14],[43,22],[44,-15],[78,24],[11,-59],[92,-46],[42,43],[164,-21],[149,-48],[46,-27],[13,-30],[89,-18],[29,4],[23,-32],[62,3],[63,47],[116,14],[73,-1],[51,-76],[41,-47],[72,-57],[158,21],[0,24],[101,62],[111,18],[62,38],[35,-16],[67,37],[17,31],[41,0],[12,35],[71,45],[83,28],[35,-3],[65,-39],[22,33],[58,-4],[107,-86],[37,15],[120,-29],[137,-19],[77,4],[93,-27],[23,12],[78,-6],[276,18],[99,-23],[99,-41],[35,-28],[57,-15],[129,-2],[151,27],[135,44],[52,82],[91,111],[37,138],[-1,72],[-23,62],[-79,88],[-11,153],[-60,82],[-77,46],[-49,67],[-77,78],[-20,48],[5,46],[-91,32],[-35,68],[0,49],[53,73],[-64,32],[-21,29],[-99,36],[-100,87],[51,-9],[45,-33],[55,-5],[98,-56],[41,-62],[58,-50],[103,-126],[98,-139],[90,-162],[25,-21],[48,-112],[45,-62],[60,-147],[36,-51],[31,-110],[39,-101],[13,-99],[30,-96],[38,-202],[37,-96],[63,-82],[-16,-41],[74,-152],[11,-49],[27,-14],[30,-56],[38,-31],[81,-101],[12,-53],[54,-18],[57,13],[-10,64],[-45,41],[-74,93],[20,5],[86,-84],[33,-81],[45,-68],[-1,-18],[55,-30],[17,-100],[70,-103],[76,-92],[3,-34],[42,-44],[61,-87],[92,6],[21,-11],[102,-171],[146,-297],[81,-238],[30,-183],[-17,-32],[-13,-103],[39,-13],[31,-49],[20,-119],[40,-73],[-59,-43],[-31,-9],[75,-77],[17,-2],[58,-117],[1,-54],[138,29],[35,18],[78,-71],[93,-180],[56,-118],[35,-110],[-9,-44],[-28,-32],[-209,7],[29,-46],[-17,-72],[-39,-71],[-24,-104],[-47,-50],[-73,-153],[25,-9],[44,-69],[19,-10],[25,-78],[26,-50],[7,-88],[48,-117],[85,-122],[154,-154],[148,-125],[235,-153],[166,-101],[37,-41],[36,-87],[19,-24],[-12,-41],[15,-33],[48,-42],[68,-29],[93,-20],[109,-7],[162,9],[91,108],[17,-13],[-82,-97],[-76,-45],[113,-74],[144,-21],[4,40],[129,-24],[54,12],[-54,34],[32,28],[164,3],[41,24],[25,-9],[207,-33],[107,134],[-43,91],[-36,54],[54,64],[-4,44],[-23,37],[-10,74],[-17,50],[16,34],[-51,91],[-66,57],[-72,38],[-27,38],[-65,55],[-20,74],[20,69],[-7,25],[43,63],[9,51],[34,21],[25,50],[-22,13],[50,54],[-13,21],[20,58],[43,54],[-1,64],[-21,24],[-8,44],[-53,132],[29,17],[117,11],[71,-12],[122,-50],[61,32],[32,-31],[128,-2],[74,24],[73,12],[105,-30],[46,24],[68,-16],[48,-56],[63,-34],[34,-53],[0,-46],[40,-42],[62,-36],[48,35],[71,-150],[20,-80],[-29,-79],[-25,-32],[7,-35],[42,-30],[4,-87],[-41,-32],[12,-44],[-10,-74],[-55,-66],[64,-44],[22,-150],[49,-280],[50,-215],[36,-127],[34,-81],[62,-110],[116,-145],[43,-43],[43,-20],[10,-27],[85,-31],[78,-39],[77,-106],[100,-116],[33,-47],[133,-113],[76,-36],[124,-46],[69,6],[38,20],[66,5],[80,-47],[96,-37],[121,-19],[89,8],[70,-30],[110,8],[54,-6],[41,13],[70,81],[149,68],[1,125],[18,35],[109,95],[37,0],[76,23],[68,1],[47,16],[36,59],[183,-57],[138,47],[25,25],[69,33],[37,-5],[29,-54],[68,-180],[58,-134],[25,-88],[36,-95],[59,-100],[37,-37],[116,-77],[58,-21],[46,3],[163,-37],[102,-31],[24,-23],[37,-1],[33,-45],[60,-20],[82,-12],[79,-29],[8,39],[65,29],[16,33],[166,24],[30,35],[35,4],[83,-74],[68,-9],[65,-21],[13,32],[93,-21],[73,-59],[24,13],[42,-45],[87,-189],[76,-96],[49,-38],[173,-22],[61,10],[32,107],[52,-37],[11,-50],[37,-7],[14,-121],[-25,-16],[1,-145],[30,-47],[11,-60],[-19,-53],[-12,-88],[-25,3],[-82,77],[-32,-14],[-4,-32],[-64,-29],[-48,75],[-71,-50],[-25,0],[-70,-41],[5,-20],[-84,-142],[-1,-38],[54,-117],[66,-61],[76,10],[121,-45],[122,-135],[81,-19],[63,-33],[37,-3],[36,-33],[78,-47],[-113,-68],[-20,-43],[26,-62],[-8,-60],[28,-44],[64,-4],[31,-30],[97,-40],[151,-71],[20,-30],[10,-74],[150,-156],[-1,-28],[53,-43],[129,-45],[62,31],[59,-45],[-15,-81],[47,-80],[80,-5],[47,-17],[51,-42],[132,-6],[54,19],[42,-34],[52,-23],[101,-4],[71,-27],[58,9],[80,31],[55,-18],[26,-26],[76,-18],[77,12],[86,43],[69,-72],[78,-23],[28,44],[-22,41],[3,61],[24,41],[58,61],[86,63],[66,-9],[97,19],[74,70],[44,102],[-15,58],[56,49],[42,6],[41,40],[2,29],[-52,16],[-91,-9],[-91,2],[-8,34],[-57,30],[-64,-1],[-33,-26],[-5,-34],[-66,60],[8,91],[-41,51],[14,37],[-17,45],[17,29],[0,59],[-20,63],[7,29],[-7,81],[49,101],[101,87],[44,-16],[20,-35],[79,-10],[48,29],[46,-28],[63,-8],[48,-51],[31,-58],[59,-83],[50,-35],[57,3],[10,-70],[18,-17],[80,-27],[31,3],[52,42],[69,-75],[51,-3],[32,30],[34,-29],[114,-10],[26,30],[3,45],[23,21],[32,-16],[44,25],[-16,59],[28,56],[53,21],[57,38],[85,-28],[20,50],[-26,36],[45,16],[66,-1],[-23,-59],[39,-21],[20,-34],[-20,-33],[26,-42],[-77,-47],[10,-47],[-23,-36],[-66,-36],[-12,-26],[39,-26],[-37,-36],[12,-69],[27,-64],[-22,-37],[37,-45],[69,16],[39,-5],[28,-31],[-45,-71],[2,-31],[64,-87],[56,13],[1,37],[62,29],[20,-93],[-22,-28],[-3,-58],[-46,-15],[-91,-58],[-22,-68],[51,-35],[77,11],[17,-35],[-30,-31],[-39,-69],[-19,-81],[38,-34],[61,4],[66,68],[59,-42],[52,-11],[62,7],[-37,-62],[-88,-19],[-47,-59],[-8,-142],[25,-49],[48,-22],[88,-22],[52,-25],[33,22],[32,67],[2,31],[65,95],[28,28],[42,2],[56,59],[37,-8],[-17,-46],[-38,-53],[-30,-78],[-69,-84],[-69,-32],[8,-57],[-29,-14],[-12,-53],[52,-44],[71,-21],[57,-58],[25,7],[21,50],[63,10],[43,-46],[53,-10],[29,22],[21,44],[-13,127],[-27,33],[-30,96],[0,50],[38,83],[36,33],[26,62],[7,54],[23,31],[100,-41],[1,-311],[29,-45],[-28,-74],[-8,-60],[-32,-20],[86,-39],[47,-1],[51,70],[24,8],[37,57],[-11,48],[82,51],[5,42],[29,32],[62,20],[29,28],[7,47],[-37,43],[1,25],[53,17],[4,-95],[-19,-75],[-48,-28],[-45,-49],[-22,-51],[-41,-35],[-12,-95],[-45,-57],[1,-51],[17,-38],[44,-44],[30,-94],[-19,-28],[-43,-9],[-8,-61],[18,-34],[-14,-52],[82,4],[27,41],[9,68],[56,50],[25,44],[45,9],[36,-75],[0,-45],[17,-17],[-78,-139],[-30,-27],[28,-64],[-18,-48],[22,-45],[-24,-75],[-71,-43],[17,-42],[-11,-42],[63,-24],[80,36],[16,28],[59,-4],[19,17],[1,68],[50,24],[62,-37],[54,3],[6,41],[39,13],[3,34],[54,47],[71,1],[4,-39],[58,-30],[38,14],[50,-2],[13,-31],[-20,-63],[135,-105],[22,45],[-56,59],[-26,48],[30,53],[2,76],[21,35],[-27,68],[69,-6],[10,-57],[98,-60],[59,12],[17,57],[-5,59],[-20,38],[19,49],[-8,133],[63,-1],[88,25],[75,-28],[18,-54],[35,-29],[12,-80],[32,-102],[-21,-59],[11,-110],[24,-63],[21,-9],[63,47],[77,-75],[50,16],[91,-34],[-49,-21],[-35,-35],[-47,4],[10,-40],[38,-43],[-122,-53],[-73,42],[-55,-16],[-57,58],[-62,-7],[-9,-53],[49,-67],[-5,-43],[105,-75],[69,-23],[13,-23],[63,-26],[85,-54],[-47,-19],[2,-34],[29,-22],[53,4],[73,-12],[72,30],[32,-26],[65,2],[57,-56],[37,-55],[2,-34],[-28,-30],[-92,-53],[-46,26],[-38,-83],[30,-16],[35,22],[57,-16],[18,-43],[35,-25],[-34,-52],[8,-22],[61,-3],[10,37],[-6,74],[-19,19],[6,54],[56,35],[121,-105],[19,-36],[50,-41],[5,-56],[-18,-63],[-32,-70],[-41,24],[-56,-43],[2,-23],[39,-42],[2,-91],[-28,-62],[-57,12],[-114,-8],[28,-26],[57,-12],[45,-28],[59,-3],[55,16],[27,-19],[29,-85],[-7,-40],[12,-67],[-18,-61],[-58,-49],[1,-39],[32,-25],[-7,-32],[11,-65],[-4,-52],[18,-32],[53,9],[50,-14],[81,-125],[51,-59],[29,-50],[35,-16],[60,-54],[71,-30],[24,-91],[47,-71],[65,-28],[57,29],[31,35],[56,37],[41,-15],[48,18],[46,-35],[30,-57],[42,-49],[-3,-31],[-30,-22],[-47,24],[-65,11],[-90,-9],[-36,-39],[-10,-46],[-41,-52],[49,-81],[61,-21],[22,-49],[41,-24],[91,2],[27,-21],[16,-56],[24,-23],[85,-21],[54,-38],[63,-72],[43,-85],[20,-70],[20,-29],[-18,-36],[-40,-16],[-56,34],[-23,29],[-82,-49],[-103,5],[-90,-46],[-22,-59],[-23,-8],[-46,46],[-53,174],[-49,52],[-115,1],[-43,-32],[-21,28],[-31,-3],[-38,-66],[-40,-9],[-90,26],[-27,82],[27,19],[-2,58],[-132,-1],[-21,49],[11,21],[-3,83],[-118,41],[-33,-23],[-52,-9],[-75,23],[-3,35],[20,38],[17,123],[-54,74],[3,34],[45,-18],[33,82],[-35,-3],[-42,70],[-71,80],[-9,45],[72,0],[16,15],[-7,96],[86,-29],[22,17],[-79,46],[4,51],[33,28],[-60,55],[43,57],[4,26],[-60,70],[-24,-6],[-4,-52],[-25,-67],[12,-47],[31,-13],[-4,-51],[-69,21],[-43,25],[24,114],[-13,49],[10,42],[-13,36],[-40,-5],[-20,33],[-46,-5],[-71,-58],[-26,94],[-33,14],[-33,-27],[-38,29],[-15,-73],[-28,-59],[3,-46],[32,-89],[43,-88],[13,-67],[26,-14],[-10,-43],[-59,93],[-29,19],[-28,66],[9,32],[-23,72],[-16,-2],[-90,49],[-33,-5],[-71,19],[-38,30],[-72,-22],[-16,76],[-42,-18],[11,-53],[73,-34],[52,24],[95,-73],[50,-56],[32,-62],[-3,-46],[20,-24],[29,-99],[-25,-136],[-17,-21],[-92,-59],[-28,4],[-121,-103],[-31,8],[-18,48],[-117,-5],[-197,-109],[-60,42],[-14,26],[-72,18],[-45,29],[-43,100],[-53,56],[-86,35],[-46,11],[-23,34],[-43,18],[-6,59],[-24,47],[-59,52],[-63,27],[-97,-15],[-16,-28],[66,-49],[69,11],[32,-14],[-24,-87],[-1,-56],[38,-76],[53,-64],[111,-84],[108,-114],[-16,-31],[26,-51],[10,-66],[-25,-44],[-18,-72],[-47,-54],[11,-56],[-54,-110],[-55,-90],[-93,-134],[-62,-78],[-72,-74],[-53,-25],[-42,-113],[-39,-43],[-26,-70],[-34,-29],[-11,-67],[-83,-98],[11,-47],[69,-41],[14,-29],[76,28],[34,-21],[25,-39],[88,-61],[25,29],[32,-20],[-40,-47],[11,-53],[31,-17],[24,-50],[-49,-60],[-34,2],[26,-82],[53,-62],[0,-22],[42,-74],[64,-64],[34,-9],[99,-3],[21,-37],[95,16],[20,64],[-8,29],[32,38],[70,-22],[11,-28],[-14,-48],[54,-51],[-92,-44],[-70,-140],[-17,-12],[4,-54],[-48,-13],[-16,-24],[-50,0],[-32,-33],[-7,-35],[133,-109],[53,5],[27,-15],[32,-91],[18,-18],[54,12],[33,-23],[-1,-54],[-32,-71],[-2,-116],[9,-115],[41,-1],[40,-26],[45,8],[39,-35],[30,12],[42,-12],[24,-27],[81,-10],[38,-37],[49,-71],[56,-32],[39,6],[69,28],[40,-13],[-14,-90],[17,-79],[-22,-57],[9,-68],[43,-93],[23,-14],[69,9],[49,-54],[35,-5],[43,-59],[64,-48],[72,0],[30,51],[20,4],[132,-31],[56,-29],[57,-7],[56,-106],[55,-59],[-5,-41],[-60,43],[-102,-15],[-92,-59],[25,-63],[-57,-46],[-102,-12],[-109,-49],[-69,-61],[79,3],[135,-25],[62,-43],[32,-5],[71,-49],[69,8],[76,-16],[59,-30],[-10,-45],[87,-153],[7,-40],[55,-34],[-11,-27],[-74,-33],[-15,-64],[27,-19],[43,6],[2,-43],[-35,-68],[-1,-72],[-11,-27],[15,-48],[97,51],[31,3],[56,34],[51,2],[50,17],[48,-43],[38,-81],[63,24],[4,78],[-36,30],[-2,58],[34,49],[36,21],[-22,35],[7,36],[77,38],[23,-59],[-11,-54],[66,-96],[-10,-80],[13,-63],[-10,-28],[97,-60],[89,-37],[118,-12],[15,-12],[13,-62],[51,-6],[19,51],[42,2],[59,60],[21,-2],[47,-59],[43,16],[29,-14],[37,21],[62,105],[122,23],[22,-119],[30,-68],[89,-85],[71,-34],[48,-9],[111,9],[-22,39],[20,70],[78,-8],[47,-26],[43,31],[38,-56],[-34,-48],[0,-35],[30,-36],[99,-87],[51,11],[109,-9],[51,69],[36,84],[67,36],[80,-15],[56,-53],[44,-11],[28,14],[38,-21],[20,-35],[-58,-53],[-10,-57],[27,-18],[10,-53],[41,-38],[57,-19],[30,7],[57,-21],[-15,-43],[-95,-13],[-45,-14],[-76,11],[-50,89],[-40,-23],[-30,14],[-78,10],[-39,-13],[-82,-54],[-62,-108],[42,-53],[95,-31],[26,-86],[26,-16],[11,-50],[26,-30],[-12,-35],[-45,28],[-43,10],[-47,-11],[24,-33],[0,-57],[-29,-50],[4,-103],[-7,-47],[-60,-113],[26,-53],[64,15],[110,72],[26,-11],[123,-22],[40,82],[73,55],[36,-29],[153,84],[326,-14],[68,-35],[142,-127],[43,-55],[-7,-34],[48,-58],[61,-39],[181,31],[73,64],[48,-11],[12,-33],[78,-31],[72,-14],[91,21],[26,-15],[-22,-91],[1,-101],[34,-103],[24,-47],[71,-84],[41,-36],[-6,-33],[39,-29],[23,111],[38,14],[57,-41],[40,24],[27,-9],[24,-94],[46,-104],[24,-31],[21,-64],[51,-91],[38,-51],[109,-123],[51,35],[10,33],[44,9],[33,46],[58,54],[27,7],[42,-102],[-2,-100],[-38,-178],[-14,-118],[74,-17],[34,-62],[-111,-120],[-22,6],[-12,-98],[-22,-101],[-4,-99],[18,-116],[-34,-3],[-69,131],[-40,46],[-47,25],[7,27],[-63,23],[-54,-2],[-44,41],[-1,-98],[27,19],[69,-14],[-1,-27],[-63,-37],[-127,-4],[-84,58],[-56,23],[-114,-21],[-58,1],[-37,16],[-58,-58],[-30,-55],[-53,-30],[-3,-33],[85,71],[34,58],[33,14],[114,6],[138,-28],[0,-11],[156,-50],[104,-5],[51,13],[45,-17],[16,-32],[43,-14],[2,-25],[-88,-41],[-55,-59],[-72,-160],[-28,-127],[-4,-57],[-32,-18],[8,-34],[-1,-138],[34,-153],[-17,-56],[-59,-16],[-26,31],[12,90],[-66,58],[-78,34],[-62,-21],[67,-40],[62,-14],[34,-69],[0,-74],[50,-38],[46,10],[45,55],[59,-17],[62,-77],[28,-59],[13,-57],[65,-183],[0,-37],[-50,-30],[-34,-84],[-26,-39],[-62,-44],[5,-60],[-30,-52],[-91,-52],[-50,11],[-93,-41],[-23,-45],[-10,-88],[20,-28],[44,67],[16,49],[75,12],[145,-18],[-47,-67],[-30,-22],[-76,-121],[38,-45],[66,19],[30,28],[17,69],[49,60],[62,30],[44,37],[29,54],[-9,17],[103,71],[32,61],[64,23],[37,-7],[43,70],[43,13],[44,37],[129,46],[35,52],[41,6],[7,-112],[31,-106],[53,-48],[17,-67],[109,-88],[65,-20],[46,34],[96,25],[26,58],[47,-9],[49,-32],[-29,-75],[-14,-84],[-1,-122],[-9,-22],[11,-62],[-14,-92],[12,-83],[-12,-80],[42,-63],[32,-99],[-37,-95],[102,-59],[65,-57],[10,-41],[61,-23],[5,-48],[-79,-19],[-14,-66],[43,-82],[29,-10],[48,31],[19,-33],[-22,-46],[3,-31],[-27,-65],[-7,-101],[21,-46],[-59,-20],[-7,51],[-47,14],[-38,-26],[-22,-78],[-30,-17],[-58,44],[-55,12],[-13,47],[-42,35],[-45,1],[-49,-40],[19,-45],[-86,-38],[14,-42],[119,21],[52,-37],[-12,-25],[-76,-23],[-18,-43],[53,-9],[118,-64],[30,0],[69,54],[29,-9],[41,21],[48,-9],[63,6],[24,-24],[68,-28],[32,-1],[13,46],[60,16],[21,-21],[28,-119],[44,-77],[-25,-71],[-99,55],[-94,116],[-63,-12],[-31,-36],[8,-44],[-87,-18],[-51,16],[-33,-18],[-57,18],[-2,-32],[-67,-161],[-6,-222],[-42,-25],[-4,-37],[30,-51],[47,9],[43,-31],[4,-28],[-40,-13],[-90,-53],[-48,-10],[-113,25],[-25,-58],[65,-37],[95,-67],[55,-124],[-8,-19],[12,-82],[25,-2],[41,-47],[48,-12],[6,70],[22,42],[45,-7],[59,44],[98,50],[29,43],[86,17],[72,34],[61,13],[30,65],[-7,53],[39,27],[51,-18],[36,-52],[-9,-28],[59,-63],[52,-34],[2,-38],[35,-64],[-52,-55],[31,-19],[78,-13],[111,42],[27,35],[32,2],[104,33],[85,5],[29,16],[77,-7],[-37,-51],[-24,-7],[-25,-94],[-69,-10],[1,-78],[-19,-15],[-10,-57],[17,-28],[-37,-63],[5,-30],[-22,-44],[-53,-39],[47,-17],[26,-28],[-2,-31],[90,-2],[83,24],[62,-32],[18,-59],[-45,-41],[-6,-49],[71,-33],[-12,62],[80,27],[68,-10],[29,29],[110,-8],[29,-37],[95,-28],[94,-44],[13,-47],[-35,-38],[31,-18],[39,-73],[0,-54],[21,-47],[-17,-22],[-74,-7],[-2,-19],[132,1],[14,41],[70,-43],[-41,117],[18,72],[23,40],[62,34],[-10,51],[13,33],[76,78],[22,47],[-5,44],[39,25],[1,50],[37,21],[33,-20],[61,5],[29,29],[58,6],[0,-31],[38,-102],[-14,-75],[19,-47],[-4,-75],[-25,-75],[7,-101],[-40,-11],[-33,18],[-71,-51],[-35,-103],[7,-97],[-79,-71],[-39,-10],[-117,-69],[-28,-26],[-84,-124],[-64,-162],[-27,-84],[-7,-82],[-16,-43],[17,-22],[2,-112],[42,-52],[39,-4],[34,-31],[-15,-32],[-40,15],[11,-111],[53,-47],[40,2],[10,-49],[37,-61],[-17,-69],[-36,-27],[24,-45],[17,-106],[42,-123],[-28,-50],[24,-7],[170,52],[36,-35],[-20,-128],[11,-68],[25,-39],[46,16],[36,-29],[-39,-178],[-42,29],[1,43],[-82,43],[-26,27],[-50,7],[-44,52],[-104,-69],[-43,-43],[-116,-84],[-76,-1],[-32,29],[-63,-21],[-20,-50],[25,-22],[17,-66],[-51,-73],[34,-62],[-40,-32],[-3,-33],[-32,-37],[54,-8],[14,31],[-12,45],[45,31],[-31,78],[34,24],[18,135],[55,-79],[1,-97],[-22,-138],[-10,-136],[15,-93],[-1,-81],[-19,-42],[44,-126],[46,-48],[59,-27],[34,13],[87,-70],[78,-8],[48,-29],[15,-33],[-48,-81],[-47,-21],[61,-68],[29,-49],[121,-9],[-42,-72],[-55,-181],[-30,-218],[0,-54],[21,-135],[28,-81],[-14,-147],[19,-144],[-1,-119],[45,-26],[45,-145],[20,-47],[88,-149],[3,-22],[52,-6],[-5,-81],[-14,-35],[17,-74],[-8,-61],[26,-9],[32,-109],[63,-93],[63,-58],[68,-40],[92,-66],[21,-54],[32,-15],[4,-70],[37,-46],[43,-28],[36,-54],[3,-37],[-49,-67],[-43,-248],[16,-142],[-2,-91],[-9,-43],[44,-113],[42,-51],[3,-88],[125,-221],[79,-120],[58,-26],[8,-28],[-27,-38],[16,-81],[29,-31],[70,-17],[40,-34],[2,-90],[36,-55],[14,-103],[13,-36],[5,-77],[34,-42],[58,9],[18,-45],[-55,-35],[-20,-56],[-52,-25],[-24,-46],[2,-50],[75,-7],[-6,-49],[16,-85],[62,-125],[77,-250],[59,-98],[86,-54],[52,-86],[58,-6],[91,-66],[26,-94],[-41,-44],[15,-57],[55,-21],[-8,-41],[-53,-19],[-14,-83],[365,-195],[50,1],[20,-22],[11,-56],[42,-41],[34,-61],[76,-91],[34,-75],[102,-87],[62,-113],[2,-98],[15,-69],[-2,-49],[154,-11],[69,44],[82,87],[40,8],[39,-27],[68,-4],[21,-56],[47,-61],[15,-60],[58,-60],[20,-49],[82,-4],[20,46],[3,81],[14,44],[126,74],[32,2],[79,39],[27,-40],[73,-55],[91,-7],[30,-50],[101,-73],[125,-57],[29,-43],[-28,-22],[-80,-13],[-62,-25],[-90,-107],[-4,-66],[14,-26],[-10,-147],[-16,-29],[8,-88],[-30,-51],[-11,-60],[14,-37],[-6,-39],[105,-119],[138,102],[122,107],[35,58],[68,181],[42,142],[23,140],[298,-25],[59,3],[88,-98],[38,-84],[77,-61],[28,-41],[62,-31],[157,-61],[66,-69],[13,-24],[12,-90],[55,-87],[5,-47],[38,-123],[77,-157],[65,-123],[70,-71],[36,-49],[60,-110],[54,-85],[32,-35],[143,-55],[123,-60],[92,-65],[88,-26],[50,-63],[-8,-56],[25,-46],[52,-17],[60,-40],[56,10],[60,-18],[88,-80],[157,-88],[67,-112],[78,-107],[52,-60],[48,-85],[60,-148],[74,-103],[8,-42],[-8,-62],[-37,-32],[38,-61],[47,-27],[82,-17],[79,-106],[17,-62],[-14,-27],[43,-52],[-1,-18],[41,-52],[41,-70],[45,-37],[96,-44],[56,-43],[37,-43],[14,-53],[27,-47],[58,-55],[69,-18],[-61,68],[-5,108],[-79,70],[31,57],[-4,45],[-47,16],[-14,-32],[-40,26],[-17,84],[21,110],[-25,44],[-59,68],[-56,90],[-31,95],[1,82],[-92,87],[-14,71],[12,27],[-37,35],[-33,111],[-9,155],[-36,75],[2,66],[23,47],[-15,100],[-111,98],[-50,67],[-39,76],[-41,60],[-36,109],[-11,164],[-26,40],[-33,125],[-44,92],[-85,70],[-53,64],[-24,93],[-29,47],[-3,48],[-30,75],[-95,192],[-37,67],[-38,91],[-26,41],[-26,71],[-52,74],[-62,74],[-179,379],[-4,47],[-62,135],[-2,41],[36,12],[64,-27],[88,-12],[28,277],[-78,20],[-79,-15],[-31,25],[-5,67],[80,58],[24,85],[-42,41],[-46,88],[0,69],[11,41],[25,24],[-13,114],[24,58],[88,87],[69,9],[-3,31],[19,53],[-8,45],[44,111],[34,57],[28,115],[57,44],[-25,94],[3,104],[17,52],[70,110],[50,99],[44,113],[50,74],[32,24],[26,46],[57,27],[105,35],[142,77],[47,81],[23,94],[72,59],[101,35],[84,-23],[37,2],[82,-26],[59,-6],[67,36],[-11,38],[17,63],[52,29],[17,66],[72,17],[44,31],[8,-46],[47,-10],[66,-67],[53,-12],[9,37],[51,-65],[-9,-47],[25,-58],[9,-64],[25,-25],[63,-32],[60,1],[-5,43],[60,21],[36,-26],[-14,-59],[41,-15],[-38,-37],[5,-40],[45,-59],[44,-10],[-24,-68],[15,-26],[7,-82],[28,-68],[92,-192],[19,-24],[29,-92],[10,-87],[22,-37],[88,-78],[11,-76],[77,-67],[74,4],[25,-86],[59,-51],[73,-16],[36,-50],[55,-20],[29,37],[26,-34],[97,-66],[-25,-34],[-6,-49],[10,-71],[98,-186],[-8,-54],[29,-60],[-53,-40],[33,-94],[78,-44],[39,21],[66,-53],[79,-21],[20,-32],[100,-63],[81,-72],[-45,-17],[-39,-123],[-50,-52],[-44,-11],[-41,-98],[-12,-49],[12,-60],[30,-21],[-8,-28],[85,-56],[72,-12],[22,-19],[112,-44],[51,-1],[36,20],[47,-150],[30,-45],[52,-18],[5,-77],[79,16],[24,-35],[42,-19],[29,29],[166,-36],[57,-21],[75,-11],[51,12],[69,-21],[42,19],[24,-58],[127,-3],[57,38],[116,-52],[77,-11],[67,30],[-6,-70],[30,-68],[-10,-82],[39,-62],[34,1],[124,-52],[102,-5],[40,-28],[9,-47],[60,-11],[-18,-37],[59,-65],[63,-18],[40,12],[53,-63],[26,-4],[56,-43],[61,2],[24,-40],[109,-78],[35,-49],[73,-15],[82,8],[48,-27],[27,-87],[135,-46],[55,-33],[4,-35],[32,-5],[-2,-41],[31,-62],[-1,-29],[-29,-56],[30,-10],[132,28],[86,-61],[39,1],[99,-78],[48,-52],[6,-48],[46,2],[12,-34],[47,-44],[33,-53],[1,-65],[59,63],[82,-8],[75,-25],[124,-13],[49,-56],[52,-11],[18,-29],[42,-10],[99,-103],[-7,-85],[26,-69],[64,-80],[31,32],[-4,51],[26,62],[-8,99],[-60,52],[-35,45],[-69,63],[-33,102],[74,-1],[54,-116],[84,-99],[32,-22],[87,-32],[132,-99],[159,-41],[94,-53],[64,-58],[2,-57],[-20,-56],[-47,-29],[-59,4],[-141,55],[-48,47],[-3,44],[-27,40],[-56,3],[53,-60],[17,-55],[-46,-27],[105,-21],[107,-41],[11,-50],[45,28],[80,20],[-4,-59],[-56,-67],[-46,-70],[-7,-84],[16,-54],[88,-39],[-34,99],[-29,54],[54,86],[28,19],[42,76],[73,-44],[8,23],[-43,41],[-4,69],[31,39],[60,45],[61,-8],[79,-46],[80,-90],[6,-42],[250,33],[3,46],[-16,46],[18,38],[-41,37],[3,38],[96,-8],[1,13],[-116,17],[-35,27],[-19,65],[-46,98],[-63,80],[-110,176],[-16,46],[32,36],[4,157],[-59,37],[-45,60],[-53,43],[-59,109],[-3,21],[41,30],[194,6],[54,-12],[77,-33],[107,-80],[199,-107],[29,-37],[36,13],[-35,41],[-73,44],[-106,46],[-58,43],[-5,22],[-91,49],[-13,22],[-194,35],[-71,-7],[-40,15],[-109,89],[-42,68],[-56,44],[-38,49],[-64,102],[-6,45],[26,18],[32,-22],[44,-5],[169,-66],[101,-1],[84,-30],[73,-15],[93,-52],[20,-69],[86,33],[-47,64],[-51,21],[-57,60],[-75,-8],[-120,33],[-18,16],[-73,7],[-22,17],[-45,-2],[-95,44],[8,42],[-13,39],[-52,62],[24,41],[82,-9],[70,2],[35,-30],[25,20],[-47,29],[-106,33],[-50,68],[-3,60],[15,30],[-13,108],[-68,-17],[-30,84],[5,51],[39,45],[-16,30],[-2,76],[-19,43],[13,22],[-1,60],[39,13],[27,31],[-6,45],[20,66],[-16,52],[11,110],[50,75],[36,-7],[55,35],[7,76],[26,7],[41,62],[7,67],[-11,38],[45,9],[47,32],[-2,51],[48,3],[42,-50],[32,-4],[56,-63],[68,-12],[66,-43],[40,43],[108,-24],[18,-16],[3,-50],[59,-18],[46,20],[5,33],[67,2],[26,-31],[63,-11],[19,28],[65,45],[15,-53],[105,-91],[65,-36],[53,-12],[34,-28],[6,-34],[-36,-63],[-27,-67],[-5,-79],[-70,27],[-49,47],[-37,10],[-45,46],[-22,43],[-61,34],[-28,-31],[62,-93],[2,-23],[50,-6],[33,-30],[13,-48],[54,-71],[91,-43],[-28,-40],[53,-19],[3,-21],[-62,-27],[-77,19],[1,-63],[-39,-4],[-74,-33],[-29,12],[-34,63],[-37,-20],[-45,-4],[83,-54],[-29,-23],[0,-42],[47,14],[43,-14],[42,12],[56,-45],[48,60],[60,15],[19,-39],[48,28],[28,-21],[115,-194],[22,-24],[21,-60],[-38,-62],[-63,-33],[-73,2],[-68,33],[-126,-10],[-10,-28],[84,16],[81,-18],[56,-34],[-42,-34],[-47,-66],[-57,-4],[-89,-84],[32,1],[54,48],[43,-9],[54,35],[28,57],[60,48],[100,29],[-5,-49],[-52,-43],[-21,-62],[22,-47],[48,-53],[28,-53],[57,-46],[42,-12],[-16,68],[-53,76],[21,19],[-22,66],[14,107],[21,27],[-12,60],[39,83],[-7,65],[73,79],[-43,119],[-133,140],[-73,121],[-5,37],[91,33],[28,50],[30,7],[-41,71],[28,80],[65,16],[70,-56],[-16,-43],[29,-19],[48,25],[24,-26],[-3,-44],[40,-31],[-10,-45],[17,-38],[-29,-21],[2,-33],[67,-23],[37,-34],[-10,-79],[-25,-26],[11,-112],[44,-188],[-4,-44],[76,-222],[45,-30],[88,-86],[75,3],[103,-59],[69,6],[116,-50],[65,-6],[29,16],[-16,38],[63,8],[11,-31],[65,-10],[39,17],[48,-21],[-57,-29],[8,-48],[-30,-10],[62,-62],[-10,-31],[54,-47],[42,-61],[-62,-36],[10,-34],[-68,-14],[-28,-34],[-37,56],[-61,-10],[-88,-100],[-54,-87],[-30,-94],[-5,-44],[8,-95],[-8,-104],[-47,-12],[-79,25],[-58,4],[-63,25],[-3,33],[-38,0],[-86,23],[-33,47],[46,65],[-52,33],[5,32],[-37,23],[-31,-21],[-34,20],[-32,-13],[-31,45],[-4,106],[-35,32],[-39,-4],[48,-79],[-47,-14],[1,-40],[-50,-40],[-60,7],[-14,50],[-32,0],[-95,39],[-1,69],[-26,16],[-54,-13],[37,-30],[-6,-41],[-24,-22],[43,-23],[93,-82],[51,-61],[47,4],[35,-31],[14,-64],[-53,-24],[-31,6],[-47,-20],[-8,-43],[60,-90],[-8,-50],[59,-60],[21,-71],[113,-62],[33,-38],[37,-16],[-8,-40],[-46,-34],[-15,-54],[17,-43],[-76,-96],[-18,-49],[27,-88],[89,4],[-58,62],[24,19],[41,74],[65,25],[7,68],[104,8],[31,14],[89,5],[40,-35],[76,7],[51,-35],[50,-89],[22,-65],[0,-155],[-26,-74],[-56,-95],[-18,-60],[11,-76],[46,-61],[16,-61],[57,-12],[27,-30],[15,-109],[-43,-60],[-100,-55],[-63,-8],[-60,32],[-17,43],[29,26],[-45,26],[-77,82],[-58,102],[-29,0],[69,-144],[34,-47],[5,-70],[52,-62],[58,-26],[111,8],[66,31],[70,52],[35,44],[30,-14],[84,-93],[19,30],[-66,59],[-18,62],[72,83],[-16,103],[-17,64],[-9,85],[26,66],[11,64],[23,55],[45,-2],[-1,39],[46,59],[43,15],[15,40],[35,13],[51,239],[21,23],[62,15],[-17,29],[-49,27],[-65,19],[-38,53],[24,66],[-35,62],[-12,78],[133,-41],[36,17],[12,35],[45,-32],[6,-43],[37,-8],[41,37],[31,-34],[39,-16],[80,-82],[-44,-33],[-49,10],[-25,-33],[16,-85],[89,-43],[-2,-25],[36,-33],[-69,-8],[2,-60],[-54,-97],[-23,-76],[-22,-143],[-43,-385],[8,-148],[29,-176],[45,-97],[60,-43],[62,-7],[46,60],[64,-11],[36,15],[44,-43],[1,-98],[-23,-23],[5,-95],[15,-82],[74,-60],[45,-48],[82,-23],[31,9],[73,-23],[33,13],[17,-38],[-40,-58],[-17,-47],[-8,-69],[47,-70],[-91,-106],[-14,-50],[26,-60],[-32,-15],[10,-56],[28,-64],[-31,-33],[-37,2],[-30,-85],[6,-63],[-7,-54],[-56,-42],[-40,-165],[-24,-131],[-23,-185],[4,-85],[44,-55],[-23,-26],[-18,-64],[19,-23],[5,-54],[21,-21],[11,-50],[-93,20],[-47,-40],[-40,-85],[-54,-272],[-66,-390],[-20,-219],[-6,-284],[12,-109],[20,-32],[41,15],[24,-62],[76,-26],[-38,-50],[-44,-1],[-7,-89],[-22,-15],[-181,-243],[11,-40],[-11,-75],[-14,-274],[-11,-112],[-33,-166],[-9,-112],[-1,-222],[-4,-173],[-13,-87],[-36,-112],[-119,-251],[-96,-237],[-21,-116],[-11,-104],[2,-125],[13,-54],[46,-40],[62,-2],[23,-49],[25,8],[42,-120],[41,-88],[79,-92],[44,4],[43,-27],[29,9],[-3,60],[23,29],[58,2],[41,-42],[-16,-60],[6,-66],[23,-76],[25,-18],[52,4],[10,-52],[-46,-33],[-40,-10],[-14,-119],[13,-68],[-16,-54],[-56,39],[15,-89],[35,-80],[47,-74],[44,-50],[2,-47],[106,-31],[70,35],[68,79],[38,-17],[-11,-56],[20,-96],[65,-78],[-16,-68],[6,-87],[21,-26],[43,-7],[-22,-160],[-46,-110],[1,-36],[-48,-7],[-38,-37],[-59,-94],[-40,26],[-45,-30],[-40,-66],[-59,-80],[-83,-87],[-54,-35],[-50,-4],[-61,32],[-50,-4],[-62,53],[-26,45],[-97,38],[-46,8],[-9,-45],[19,-36],[33,14],[58,-8],[40,-66],[-31,-44],[19,-90],[76,-51],[89,-34],[15,14],[120,20],[19,-155],[61,-18],[-1,-30],[-64,16],[-24,-72],[13,-174],[-21,-31],[8,-39],[30,-9],[27,-67],[34,-137],[77,-215],[58,-131],[87,-165],[77,-114],[186,-232],[114,-128],[89,-88],[171,-149],[67,-62],[45,-65],[-58,-45],[-19,-38],[-28,-136],[-34,-60],[-39,-24],[-106,-40],[-60,12],[-90,4],[-163,21],[-153,-7],[-135,43],[-116,3],[-65,-15],[-8,-49],[79,-37],[160,-116],[498,-244],[138,-46],[306,-29],[-17,-131],[23,-129],[-142,-115],[-24,-41],[15,-33],[60,-5],[33,19],[137,25],[60,20],[88,46],[59,63],[92,62],[158,61],[109,65],[60,61],[65,14],[69,-32],[104,-27],[49,-3],[62,-66],[-1,-56],[-29,-28],[21,-42],[-3,-66],[-22,-131],[15,-40],[10,-137],[14,-45],[-11,-66],[-59,-51],[-42,-14],[-206,-38],[-40,-18],[-106,-112],[10,-58],[63,-5],[66,70],[44,9],[16,32],[42,13],[163,14],[121,45],[53,51],[31,87],[17,94],[1,155],[11,135],[18,68],[-1,89],[42,24],[82,-33],[44,-28],[128,-35],[158,-56],[20,-19],[69,43],[82,-37],[77,-56],[21,-33],[30,-88],[-3,-155],[42,-104],[85,-166],[13,-66],[43,-84],[96,-94],[67,-50],[74,-2],[90,-22],[56,-27],[64,-56],[42,5],[39,-33],[81,-45],[56,-82],[29,-23],[178,-38],[72,-49],[12,-30],[38,-17],[46,-45],[6,-62],[47,-110],[58,-84],[50,-39],[11,-29],[-21,-35],[-151,-21],[-42,42],[-32,-57],[56,-20],[56,-78],[41,0],[63,36],[17,-20],[-15,-70],[27,-30],[80,-27],[84,-63],[54,-71],[26,-144],[54,-41],[28,-57],[-93,-97],[-108,-168],[1,-33],[74,-110],[5,-22],[59,17],[14,144],[46,37],[81,24],[20,-146],[41,-143],[33,19],[87,-77],[-192,-71],[63,-86],[28,-57],[-23,-20],[23,-33],[16,-61],[96,-60],[100,-21],[30,8],[55,-55],[33,-6],[64,15],[68,36],[74,3],[49,-30],[79,13],[125,90],[40,0],[94,-71],[-14,-19],[139,-99],[26,-24],[53,9],[199,-51],[24,-54],[7,-107],[38,-24],[23,-57],[37,-20],[60,0],[33,19],[48,-42],[57,3],[71,-28],[96,38],[47,53],[112,-94],[-20,-188],[52,6],[26,-18],[19,-129],[14,-46],[62,-126],[42,-115],[63,-93],[41,-44],[46,-25],[66,-95],[50,-110],[18,-20],[68,-1],[36,-18],[37,6],[48,-37],[44,-61],[74,-78],[87,-68],[141,-87],[112,-43],[29,-19],[97,-90],[171,-170],[32,-66],[12,-59],[29,-69],[2,-49],[-53,-107],[25,-7],[14,-66],[46,-66],[2,-27],[-35,-64],[-57,-27],[-38,-96],[-4,-58],[73,-86],[54,-53],[49,-136],[-7,-37],[35,-94],[34,0],[14,69],[-12,72],[45,17],[-51,54],[-4,50],[23,78],[-4,102],[-48,116],[17,69],[24,36],[93,-43],[54,-43],[45,-77],[-5,-66],[-32,-38],[15,-20],[17,-134],[16,-28],[50,-18],[-12,71],[22,27],[50,-60],[-6,-85],[10,-28],[48,-45],[-3,87],[40,14],[91,-9],[46,-65],[44,-34],[14,56],[-36,19],[3,42],[-55,3],[-26,26],[4,70],[-30,136],[-120,113],[-36,18],[-62,65],[-58,39],[-89,36],[-115,109],[16,13],[-54,75],[-12,92],[-4,98],[35,30],[46,-8],[102,-54],[68,-20],[63,-5],[62,17],[18,36],[103,-51],[82,-48],[134,-52],[133,-88],[63,-25],[26,-29],[50,-10],[217,-80],[79,-24],[75,-10],[60,-33],[23,-40],[-7,-58],[-44,-13],[-175,37],[-164,-47],[-37,9],[-82,-33],[-84,8],[0,-67],[20,-13],[111,-14],[41,-19],[21,-32],[67,-12],[83,-109],[8,-46],[-54,-36],[-74,-28],[-7,-56],[16,-40],[83,-112],[10,-63],[95,-9],[83,1],[74,34],[44,-24],[6,-75],[-39,-67],[-1,-44],[92,-86],[-2,46],[-49,35],[-11,38],[44,43],[14,33],[1,67],[-14,70],[35,34],[25,-78],[-2,-273],[41,7],[21,114],[31,-145],[20,-6],[-3,87],[-12,67],[3,190],[-39,78],[-5,53],[28,16],[83,-39],[53,-57],[27,-5],[25,-78],[58,4],[-29,98],[-58,45],[-74,20],[-85,37],[-60,1],[-23,22],[59,159],[-6,28],[91,129],[0,62],[-18,44],[18,17],[105,-9],[19,-19],[0,-50],[31,-51],[82,-46],[13,23],[72,1],[24,-16],[71,31],[62,-22],[39,4],[52,37],[19,36],[34,-15],[11,-35],[59,-43],[18,-51],[46,-24],[49,12],[63,-6],[64,-26],[28,-61],[-12,-33],[15,-76],[63,-59],[-2,-42],[57,-61],[22,4],[-3,90],[41,21],[28,-34],[-7,-78],[26,-62],[32,-25],[31,54],[46,7],[49,-28],[52,-78],[14,40],[42,10],[46,-46],[16,-103],[-28,-44],[-5,-74],[64,64],[23,107],[-11,41],[10,50],[-48,18],[-73,112],[36,31],[-137,93],[28,31],[-55,32],[-7,75],[30,22],[78,-22],[39,-43],[4,-53],[57,25],[59,-6],[-48,57],[-9,59],[-85,91],[-28,-44],[-41,3],[-37,46],[-18,56],[-47,79],[-52,45],[-74,31],[-87,-16],[-78,-3],[-38,41],[20,18],[98,12],[-1,38],[-41,20],[-64,53],[-26,43],[15,48],[-52,18],[51,91],[-41,-11],[-28,-40],[2,-48],[-43,-16],[-49,53],[-41,-12],[-39,29],[-80,2],[-98,-23],[-31,37],[7,58],[24,21],[21,62],[-13,14],[-3,81],[38,47],[26,73],[84,3],[56,-6],[30,26],[51,12],[56,-44],[91,-21],[51,48],[55,-6],[25,-32],[62,-35],[31,2],[87,-52],[69,6],[84,-33],[48,-67],[83,-51],[78,-96],[118,-75],[183,-74],[52,-28],[137,-8],[35,-30],[-32,-98],[-78,-73],[-117,-57],[-47,9],[-41,-9],[31,-91],[41,17],[21,-50],[-5,-75],[-22,-39],[84,-1],[36,-54],[14,-69],[16,-18],[-13,-50],[-28,-38],[-30,-75],[90,9],[-11,41],[44,54],[2,46],[97,117],[-27,46],[-44,35],[-20,65],[77,70],[51,-26],[21,78],[57,29],[43,45],[12,36],[2,113],[-54,63],[-13,119],[-19,25],[-3,54],[31,30],[43,-30],[-2,-33],[49,-98],[79,-66],[40,-13],[33,35],[54,29],[33,-20],[5,-37],[39,-26],[-11,-42],[16,-61],[-34,-23],[-44,-54],[48,-73],[-6,-43],[20,-216],[44,-168],[18,-35],[21,-98],[110,-300],[28,-45],[23,-73],[2,-41],[-30,-8],[-78,-97],[50,-20],[29,50],[45,17],[85,-54],[21,-59],[122,-184],[198,-171],[64,-44],[37,-12],[53,-47],[126,-50],[-5,-18],[-87,-11],[-44,20],[-18,39],[-80,37],[11,-62],[28,-6],[52,-41],[80,-39],[53,-10],[75,45],[23,28],[106,-20],[72,-2],[179,47],[23,-18],[-84,-82],[-49,-19],[-33,-90],[-3,-103],[-55,-82],[-50,-44],[-48,-98],[-40,-55],[45,-23],[-4,53],[66,35],[30,54],[113,90],[54,75],[92,-6],[-25,29],[-91,5],[-9,26],[19,53],[46,37],[73,41],[46,52],[-1,68],[-31,19],[42,43],[7,59],[-23,21],[39,55],[38,25],[15,-35],[70,-253],[9,-99],[33,-75],[29,-103],[84,-146],[29,-12],[35,24],[44,-33],[39,7],[43,-25],[31,-43],[26,-107],[42,-40],[7,-32],[44,-53],[46,-24],[29,9],[50,-41],[3,-32],[50,-114],[10,-70],[18,-21],[41,-175],[-8,-42],[53,-213],[38,-62],[21,-96],[23,-41],[23,-96],[52,-66],[30,-59],[18,-94],[75,-238],[52,-101],[15,-104],[23,-77],[29,-56],[-1,-37],[24,-51],[21,-81],[148,-389],[52,-128],[82,-178],[85,-141],[31,-70],[105,-186],[71,-100],[52,-105],[122,-207],[30,-36],[139,-117],[23,-6],[-40,-73],[-47,-26],[-94,-71],[27,-23],[56,20],[88,50],[42,42],[82,-70],[25,-36],[42,-92],[86,-152],[175,-249],[104,-123],[80,-66],[49,-54],[41,-20],[141,-161],[191,-229],[103,-109],[138,-117],[166,-113],[145,-80],[3,-13],[109,-51],[68,-21],[113,-7],[86,-47],[111,-84],[189,-118],[47,-42],[110,-130],[123,-118],[201,-144],[212,-127],[242,-114],[34,-6],[157,-59],[78,-24],[187,-45],[111,-32],[63,-4],[21,-28],[69,-16],[59,26],[40,1],[59,29],[-21,58],[37,22],[149,-8],[95,-74],[64,-63],[81,-67],[16,-49],[-81,-14],[-53,-28],[-47,-50],[-53,-98],[-15,-76],[18,-75],[31,-81],[-6,-104],[6,-64],[23,-13],[35,138],[10,110],[-54,70],[-8,70],[25,50],[76,47],[113,26],[129,9],[72,-15],[61,-117],[8,-48],[36,-59],[103,-52],[112,-106],[32,-78],[60,-75],[151,-42],[19,-52],[44,-15],[34,-63],[73,-62],[-31,-57],[7,-59],[33,-63],[36,-26],[26,-53],[68,-43],[3,-39],[-22,-41],[47,-65],[33,-91],[-14,-38],[15,-48],[-5,-74],[69,-153],[-10,-55],[3,-75],[36,-85],[22,-165],[26,-43],[-22,-76],[-75,-125],[7,-41],[-17,-90],[-5,-75],[9,-103],[32,-148],[-30,-15],[48,-79],[21,-103],[68,-155],[154,-273],[58,-93],[201,-278],[169,-243],[90,-91],[-80,-27],[-22,-46],[-25,-13],[-32,-81],[101,41],[52,38],[18,-46],[29,-32],[45,-133],[37,-69],[54,-76],[144,-155],[75,-69],[120,-89],[169,-99],[220,-97],[143,-78],[93,-64],[0,-37],[-120,-201],[-37,-27],[-82,-20],[-75,4],[-18,17],[-96,32],[-100,-9],[-65,-15],[-48,8],[-28,31],[-64,21],[-103,-6],[-78,-23],[-76,-43],[-42,9],[-22,-63],[-57,-32],[-90,-83],[-30,-47],[-2,-57],[62,-69],[30,22],[16,116],[22,24],[85,51],[92,15],[79,-7],[58,-17],[38,-25],[81,-19],[129,-3],[37,-10],[103,17],[105,35],[56,1],[83,-69],[110,-132],[67,-120],[92,-138],[110,-112],[17,-37],[54,-40],[94,-94],[19,-49],[59,-23],[16,12],[72,0],[86,-38],[83,-57],[87,-51],[112,-46],[118,-38],[136,-31],[84,-27],[548,-26],[143,3],[177,20],[64,16],[58,52],[49,-14],[36,104],[3,32],[-51,52],[-1,18],[93,15],[27,34],[130,-49],[58,-7],[-35,-72],[11,-94],[70,-148],[30,-49],[36,-20],[113,-28],[48,-29],[56,-16],[98,-11],[125,1],[129,12],[154,28],[120,-5],[53,-23],[65,-67],[1,-32],[79,-40],[-60,-70],[-18,-54],[-51,-52],[-23,-72],[-18,-21],[37,-75],[15,-63],[-20,-72],[23,-56],[40,-47],[-22,-29],[8,-43],[54,-54],[41,-83],[-7,-55],[27,-26],[18,-55],[-64,-54],[-39,-110],[16,-29],[6,-65],[27,-90],[22,-40],[12,-68],[-16,-28],[-2,-69],[42,-97],[43,-63],[-19,-18],[35,-121],[-46,29],[-50,58],[-27,9],[-52,50],[-49,7],[-116,-21],[-78,-39],[-19,-27],[103,-17],[67,-1],[63,13],[13,-52],[-39,-20],[-118,-38],[-43,-38],[-153,-85],[-106,8],[-36,-19],[-29,-39],[-39,-175],[-72,-38],[-58,-71],[-24,-51],[-42,-148],[-30,-24],[-68,-1],[-41,11],[-55,-12],[-47,-35],[-62,-30],[-36,4],[-26,-41],[177,-22],[153,-34],[33,27],[80,33],[61,37],[56,54],[85,131],[45,85],[33,40],[95,66],[156,82],[101,24],[73,-8],[128,16],[88,58],[26,32],[28,66],[-4,45],[59,78],[51,14],[66,-46],[62,23],[72,1],[41,-16],[-39,-56],[11,-70],[-70,-99],[-53,-22],[-31,6],[52,-119],[-144,-89],[-25,10],[-100,-31],[-19,-48],[-48,-36],[-38,-63],[-79,-75],[-84,-52],[-34,-36],[-46,-26],[-55,-61],[-4,-60],[97,51],[14,-162],[9,-45],[61,-123],[7,-42],[-18,-58],[-50,-9],[-101,10],[3,-35],[87,-29],[-22,-40],[-266,-123],[-78,-60],[-37,4],[-35,51],[-84,4],[-24,-30],[85,-1],[51,-51],[5,-27],[56,-35],[-22,-44],[-31,-30],[-2,-20],[23,-41],[42,-38],[-20,-67],[5,-20],[21,-19],[-13,-59],[13,-45],[-21,-42],[15,-88],[-16,-88],[-32,-11],[32,-61],[106,-42],[51,20],[40,-28],[-9,-68],[23,-40],[41,-25],[20,-65],[-14,-19],[31,-53],[28,-106],[2,-75],[-45,9],[-22,-25],[8,-65],[87,-66],[18,-65],[23,-35],[55,-34],[-43,-26],[-135,26],[-35,19],[-34,-26],[-117,0],[-29,-40],[-28,3],[-10,-80],[47,-13],[88,-58],[64,-11],[62,-73],[114,-55],[59,-79],[118,-15],[39,-54],[-73,-110],[-64,-49],[-58,-14],[-10,-46],[70,-1],[58,-73],[-24,-68],[59,-26],[158,-6],[66,-29]],[[532518,234304],[31,-45],[-50,-169],[34,-104],[60,35],[-21,34],[60,45],[157,24],[80,-25],[46,-27],[39,-6],[43,-46],[49,-75],[0,-91],[-14,-59],[-60,-80],[6,-72],[-46,-56],[-43,-31],[-36,22],[-83,-2],[-75,-27],[-41,43],[-63,7],[-29,20],[11,-163],[-45,-86],[37,4],[17,-61],[107,17],[-51,36],[-14,42],[42,6],[212,-2],[125,28],[75,-24],[24,-33],[-19,-54],[35,-78],[27,7],[-5,46],[46,30],[-65,87],[37,69],[75,-2],[75,-80],[72,-52],[44,14],[41,-53],[41,-13],[78,-48],[54,-71],[32,-158],[-9,-46],[49,-44],[0,-46],[-44,-42],[-72,22],[-36,-21],[-20,-45],[20,-87],[-69,-58],[-39,-11],[-44,-60],[-43,-34],[-64,-9],[-19,-32],[113,1],[59,22],[64,-4],[24,59],[-5,22],[108,86],[68,-81],[11,-30],[56,-12],[11,-29],[-24,-82],[-1,-55],[-25,-68],[-27,-30],[-68,-3],[-12,36],[-102,-42],[-54,-56],[-1,-34],[-68,-16],[10,-20],[101,31],[-42,-74],[-21,-97],[18,-48],[44,-27],[27,-61],[-3,-41],[-24,-25],[-57,17],[-39,-47],[66,3],[10,-45],[31,-7],[53,52],[44,-3],[17,57],[101,-62],[-17,-43],[-88,-53],[-102,-35],[-124,-90],[-7,-40],[15,-59],[42,-9],[-33,-37],[-16,-48],[31,-19],[37,-73],[-4,-55],[76,-28],[30,-24],[-37,-53],[28,-34],[84,62],[-7,58],[-68,65],[138,19],[51,-4],[-76,100],[2,76],[30,13],[-8,52],[40,-7],[25,-82],[74,-21],[22,31],[-19,33],[32,29],[-23,27],[51,54],[-49,18],[-28,-14],[-34,20],[33,42],[-25,12],[34,64],[40,39],[24,-24],[-12,-46],[27,-13],[76,62],[6,25],[-31,67],[48,11],[60,-9],[24,33],[-84,12],[-57,-11],[-109,23],[-92,39],[-34,32],[10,23],[-32,65],[-6,40],[13,49],[73,15],[17,-62],[47,-10],[8,58],[26,2],[71,45],[52,64],[41,-6],[-36,-64],[21,-62],[55,-2],[-28,44],[6,29],[37,13],[27,36],[9,76],[-24,58],[4,35],[108,8],[4,58],[-86,65],[21,81],[-57,2],[-54,30],[-18,40],[-57,59],[4,107],[-11,43],[15,40],[55,36],[0,19],[44,75],[5,119],[67,52],[100,-43],[46,5],[-11,90],[-36,37],[-67,30],[-71,14],[-40,32],[-101,6],[-6,27],[76,-14],[134,7],[67,-28],[50,-2],[26,-42],[14,-225],[11,-117],[26,-187],[18,-92],[49,-201],[64,-176],[40,-76],[90,-118],[52,-80],[107,-136],[87,-92],[89,-74],[142,-93],[75,-36],[112,-37],[80,-17],[158,-8],[104,20],[65,36],[62,109],[8,112],[56,17],[79,-83],[-18,-51],[-49,12],[-25,-33],[-183,-352],[-298,-608],[-113,-263],[-23,-63],[-51,-107],[-42,-115],[-92,-225],[-49,-141],[-110,-269],[-107,-313],[-115,-343],[-147,-483],[-29,-116],[-90,-323],[-35,-146],[-83,-379],[-32,-178],[-24,-189],[-28,-259],[3,-222],[30,-198],[35,-135],[28,-80],[45,-91],[68,-107],[52,-51],[61,-40],[101,-29],[101,92],[53,-3],[46,34],[49,-31],[52,38],[53,-31],[-40,-19],[-18,-106],[22,-54],[-30,-63],[-60,-287],[-61,-246],[-84,-419],[-28,-228],[-37,-211],[-24,-300],[0,-60],[40,-83],[37,-52],[56,-56],[-32,-119],[-25,-187],[-9,-132],[-3,-201],[13,-127],[46,-131],[-10,-99],[3,-168],[-6,-48],[-30,-39],[29,-58],[33,-9],[10,-123],[36,-122],[29,-54],[48,-21],[119,-110],[77,-37],[40,-1],[47,26],[-4,29],[53,-1],[-27,-349],[-13,-305],[5,-122],[18,-165],[13,-71],[-3,-215],[27,-108],[61,-102],[68,-21],[-1,-71],[35,-69],[-19,-10],[-95,-1],[-92,-78],[-24,-3],[-70,48],[-52,-8],[-24,-47],[-25,-133],[9,-78],[-32,-94],[-61,-109],[-61,7],[23,-39],[-20,-39],[-16,-104],[2,-37],[42,-128],[-29,-67],[-52,-72],[11,-64],[20,-45],[-116,-65],[-108,-46],[-134,-5],[-43,-33],[-8,-26],[-72,-103],[-24,-11],[-55,59],[-10,43],[-66,108],[-5,-45],[28,-43],[-27,-55],[14,-49],[-39,-25],[6,-37],[42,-43],[-29,-109],[21,-58],[-44,-66],[-58,14],[-31,-11],[-54,-72],[-28,-17],[-34,-78],[123,-124],[15,-39],[60,-47],[100,-23],[17,-38],[-13,-103],[-35,-39],[-75,35],[-109,39],[3,-36],[48,-10],[24,-61],[57,7],[93,-49],[48,-60],[-17,-64],[-50,-2],[-16,-42],[44,-31],[58,-17],[15,-57],[3,-67],[69,-56],[46,-20],[26,9],[32,-40],[2,-32],[-29,-25],[16,-62],[53,17],[65,-21],[119,-99],[10,-60],[22,-47],[34,-27],[19,-42],[47,-55],[-19,-52],[-62,-14],[-59,20],[-37,-23],[84,-33],[58,-6],[33,-44],[93,22],[83,1],[107,-52],[59,-68],[53,-18],[26,-33],[-26,-31],[10,-29],[-88,-39],[-45,-34],[-40,-11],[-73,2],[-75,23],[-135,-32],[-72,-54],[-82,-28],[-227,-117],[-73,-48],[-73,-37],[-71,-63],[-19,-49],[-89,-134],[-95,-213],[-92,-120],[31,-32],[-6,-37],[-39,5],[-67,-51],[15,-37],[-94,-176],[3,-48],[54,-122],[49,-60],[97,11],[27,19],[48,-7],[127,-41],[64,-10],[83,-30],[128,-12],[53,-40],[55,-2],[51,15],[138,55],[25,30],[-17,47],[38,40],[112,-6],[13,-74],[-3,-54],[21,-41],[-9,-64],[34,-41],[-35,-75],[-15,-119],[34,-59],[-41,-59],[-48,-135],[-18,-82],[12,-22],[-37,-91],[-58,-21],[-40,59],[-104,32],[-70,-40],[-35,14],[-70,-66],[-108,88],[-31,125],[17,75],[32,23],[52,102],[-13,48],[-78,22],[-26,-28],[-116,-18],[-61,0],[18,-64],[75,-31],[15,-53],[54,-73],[34,-130],[42,-63],[82,-38],[-165,-218],[-29,-30],[13,-68],[-7,-111],[6,-53],[42,-127],[21,-39],[75,-84],[41,-17],[56,0],[56,-45],[10,-53],[-47,-24],[-20,-28],[150,-74],[28,-39],[51,-8],[107,-69],[89,-18],[106,-39],[121,-58],[94,-56],[72,5],[110,-8],[54,-30],[15,-89],[-2,-60],[41,-24],[-24,-39],[-77,-60],[-85,-47],[54,-84],[-29,-24],[-36,-81],[15,-26],[-20,-71],[-61,-96],[-63,-46],[-218,-102],[-52,-48],[-74,-98],[-45,-8],[-158,-53],[-63,-11],[-87,5],[-179,47],[-184,32],[-91,-15],[-34,-30],[3,-74],[40,-72],[14,-50],[8,-85],[40,-47],[-2,-20],[-73,-62],[-46,-17],[-45,14],[-35,113],[-38,38],[-39,-2],[-32,-37],[-6,-35],[23,-104],[-20,-31],[-41,-9],[-99,118],[-44,34],[-61,-5],[-99,-67],[-82,-77],[-52,-76],[-9,-61],[29,-25],[69,-11],[134,13],[40,-12],[50,-44],[24,-60],[-13,-13],[-81,-19],[-86,-9],[-88,-42],[-31,-55],[-5,-48],[54,-29],[76,-2],[27,-33],[-22,-20],[-87,-15],[-46,4],[-101,54],[-52,53],[1,16],[-127,87],[-85,18],[-33,-35],[-30,-98],[13,-56],[52,-79],[5,-37],[-16,-92],[48,-73],[-2,-27],[-92,-10],[-38,43],[-17,54],[-40,44],[-124,70],[-155,25],[-66,-38],[164,1],[96,-30],[71,-54],[72,-117],[101,-23],[40,11],[10,66],[-38,50],[-10,38],[20,83],[-68,139],[0,43],[32,64],[31,20],[32,-14],[88,-70],[115,-111],[58,-38],[174,1],[36,19],[18,39],[-45,45],[-62,4],[-53,21],[27,64],[55,40],[180,15],[39,27],[5,63],[-22,38],[-104,65],[-188,0],[-37,29],[16,30],[95,113],[120,85],[43,9],[22,-18],[76,-105],[38,-34],[37,-7],[43,22],[17,50],[-6,115],[28,38],[32,-54],[20,-79],[70,-38],[106,41],[46,37],[9,51],[-48,84],[-10,123],[-30,95],[39,34],[136,-14],[214,-53],[-3,-15],[122,-7],[23,-10],[77,30],[38,-7],[213,108],[79,84],[137,86],[75,19],[81,58],[49,68],[77,124],[43,37],[-16,19],[124,1],[-1,46],[-75,-16],[0,62],[-24,29],[58,121],[92,90],[81,121],[-26,14],[78,83],[12,-7],[136,189],[177,-96],[-305,-428],[56,-98],[-36,-7],[-41,-34],[-133,33],[-30,-58],[5,-38],[58,-3],[45,-43],[11,-49],[-9,-96],[-47,-15],[6,-78],[-19,-20],[32,-49],[-1,-46],[31,-36],[21,-74],[81,-66],[73,-11],[-6,-64],[72,7],[28,-22],[6,-87],[-59,-38],[32,-44],[26,-62],[-5,-77],[41,24],[76,11],[16,-87],[43,-24],[76,-8],[66,14],[60,-23],[124,20],[44,22],[30,38],[21,59],[-22,28],[4,39],[52,19],[-23,-93],[34,-30],[-18,-40],[10,-31],[79,-16],[56,4],[25,-16],[83,0],[19,-52],[-10,-32],[-40,-29],[39,-30],[7,-42],[43,-35],[-19,-46],[3,-38],[-28,-60],[-4,-39],[23,-31],[82,5],[69,-6],[205,29],[-2,-37],[-62,-183],[6,-50],[-37,-13],[-55,-61],[55,-29],[23,-46],[-38,-26],[52,-90],[52,-29],[24,-47],[-15,-47],[75,3],[61,16],[57,-3],[57,-20],[6,-54],[-36,-28],[-14,-36],[48,-77],[49,-23],[38,31],[36,-23],[-67,-42],[-39,-62],[-36,-17],[-63,-65],[-8,-104],[29,-24],[-9,-57],[16,-31],[92,-76],[-12,-59],[0,-60],[20,-11],[-4,-82],[17,-112],[-34,-27],[-24,-52],[22,-50],[-26,-56],[41,-85],[37,-30],[78,-91],[8,-32],[-54,-45],[-4,-47],[64,-135],[-1,-39],[25,-47],[-15,-34],[-51,-4],[-57,-43],[-81,-23],[-87,8],[-79,92],[-5,-48],[77,-124],[43,-23],[77,6],[39,24],[53,-1],[65,26],[31,40],[13,64],[46,69],[55,10],[87,-27],[43,5],[82,36],[70,-61],[16,-89],[26,-66],[85,25],[49,-25],[37,6],[34,52],[69,-8],[79,-24],[64,8],[45,27],[106,-117],[38,-50],[34,-81],[16,-108],[51,-64],[73,-33],[68,-7],[82,6],[100,39],[71,41],[-40,-112],[-14,-115],[13,-76],[-7,-50],[-89,-164],[-54,-54],[-204,-40],[-26,8],[-203,-23],[-108,-7],[-29,-27],[101,-63],[25,-35],[-61,-35],[-48,5],[4,-43],[-40,-22],[-20,22],[-26,5],[-8,-6],[-10,-31],[-9,-4],[-24,34],[-38,29],[-51,16],[-137,-18],[-85,-31],[19,-23],[88,18],[50,0],[39,27],[54,-44],[30,-77],[-17,-53],[18,-56],[62,-40],[61,-21],[76,-99],[-56,-38],[-21,-67],[70,-56],[100,21],[23,-17],[13,-64],[9,-147],[32,-18],[39,-63],[-21,-43],[-72,-25],[-17,-83],[-35,-7],[-75,10],[-62,49],[-33,-44],[-10,-51],[59,-78],[-13,-71],[-120,-59],[-200,35],[-25,-77],[-36,-67],[-34,16],[-32,48],[-24,-10],[40,-50],[-19,-17],[-50,-91],[62,-83],[28,30],[37,-12],[58,24],[16,83],[-25,82],[6,53],[21,40],[131,-46],[97,30],[76,37],[28,36],[4,85],[-25,34],[-37,12],[-9,51],[21,16],[72,-43],[95,-1],[32,17],[34,46],[39,-32],[-55,-121],[6,-42],[85,-122],[25,-73],[27,-45],[17,-79],[-3,-63],[-18,-76],[-10,-106],[30,-122],[31,-36],[-8,-81],[5,-78],[42,-48],[-4,-28],[54,-41],[52,-137],[-66,-101],[18,-77],[54,-76],[34,-7],[23,74],[-58,-35],[-32,62],[-7,58],[40,40],[38,64],[-22,85],[43,19],[-24,37],[-4,150],[17,28],[-11,73],[-41,43],[41,55],[67,25],[13,-55],[-4,-314],[-9,-149],[13,-210],[15,-159],[31,-219],[52,-269],[82,-327],[86,-236],[54,-70],[66,-15],[8,-60],[90,-177],[75,-130],[72,-92],[73,-31],[40,16],[31,-59],[166,-227],[124,-119],[102,-74],[88,-41],[109,-5],[50,23],[58,-26],[35,3],[17,33],[36,0],[33,29],[28,-30]],[[475165,308825],[-24,56],[25,5],[-1,-61]],[[425493,381126],[-43,27],[21,23],[30,-25],[-8,-25]],[[392405,429590],[-6,14],[37,59],[20,-16],[-51,-57]],[[478170,305565],[-14,69],[33,-2],[-19,-67]],[[389026,449229],[20,62],[23,-27],[-43,-35]],[[480661,306032],[5,40],[65,1],[-47,-41],[-23,0]],[[538119,207530],[-10,29],[85,-5],[-20,-24],[-55,0]],[[442143,332754],[8,-50],[-49,10],[41,40]],[[397923,437380],[-71,-25],[-5,22],[76,3]],[[392035,430095],[27,61],[34,-21],[-61,-40]],[[481411,305079],[-29,18],[8,42],[32,-11],[-11,-49]],[[394429,430018],[-75,19],[29,22],[46,-41]],[[391321,438232],[52,-47],[-25,-12],[-47,46],[20,13]],[[406722,440755],[-2,37],[26,29],[26,-23],[-50,-43]],[[531760,236387],[-23,20],[15,62],[22,-5],[-14,-77]],[[493063,282551],[-20,29],[50,21],[3,-35],[-33,-15]],[[389259,440022],[-25,29],[33,20],[27,-33],[-35,-16]],[[478313,301484],[-41,35],[17,28],[62,-38],[-38,-25]],[[442606,339311],[-45,27],[49,23],[-4,-50]],[[492387,289632],[-49,49],[40,30],[9,-79]],[[441478,345140],[-29,5],[7,44],[34,-5],[-12,-44]],[[509651,259345],[-21,31],[48,12],[15,-28],[-42,-15]],[[394018,430345],[-36,9],[20,62],[27,-30],[-11,-41]],[[353137,352462],[-25,13],[-16,51],[50,-19],[-9,-45]],[[517065,266782],[69,53],[14,-26],[-83,-27]],[[503378,277656],[-31,42],[22,24],[40,-39],[-31,-27]],[[391604,432131],[-9,-56],[-33,-5],[-17,31],[59,30]],[[510142,259486],[-19,60],[26,27],[24,-52],[-31,-35]],[[505441,268790],[-23,46],[86,6],[-63,-52]],[[351984,348132],[24,-35],[42,-27],[-8,-30],[-51,41],[-7,51]],[[479219,297849],[-48,15],[29,31],[19,-46]],[[434489,356080],[-28,28],[9,46],[36,-27],[-17,-47]],[[392942,433216],[-41,47],[20,18],[50,-34],[-29,-31]],[[538717,206374],[-18,18],[-6,51],[39,-9],[-15,-60]],[[353338,353838],[42,-19],[-31,-49],[-22,38],[11,30]],[[482030,299923],[-41,6],[25,48],[54,-43],[-38,-11]],[[538865,207362],[7,33],[64,20],[2,-25],[-73,-28]],[[395155,431313],[-20,36],[47,35],[-5,-60],[-22,-11]],[[532262,237620],[60,71],[14,-29],[-74,-42]],[[349579,348262],[140,-28],[-4,-25],[-126,41],[-10,12]],[[465470,310997],[12,37],[41,22],[35,-23],[-36,-28],[-52,-8]],[[531716,236691],[57,56],[13,-31],[-70,-25]],[[405269,401754],[-61,13],[-26,27],[10,26],[67,-43],[10,-23]],[[432546,372709],[46,-15],[-14,-62],[-32,77]],[[482298,299255],[-53,45],[43,28],[10,-73]],[[405058,442975],[23,30],[51,24],[32,-15],[-58,-38],[-48,-1]],[[395291,429846],[-24,10],[-15,67],[57,-23],[-18,-54]],[[388109,436068],[-31,22],[26,50],[35,-8],[-12,-64],[-18,0]],[[491773,290060],[-63,59],[7,31],[54,-33],[2,-57]],[[505508,268008],[-80,53],[59,7],[36,-13],[-15,-47]],[[470958,307720],[55,54],[41,-30],[-37,-24],[-59,0]],[[518341,254812],[48,52],[23,-46],[-71,-6]],[[538469,207132],[34,12],[65,-12],[-36,-34],[-63,34]],[[400547,419901],[11,36],[27,11],[21,-34],[-59,-13]],[[405491,440942],[0,29],[50,27],[38,-30],[-88,-26]],[[511225,259205],[31,53],[38,-30],[-48,-30],[-21,7]],[[483417,293940],[-59,5],[62,67],[-3,-72]],[[497937,287545],[-22,50],[84,3],[-20,-41],[-42,-12]],[[491692,281113],[-59,16],[74,33],[-15,-49]],[[406768,444853],[121,133],[28,-8],[-125,-112],[-24,-13]],[[388943,449352],[-24,34],[86,12],[-15,-35],[-47,-11]],[[483706,293788],[-32,-22],[-40,25],[45,54],[27,-57]],[[493296,282277],[-35,31],[25,50],[36,-29],[-26,-52]],[[534059,232458],[-21,-14],[-61,47],[20,26],[35,-12],[27,-47]],[[481531,303017],[-18,44],[51,29],[20,-45],[-53,-28]],[[404111,413555],[-28,66],[21,13],[42,-18],[-7,-38],[-28,-23]],[[492277,289723],[-20,3],[-40,71],[71,-43],[-11,-31]],[[414019,418560],[14,33],[39,-4],[33,-54],[-86,25]],[[482107,296277],[-14,13],[11,78],[37,-31],[-3,-41],[-31,-19]],[[486263,290159],[21,-42],[-39,-11],[-33,16],[10,36],[41,1]],[[491969,279547],[-31,48],[65,16],[-6,-51],[-28,-13]],[[496342,287502],[-13,15],[53,59],[58,-21],[-36,-48],[-36,18],[-26,-23]],[[476357,307727],[-4,50],[108,-17],[-104,-33]],[[477502,305218],[-30,1],[-17,48],[28,26],[22,-36],[-3,-39]],[[500292,278112],[11,-25],[-26,-30],[-31,31],[46,24]],[[392497,429861],[21,-31],[-17,-39],[-52,18],[21,50],[27,2]],[[506702,273482],[-58,83],[48,-7],[17,-25],[-7,-51]],[[505927,265505],[-62,81],[68,-9],[13,-25],[-19,-47]],[[432796,364419],[41,20],[9,-63],[-29,-10],[-21,53]],[[490769,284968],[-28,27],[14,61],[31,1],[-17,-89]],[[498562,282842],[-33,70],[48,-11],[32,-50],[-47,-9]],[[423075,379911],[-46,13],[-41,39],[27,13],[78,-25],[-18,-40]],[[525252,258184],[-5,33],[45,30],[31,-18],[-19,-37],[-52,-8]],[[480565,302908],[7,74],[15,25],[41,5],[-16,-76],[-47,-28]],[[491950,289955],[-58,17],[-57,1],[-15,52],[38,-3],[30,-36],[43,6],[19,-37]],[[429524,377628],[60,19],[44,-28],[-11,-26],[-75,13],[-18,22]],[[498487,283046],[24,6],[45,-40],[-33,-25],[-34,15],[-2,44]],[[406147,442556],[27,27],[47,78],[40,5],[-73,-83],[-41,-27]],[[532787,236972],[-44,-38],[-82,-45],[-31,14],[157,69]],[[442431,334742],[-38,22],[12,45],[58,-7],[-2,-52],[-30,-8]],[[432989,378051],[-4,-20],[-66,4],[16,57],[44,-12],[10,-29]],[[491775,280325],[-50,36],[-2,24],[73,6],[13,-22],[-34,-44]],[[505213,266398],[20,43],[76,-81],[-96,38]],[[499421,282525],[-13,58],[15,36],[36,-1],[-2,-52],[-36,-41]],[[495099,283798],[17,73],[36,-20],[-13,-46],[-40,-7]],[[400504,423999],[-14,29],[-55,38],[9,23],[107,-60],[-47,-30]],[[492325,279022],[-32,56],[35,22],[42,-35],[-5,-34],[-40,-9]],[[481777,305533],[-57,13],[12,49],[49,33],[-4,-95]],[[481631,301375],[-41,34],[-5,91],[41,-6],[5,-119]],[[534956,219696],[-15,40],[16,52],[46,-49],[-1,-34],[-46,-9]],[[502040,282994],[-1,-82],[-56,22],[4,38],[53,22]],[[442931,334435],[-44,8],[-35,59],[45,9],[48,-59],[-14,-17]],[[448675,322553],[3,33],[68,25],[-2,-48],[-69,-10]],[[482195,305915],[-34,45],[9,47],[52,-20],[-4,-42],[-23,-30]],[[395840,447519],[-48,47],[23,19],[70,-6],[7,-19],[-52,-41]],[[425389,379867],[-24,24],[3,43],[81,-45],[-37,-39],[-23,17]],[[447256,325148],[26,7],[44,-37],[7,-60],[-58,49],[-19,41]],[[423816,380582],[-52,16],[-8,41],[15,33],[40,-12],[15,-56],[-10,-22]],[[388929,449278],[-20,2],[-5,62],[94,-9],[-39,-45],[-30,-10]],[[496160,278824],[-31,14],[8,78],[55,-11],[-1,-50],[-31,-31]],[[350944,351377],[-22,62],[67,-42],[-45,-20]],[[516409,263029],[69,-16],[-5,-22],[-101,-2],[-23,45],[60,-5]],[[495433,289289],[10,-37],[38,-3],[31,-37],[-60,-5],[-35,33],[-10,37],[26,12]],[[490470,287327],[68,-51],[-3,-54],[-71,52],[6,53]],[[407524,445641],[-17,36],[35,40],[50,-19],[8,-37],[-76,-20]],[[534174,219085],[-6,47],[30,19],[44,-17],[-68,-49]],[[492604,281199],[-11,24],[30,51],[47,19],[13,-44],[-79,-50]],[[538927,205770],[10,-61],[-31,-2],[-32,115],[68,-3],[-15,-49]],[[391688,428245],[4,48],[28,17],[78,-35],[-29,-19],[-34,18],[-47,-29]],[[531336,237587],[16,49],[99,40],[-10,-38],[-47,-34],[-58,-17]],[[471694,309269],[-69,11],[-4,31],[48,12],[71,-17],[0,-29],[-46,-8]],[[480081,304485],[-15,-38],[-78,-4],[17,81],[76,-39]],[[387979,436260],[33,-11],[22,-53],[32,-31],[-35,-34],[-23,28],[0,37],[-29,64]],[[389057,436304],[-15,22],[-50,22],[10,88],[58,-86],[-3,-46]],[[409529,391520],[-32,-70],[-43,-18],[-7,76],[82,12]],[[492626,280121],[-26,51],[8,58],[43,42],[-6,-120],[-19,-31]],[[502233,278622],[-59,98],[46,27],[40,-62],[-27,-63]],[[401832,439413],[-32,25],[129,42],[-6,-36],[-91,-31]],[[531855,236611],[-4,63],[36,26],[55,-7],[-59,-87],[-28,5]],[[408832,390162],[-22,-39],[-49,0],[-10,29],[63,59],[31,-6],[-13,-43]],[[534369,218546],[60,27],[-21,-63],[-44,-29],[-34,36],[39,29]],[[381318,445582],[-14,-53],[-32,-30],[-41,-14],[17,57],[41,65],[29,-25]],[[505748,267817],[-70,11],[-23,71],[41,-10],[52,-72]],[[480602,303525],[-43,14],[-58,-3],[-24,22],[17,40],[33,-28],[94,-2],[-19,-43]],[[389130,439955],[-72,37],[22,51],[95,-67],[-45,-21]],[[410573,384322],[-5,39],[13,49],[33,-18],[-2,-33],[28,-29],[-33,-32],[-34,24]],[[426852,380163],[-30,-27],[-80,-1],[5,35],[61,7],[44,-14]],[[474870,307789],[-21,21],[58,51],[60,2],[13,-17],[-35,-54],[-29,22],[-46,-25]],[[474470,307721],[-64,10],[14,81],[44,5],[29,-74],[-23,-22]],[[388336,435635],[-10,35],[-34,12],[2,31],[73,-19],[1,-35],[44,-34],[-42,-29],[-34,39]],[[493655,274856],[-25,64],[15,26],[-34,33],[18,23],[69,-67],[-15,-57],[-28,-22]],[[479150,304903],[13,30],[-42,67],[65,-12],[4,-136],[-29,-8],[-11,59]],[[401102,438612],[23,14],[119,11],[59,-11],[-4,-23],[-125,-3],[-72,12]],[[442546,334590],[-43,27],[22,22],[101,-9],[10,-51],[-64,-5],[-26,16]],[[531174,237604],[36,37],[121,1],[-6,-34],[-37,-14],[-114,10]],[[538925,206470],[0,50],[-26,63],[28,37],[49,-121],[-51,-29]],[[499429,278881],[-39,-10],[-6,41],[-53,48],[39,21],[62,-34],[-3,-66]],[[391621,430046],[-16,27],[22,45],[73,40],[-15,-61],[-64,-51]],[[486334,296910],[-21,79],[-1,37],[65,-41],[0,-85],[-43,10]],[[491654,288161],[-49,35],[-8,42],[29,11],[27,-31],[50,-5],[-1,-55],[-48,3]],[[417151,386448],[-67,31],[-17,49],[40,12],[51,-11],[6,-53],[-13,-28]],[[538335,207505],[-25,17],[23,8],[16,-27],[15,-6],[10,5],[16,38],[37,-29],[-46,-50],[-40,-21],[-26,39],[20,26]],[[426446,380370],[191,17],[0,-21],[-45,-27],[-66,-5],[-80,36]],[[510533,259531],[1,61],[39,-21],[17,-30],[-20,-84],[-19,5],[-18,69]],[[425782,380562],[-48,15],[-16,56],[57,9],[55,-26],[-23,-49],[-25,-5]],[[539246,208291],[-24,21],[75,74],[41,-45],[-38,-56],[-54,6]],[[388313,435428],[-17,43],[30,60],[23,11],[39,-50],[-24,-50],[-51,-14]],[[497348,282685],[-53,43],[45,7],[28,24],[46,-21],[42,5],[21,-31],[-106,-11],[-23,-16]],[[403712,442290],[3,42],[68,23],[61,-19],[-59,-34],[-73,-12]],[[538702,207247],[-25,45],[106,114],[4,-44],[-85,-115]],[[533113,233562],[16,22],[49,-3],[11,-51],[-100,-13],[-19,38],[43,7]],[[491037,285333],[28,-26],[48,-124],[-29,-18],[-51,84],[-12,73],[16,11]],[[433654,377479],[10,41],[33,15],[71,-44],[-11,-47],[-75,18],[-28,17]],[[447079,325101],[-1,55],[59,-19],[26,-50],[-32,-45],[-52,43],[0,16]],[[406207,405109],[1,64],[26,53],[32,4],[12,-78],[-29,-29],[-42,-14]],[[404323,412723],[-10,-32],[-60,-20],[-32,37],[43,56],[46,-4],[13,-37]],[[538878,207403],[-7,79],[50,48],[50,77],[9,-57],[-52,-57],[-50,-90]],[[482459,305812],[-38,9],[-24,39],[28,66],[25,9],[36,-110],[-27,-13]],[[492569,280873],[-52,38],[-13,85],[21,18],[58,-77],[5,-41],[-19,-23]],[[391908,429284],[-12,10],[2,66],[73,61],[20,-38],[-56,-82],[-27,-17]],[[431875,372997],[136,-21],[5,-44],[-63,-14],[-58,40],[-20,39]],[[404066,439827],[52,67],[72,67],[16,-44],[-29,-39],[-98,-59],[-13,8]],[[410301,387970],[-23,32],[42,28],[33,55],[44,-49],[2,-32],[-57,-4],[-41,-30]],[[399957,441911],[11,-75],[18,-24],[-19,-28],[-44,-4],[-13,54],[12,64],[35,13]],[[481216,302234],[-28,132],[22,10],[29,-59],[96,-64],[-36,-15],[-34,42],[-49,-46]],[[538904,207594],[-1,88],[79,52],[30,-32],[-90,-80],[-18,-28]],[[479241,297961],[-19,9],[2,61],[-41,20],[24,36],[38,9],[9,-46],[27,-11],[-7,-58],[-33,-20]],[[489014,286599],[-44,44],[69,14],[49,-29],[19,-34],[-44,-19],[-49,24]],[[432808,378140],[-22,58],[81,25],[36,-45],[-10,-32],[-85,-6]],[[506379,267190],[-85,15],[-5,29],[62,16],[33,51],[42,-90],[-47,-21]],[[389980,429639],[14,-66],[-20,-31],[-61,47],[-4,59],[50,28],[21,-37]],[[403580,413354],[-53,34],[37,46],[28,-19],[35,-50],[17,-47],[-4,-35],[-45,15],[-15,56]],[[532310,236590],[-29,43],[-45,21],[6,38],[31,37],[51,-26],[-14,-113]],[[481067,305052],[-56,74],[8,34],[67,-14],[29,13],[13,-55],[-61,-52]],[[406473,414474],[15,47],[51,39],[32,-38],[-14,-72],[-84,24]],[[535875,212726],[-10,-29],[-124,94],[68,34],[48,-51],[18,-48]],[[433860,376390],[-59,32],[38,34],[32,-17],[71,-12],[11,-51],[-61,-11],[-32,25]],[[413890,440000],[-15,50],[94,-31],[51,-60],[-23,-27],[-44,29],[-50,5],[-13,34]],[[502356,281814],[14,68],[37,41],[31,-25],[12,-39],[-41,-48],[-53,3]],[[479078,297937],[-40,103],[48,-1],[14,-29],[72,-23],[-12,-30],[-82,-20]],[[447336,324988],[62,-18],[22,-44],[83,-59],[-18,-23],[-63,13],[-57,97],[-29,34]],[[406912,406364],[-81,8],[-222,75],[-147,96],[25,6],[61,-53],[63,-38],[67,-22],[73,-36],[175,-23],[-14,-13]],[[388000,435888],[-3,-38],[31,-46],[-68,-13],[-50,16],[-23,41],[94,40],[19,0]],[[474088,308307],[-10,-34],[-48,-28],[-74,-16],[18,70],[63,46],[51,-38]],[[357793,354690],[-6,41],[-51,48],[19,41],[124,-69],[-86,-61]],[[430228,378613],[83,39],[-25,22],[-49,-7],[-22,33],[20,28],[62,7],[37,-54],[-23,-51],[-83,-17]],[[443979,333250],[-81,63],[66,47],[40,-38],[31,-68],[-29,-28],[-27,24]],[[478533,301233],[1,29],[-45,14],[18,49],[-11,41],[22,26],[52,-42],[-22,-17],[3,-54],[22,-23],[-40,-23]],[[512839,256347],[-2,40],[27,72],[34,-23],[-12,-46],[6,-95],[-30,-24],[-23,76]],[[500341,278182],[-40,16],[34,45],[39,28],[13,-41],[39,-13],[7,-27],[42,-11],[-34,-39],[-40,47],[-60,-5]],[[358085,352000],[38,82],[25,5],[80,-17],[9,-25],[-88,-34],[-64,-11]],[[510159,259769],[-14,85],[42,10],[28,-20],[14,-46],[-9,-55],[-36,-8],[-25,34]],[[497062,280098],[42,-43],[-78,-24],[-40,29],[-66,10],[2,20],[97,26],[43,-18]],[[425948,379275],[-42,27],[-12,43],[27,13],[71,-50],[51,-62],[-17,-35],[-43,19],[-35,45]],[[350774,357656],[-22,-3],[-47,-74],[-40,75],[71,22],[38,-20]],[[513006,256410],[-60,60],[48,9],[93,-138],[-40,-12],[-41,81]],[[515479,256441],[-38,3],[-41,44],[-60,15],[37,38],[61,-9],[50,-61],[-9,-30]],[[478447,301050],[-17,-20],[-52,32],[20,27],[-3,41],[82,-32],[-30,-48]],[[349052,351306],[-39,-38],[18,-31],[-54,-18],[-47,5],[-14,48],[31,51],[72,-21],[33,4]],[[531459,237642],[15,136],[31,45],[41,5],[-14,-91],[-36,-61],[-37,-34]],[[491961,289549],[33,45],[-20,41],[30,97],[39,-67],[2,-53],[-16,-37],[-68,-26]],[[388968,436614],[-20,-93],[-36,-8],[-41,26],[-5,63],[39,5],[55,29],[8,-22]],[[504569,263152],[-107,47],[-41,54],[81,4],[44,-23],[38,-60],[-15,-22]],[[405643,403339],[-5,-57],[-39,-23],[-35,128],[65,4],[14,-52]],[[531649,238178],[12,20],[55,17],[62,-36],[-9,-32],[-95,-33],[-34,21],[9,43]],[[433544,357267],[-51,31],[-36,70],[52,-4],[49,-28],[25,-59],[58,-35],[10,-43],[-60,28],[-17,39],[-30,1]],[[480971,300604],[-80,42],[-39,59],[-4,67],[61,-39],[51,-67],[11,-62]],[[448627,321786],[30,22],[24,-33],[-15,-47],[49,-30],[-58,-26],[-34,11],[-23,31],[39,35],[-12,37]],[[404265,444262],[-17,30],[28,28],[96,43],[61,-3],[-64,-63],[-50,-29],[-54,-6]],[[536455,212467],[57,-22],[8,-60],[-17,-36],[-30,0],[-57,91],[39,27]],[[500070,275824],[-50,70],[14,83],[45,11],[23,-59],[-2,-51],[-30,-54]],[[393732,437154],[-56,84],[77,-13],[52,25],[23,-36],[-2,-47],[-68,-20],[-26,7]],[[393807,436730],[-17,90],[-78,38],[80,18],[50,-41],[26,-62],[-20,-35],[-41,-8]],[[420619,385617],[-55,18],[24,103],[58,-38],[38,-67],[-17,-64],[-48,48]],[[534504,217851],[-36,-47],[-73,23],[2,63],[40,39],[59,-49],[8,-29]],[[538630,209308],[7,63],[80,85],[115,27],[-19,-53],[-55,-34],[-69,-2],[-59,-86]],[[488836,283957],[-38,-49],[-61,-17],[-52,38],[64,32],[53,53],[34,-57]],[[442596,329445],[-24,30],[33,73],[31,22],[63,-55],[-7,-45],[-96,-25]],[[532566,236687],[20,43],[-3,33],[41,55],[71,28],[-28,-68],[-15,-77],[-54,5],[-32,-19]],[[529579,255468],[-61,19],[13,74],[46,29],[51,-30],[-13,-72],[-36,-20]],[[490642,296202],[-146,16],[-42,-8],[-49,25],[9,26],[103,17],[37,-27],[75,-17],[13,-32]],[[406745,414273],[4,-20],[-66,-6],[-62,30],[10,55],[22,23],[70,-5],[22,-77]],[[491333,290250],[6,38],[54,34],[23,-3],[100,-75],[-120,-14],[-63,20]],[[405398,401729],[-27,5],[-39,69],[6,12],[94,4],[50,-24],[8,-45],[-92,-21]],[[534012,233110],[30,-12],[-27,-49],[-42,-38],[-26,12],[35,144],[30,71],[37,-6],[0,-39],[-26,-31],[-11,-52]],[[397862,436550],[28,47],[97,25],[41,-34],[-55,-52],[-66,-14],[-45,28]],[[490240,277849],[-45,26],[20,67],[121,13],[4,-35],[-58,-54],[-42,-17]],[[492029,279861],[-31,21],[-36,63],[28,20],[67,-4],[58,12],[-15,-57],[-39,-43],[-32,-12]],[[508827,264743],[-48,70],[55,11],[21,39],[64,-4],[-5,-48],[-39,-15],[-48,-53]],[[532349,236018],[42,-25],[45,-51],[-16,-83],[-26,-2],[-70,97],[-7,35],[32,29]],[[478716,304116],[41,-13],[-5,-36],[-66,25],[2,35],[-36,46],[-14,46],[-66,56],[91,-11],[47,-86],[6,-62]],[[405722,409496],[25,55],[53,-11],[22,-83],[-16,-22],[-43,-9],[-70,20],[-5,43],[34,7]],[[440432,346108],[-82,-65],[-67,63],[0,46],[64,7],[85,-51]],[[401399,416281],[96,2],[65,-44],[6,-45],[-17,-24],[-50,15],[-73,55],[-27,41]],[[491143,291166],[-43,22],[52,45],[52,-52],[69,-31],[27,-59],[-33,-32],[-46,25],[7,31],[-35,37],[-50,14]],[[407988,397831],[-16,-35],[1,-52],[-30,-31],[-22,16],[25,159],[-8,27],[27,47],[35,-21],[3,-91],[-15,-19]],[[475508,307696],[-61,13],[3,33],[-33,33],[47,36],[38,61],[33,5],[-13,-143],[-14,-38]],[[532787,237370],[-5,45],[42,45],[69,25],[24,-32],[-53,-31],[-7,-49],[-38,-63],[-78,0],[46,60]],[[515541,256318],[-112,76],[-15,42],[72,-22],[62,31],[39,-68],[-46,-59]],[[481612,305334],[-17,18],[2,107],[-13,34],[-65,-9],[7,73],[-18,28],[50,42],[29,-42],[3,-42],[31,-34],[-11,-118],[2,-57]],[[492331,289594],[-19,-62],[33,-54],[-35,-1],[-10,38],[-37,-13],[-57,49],[-10,46],[38,52],[28,-39],[53,6],[16,-22]],[[352193,347202],[-46,-40],[-191,37],[-26,44],[114,-5],[113,-42],[36,6]],[[481232,303448],[-13,60],[51,97],[52,38],[39,-5],[-22,-88],[-31,-13],[-26,-43],[-50,-46]],[[490983,283129],[-51,41],[-39,2],[-49,45],[-20,37],[21,27],[60,-7],[58,-67],[20,-78]],[[507793,268017],[39,-44],[5,-29],[-31,-48],[-97,11],[-41,20],[11,34],[38,7],[50,43],[26,6]],[[405537,401596],[25,57],[-12,101],[-22,29],[3,32],[65,6],[10,-51],[-34,-61],[1,-42],[49,-98],[-16,-15],[-68,10],[-1,32]],[[442204,334998],[-111,71],[15,30],[37,5],[41,30],[35,4],[0,-96],[51,-18],[-68,-26]],[[537853,209863],[-49,69],[34,105],[45,43],[24,1],[-1,-91],[-13,-34],[8,-45],[-48,-48]],[[486699,288185],[-55,23],[-47,93],[67,12],[68,-40],[37,-8],[-30,-62],[-40,-18]],[[482812,300152],[41,-66],[63,4],[-8,-50],[-53,-7],[-12,-49],[-59,58],[-22,35],[10,54],[40,21]],[[531837,236755],[75,47],[94,19],[4,-33],[-50,-68],[-83,0],[-40,35]],[[538629,207102],[8,-87],[-51,11],[-87,-22],[-51,55],[25,59],[85,-57],[71,41]],[[354367,346456],[-11,31],[13,41],[75,105],[72,-5],[-22,-37],[-58,-54],[-12,-50],[-24,-34],[-33,3]],[[487908,281282],[-42,44],[-37,66],[-63,15],[-3,28],[66,50],[79,-122],[13,-53],[-13,-28]],[[490200,277665],[-39,16],[15,124],[28,26],[90,-70],[-7,-22],[-69,-72],[-18,-2]],[[513951,255896],[-54,25],[-15,33],[76,79],[24,1],[56,-50],[-2,-37],[-39,-38],[-46,-13]],[[493080,276636],[-57,64],[-48,86],[-4,89],[23,3],[29,-52],[41,-38],[26,-71],[12,-62],[-22,-19]],[[405407,401970],[39,-14],[5,-95],[-67,-17],[-45,5],[-31,30],[-3,33],[23,23],[79,35]],[[347940,349850],[4,-29],[-65,-65],[-35,12],[-21,50],[28,52],[47,41],[57,-15],[-15,-46]],[[498374,282720],[-19,7],[-109,116],[46,12],[24,41],[102,-124],[0,-34],[-44,-18]],[[490713,285123],[-31,32],[12,97],[35,-5],[59,31],[44,-34],[4,-32],[-71,-37],[-14,-43],[-38,-9]],[[488971,283279],[-83,45],[13,24],[-22,79],[-37,42],[19,19],[50,-2],[55,-69],[14,-48],[-9,-90]],[[409861,388870],[-77,58],[7,77],[24,24],[40,4],[47,-50],[7,-63],[-48,-50]],[[532148,236844],[49,-11],[-40,-95],[-19,-89],[-67,46],[-8,43],[44,76],[41,30]],[[442558,329490],[-70,52],[-8,64],[80,52],[56,-3],[4,-54],[-62,-111]],[[538258,209617],[-35,4],[-61,33],[37,24],[141,-12],[80,-38],[13,-28],[-45,-19],[-83,30],[-47,6]],[[495352,283297],[-21,38],[13,24],[-3,60],[-45,66],[11,75],[16,37],[71,-18],[-54,-27],[9,-69],[40,-17],[-26,-63],[36,-85],[-47,-21]],[[481903,302990],[-27,-36],[-2,-59],[25,-67],[-79,72],[-39,8],[-41,62],[7,57],[31,15],[28,-43],[97,-9]],[[491243,287441],[-28,32],[3,54],[-32,57],[14,49],[36,10],[38,-47],[7,-60],[34,-27],[-4,-68],[-39,20],[-29,-20]],[[492212,276821],[-32,13],[-47,47],[-46,68],[10,74],[128,-93],[16,-59],[-29,-50]],[[497062,289679],[-48,32],[-17,55],[-57,-1],[37,83],[36,-3],[4,-50],[39,-16],[27,23],[60,5],[32,-38],[-21,-48],[-28,41],[-33,-23],[-31,-60]],[[538471,207239],[55,13],[24,21],[81,-14],[26,-28],[-8,-72],[-58,6],[-23,-21],[-59,21],[-8,46],[-30,28]],[[531765,236653],[56,13],[10,-92],[-16,-79],[-64,5],[-59,55],[-1,35],[74,63]],[[532745,236094],[-3,40],[39,56],[66,-37],[23,-34],[-26,-83],[-71,-32],[-25,38],[-3,52]],[[480587,303824],[-130,32],[-16,51],[44,60],[71,-15],[61,-40],[0,-46],[-30,-42]],[[494943,283900],[-24,26],[-40,7],[11,39],[-7,83],[78,17],[59,49],[-49,-100],[14,-85],[-42,-36]],[[443229,331506],[88,-45],[43,-7],[22,-24],[3,-51],[34,-72],[-57,4],[-93,63],[-11,62],[-29,70]],[[474818,307091],[3,65],[36,38],[-3,27],[25,43],[33,27],[50,6],[20,-18],[-18,-127],[-101,-4],[-45,-57]],[[538742,206461],[-52,22],[45,107],[-45,48],[73,18],[45,-5],[21,-25],[-13,-70],[-47,-80],[-27,-15]],[[387643,434497],[-18,55],[26,29],[-1,60],[26,10],[28,-41],[21,43],[73,4],[8,-86],[-32,-27],[-32,12],[-99,-59]],[[481770,304426],[-69,23],[-19,32],[10,88],[15,36],[96,-31],[19,-24],[-10,-71],[-42,-53]],[[403838,413382],[-30,56],[-4,61],[-24,57],[74,-9],[77,-119],[10,-48],[-39,-19],[-64,21]],[[487669,283146],[-103,66],[102,52],[47,31],[94,80],[27,46],[50,-45],[-53,-11],[-40,-36],[-35,-63],[-60,-58],[-29,-62]],[[470521,308586],[15,44],[3,74],[37,-13],[40,-48],[73,-1],[46,27],[4,-70],[-40,5],[-19,-32],[-79,-21],[-30,45],[-50,-10]],[[395179,431442],[-10,50],[-68,0],[-7,43],[27,37],[37,-19],[35,39],[19,-26],[37,23],[38,-74],[67,-36],[-32,-23],[-85,27],[-58,-41]],[[491924,279615],[-17,1],[-63,52],[-31,54],[26,14],[60,-22],[127,21],[20,-54],[-8,-42],[-48,-1],[-66,-23]],[[389201,436325],[-27,6],[-17,51],[4,99],[30,15],[23,57],[46,23],[13,-50],[-30,-31],[-21,-71],[6,-25],[51,-44],[-2,-21],[-51,-32],[-25,23]],[[405518,401826],[-45,26],[-12,47],[6,69],[36,8],[76,-4],[43,-56],[-11,-47],[-46,-38],[-47,-5]],[[516154,266103],[-78,30],[-1,48],[54,27],[106,11],[57,-34],[-5,-28],[-42,-47],[-91,-7]],[[442729,329415],[-43,-66],[-180,-43],[-13,44],[57,72],[72,2],[95,30],[12,-39]],[[442587,329770],[36,0],[16,-36],[-30,-14],[-67,-61],[-56,-3],[-45,68],[4,84],[47,12],[40,-33],[55,-17]],[[424295,381545],[-9,10],[58,61],[95,41],[37,-44],[-6,-72],[-37,-42],[-33,-15],[-43,6],[-62,55]],[[489634,290128],[-80,96],[2,44],[36,47],[6,37],[33,-4],[19,-59],[40,-48],[-33,-27],[34,-81],[5,-42],[-43,5],[-19,32]],[[496825,289245],[-50,15],[-38,76],[91,-27],[25,-33],[37,-9],[78,56],[39,50],[49,13],[66,-56],[-61,-31],[-51,0],[-106,-50],[-48,-48],[-31,44]],[[538327,209734],[13,110],[16,16],[66,-8],[82,36],[41,-24],[-48,-36],[-3,-33],[-95,-75],[-37,22],[-35,-8]],[[488328,298936],[-41,31],[-4,67],[59,39],[31,52],[48,51],[11,-53],[39,-72],[-1,-39],[-89,-7],[-16,-53],[-37,-16]],[[405633,442532],[57,19],[176,-18],[34,-14],[-191,-70],[-90,-17],[-28,15],[-7,35],[49,50]],[[495101,283093],[38,48],[7,62],[45,-5],[66,-60],[-12,-21],[31,-60],[-99,-44],[-65,12],[-11,68]],[[537853,209759],[-32,83],[62,27],[38,-87],[102,-40],[35,-30],[-12,-34],[-57,-47],[-136,128]],[[532373,236306],[-8,-100],[-48,50],[-36,112],[1,104],[33,37],[34,-18],[55,-97],[-31,-88]],[[531909,236536],[-12,48],[61,72],[57,38],[60,-85],[-8,-41],[13,-32],[-61,-28],[-96,6],[-14,22]],[[448218,321615],[-24,52],[2,41],[40,6],[26,-24],[49,4],[63,30],[49,-1],[55,-18],[4,-21],[-75,-68],[-106,29],[-51,-28],[-32,-2]],[[496790,278294],[28,37],[168,50],[44,45],[11,43],[44,25],[5,33],[58,-3],[-44,-63],[-38,-5],[-23,-33],[-49,-125],[-51,-67],[-35,40],[-14,38],[-73,0],[-31,-15]],[[486433,299348],[-10,75],[-91,88],[18,65],[47,-35],[41,-9],[69,-78],[64,-20],[-32,-55],[-44,-24],[-62,-7]],[[532526,236147],[4,-59],[17,-49],[-35,-10],[-17,37],[-56,67],[-19,54],[1,70],[33,95],[87,-126],[-15,-79]],[[447437,324221],[97,-26],[11,-66],[-17,-60],[-49,22],[-21,30],[-73,28],[-90,87],[38,47],[28,-1],[76,-61]],[[532849,237587],[-35,98],[24,85],[33,37],[38,13],[49,-49],[8,-55],[-14,-45],[-38,-66],[-65,-18]],[[350594,348158],[-53,-2],[19,72],[-36,43],[42,66],[58,-6],[53,-38],[6,-31],[69,7],[-11,-51],[-39,-32],[-41,0],[-67,-28]],[[527566,241649],[-20,43],[47,30],[66,16],[77,-13],[65,-60],[61,-20],[-57,-50],[-147,42],[-92,12]],[[537688,210462],[-82,19],[14,31],[39,18],[52,-8],[3,68],[69,30],[29,-23],[55,0],[7,-29],[-18,-87],[-54,-14],[-114,-5]],[[485534,299071],[33,-29],[54,-24],[-130,-26],[-63,-55],[-43,61],[-57,8],[-3,59],[117,38],[97,-14],[-5,-18]],[[393466,436026],[4,-78],[-53,-70],[-50,5],[-32,63],[-48,54],[44,46],[118,22],[14,37],[41,0],[-42,-65],[4,-14]],[[397385,440554],[12,-47],[-93,-31],[-49,26],[-48,7],[-32,107],[47,-10],[50,26],[70,-16],[24,15],[35,-29],[-16,-48]],[[405075,401664],[-5,28],[59,11],[39,42],[51,7],[83,-23],[9,-72],[-31,-83],[-46,3],[-61,63],[-98,24]],[[538656,213450],[-3,38],[-27,26],[16,70],[65,75],[47,31],[5,-47],[-11,-65],[7,-47],[36,-76],[-30,-43],[-43,0],[-62,38]],[[416287,384185],[14,38],[79,82],[40,16],[72,56],[44,77],[17,58],[52,13],[34,-12],[38,-64],[-14,-45],[-78,-54],[-139,-20],[-57,-44],[-102,-101]],[[532800,235686],[-31,53],[-24,116],[-7,108],[29,10],[84,-11],[38,-57],[-38,-65],[2,-48],[-29,-90],[-24,-16]],[[504862,263306],[-60,21],[-41,34],[18,28],[60,19],[182,38],[23,-9],[-21,-82],[-76,-62],[-85,13]],[[512531,256323],[-90,72],[-11,38],[16,52],[31,33],[59,15],[30,-14],[35,-90],[-7,-99],[-28,-28],[-35,21]],[[390205,449236],[-28,14],[-93,125],[3,37],[30,16],[106,-36],[94,-83],[9,-51],[-37,-37],[-84,15]],[[502518,283555],[43,14],[-17,82],[10,72],[29,27],[42,-15],[-1,-27],[41,-34],[-22,-26],[-29,-101],[31,-34],[-15,-43],[-112,24],[-34,19],[34,42]],[[388318,426403],[-5,114],[12,77],[103,82],[16,-61],[-38,-47],[-6,-36],[-59,16],[-26,-55],[4,-64],[27,-30],[42,-14],[99,7],[40,-27],[-4,-48],[-17,-13],[-95,-17],[-63,44],[-30,72]],[[481486,301926],[-20,-7],[-47,26],[6,37],[61,-5],[19,36],[46,-36],[54,30],[28,72],[45,0],[74,-45],[38,-35],[-30,-24],[-28,46],[-42,-30],[11,-43],[-20,-52],[-38,-15],[-55,54],[-22,-35],[-36,31],[-44,-5]],[[395469,427344],[-12,-31],[26,-24],[-18,-53],[-32,-32],[-89,30],[-79,3],[-24,29],[-2,46],[55,53],[122,5],[53,-26]],[[389025,431841],[-6,40],[-102,27],[18,30],[37,-5],[35,33],[113,55],[87,34],[47,10],[-1,-47],[-25,-6],[-84,-90],[-49,-62],[-70,-19]],[[492384,280425],[-26,47],[29,90],[20,32],[3,59],[29,91],[26,23],[60,-91],[8,-72],[-19,-44],[-39,-24],[-68,-100],[-23,-11]],[[492090,295786],[-48,39],[35,13],[22,54],[-66,52],[1,55],[105,26],[43,-18],[54,-98],[27,-83],[-23,-22],[-49,5],[-58,42],[-31,-10],[-12,-55]],[[417964,385929],[1,62],[107,93],[43,-27],[13,-84],[-38,-85],[-51,-41],[-80,-1],[-26,20],[-17,55],[48,8]],[[482607,300132],[-47,50],[9,51],[-79,35],[12,31],[-52,3],[-9,47],[65,27],[44,32],[107,-52],[58,-19],[-16,-39],[-31,13],[-43,-16],[-21,-80],[40,-41],[18,-49],[-55,7]],[[531894,236347],[-18,82],[56,46],[69,-7],[33,-63],[14,-164],[-32,-40],[-96,45],[-26,101]],[[538095,209346],[3,-78],[29,-73],[14,-67],[39,-86],[-18,-30],[-60,-12],[-75,40],[-10,65],[27,58],[24,97],[-26,130],[23,43],[39,17],[-9,-104]],[[497952,287345],[43,-24],[-28,-39],[-54,39],[-1,46],[-93,16],[-24,25],[0,77],[49,19],[102,17],[13,-52],[25,-19],[76,-12],[26,-70],[-19,-26],[-56,24],[-59,-21]],[[347872,349580],[104,-8],[61,-25],[-28,-41],[26,-57],[27,-14],[16,-61],[-94,14],[-64,77],[-58,3],[-36,22],[-8,37],[-42,26],[13,55],[40,28],[43,-56]],[[477865,305939],[-48,2],[-42,39],[-42,56],[-7,39],[-79,106],[-41,73],[34,32],[44,-48],[56,-26],[25,-31],[44,-24],[61,-146],[-5,-72]],[[532652,236412],[-54,-23],[-36,36],[-13,63],[-9,170],[55,44],[32,-18],[58,5],[5,-43],[-9,-76],[13,-73],[-42,-85]],[[478924,305509],[-12,48],[-25,34],[51,18],[39,63],[-26,65],[60,62],[92,-8],[24,-48],[-20,-43],[1,-67],[-57,-95],[-44,7],[-22,-40],[-61,4]],[[480606,307009],[23,8],[-12,88],[24,20],[41,-18],[25,-63],[-18,-45],[-42,-7],[-2,-39],[-24,-19],[14,-101],[54,-34],[-52,-91],[-5,56],[-17,47],[-76,90],[-25,49],[-39,19],[-66,-8],[14,86],[60,-5],[48,16],[34,-36],[41,-13]],[[497482,279792],[-15,29],[-35,12],[-30,37],[-11,55],[130,38],[42,0],[60,45],[72,-12],[50,-21],[-20,-37],[-9,-60],[-90,-33],[-56,0],[-69,-14],[-19,-39]],[[537630,209019],[-8,78],[54,31],[34,0],[113,-75],[42,-42],[24,-55],[-11,-60],[-95,12],[-60,-7],[-27,31],[-38,6],[-28,81]],[[504803,263072],[-90,17],[-77,69],[-44,66],[8,19],[179,-10],[129,-42],[49,-40],[-42,-74],[-112,-5]],[[481104,300719],[49,-21],[-3,-59],[59,-25],[108,-139],[-40,-14],[-34,14],[-33,64],[-57,53],[-21,50],[-34,19],[-31,56],[-33,4],[-30,48],[-49,53],[-8,31],[-52,34],[-26,53],[0,90],[66,-46],[32,-40],[50,-18],[23,-102],[86,-69],[-22,-36]],[[442988,329122],[-6,-98],[-22,-41],[-86,-23],[-92,4],[-30,10],[-23,41],[25,100],[22,20],[91,28],[71,6],[50,-47]],[[491931,279739],[-126,30],[-34,82],[1,91],[29,37],[51,14],[54,-19],[40,-49],[25,-61],[44,-50],[-13,-63],[-71,-12]],[[440272,349111],[-51,-141],[-55,-46],[-25,-4],[-32,-35],[-59,-11],[-32,17],[-36,60],[12,46],[68,39],[23,71],[117,41],[52,-8],[18,-29]],[[394008,446770],[6,50],[-12,90],[22,38],[53,-16],[52,16],[39,-38],[14,-53],[35,-25],[100,-29],[-105,-45],[-51,-47],[-56,-28],[1,-25],[-42,-47],[-14,63],[-36,65],[-6,31]],[[478586,308298],[-23,-24],[-40,69],[-3,95],[43,7],[7,96],[-20,58],[53,-4],[56,-81],[46,5],[50,-52],[22,-43],[-25,-87],[-5,-48],[-47,-9],[-18,29],[-51,21],[-45,-7],[0,-25]],[[389907,431838],[67,25],[65,-23],[43,-40],[2,-22],[-46,-70],[-87,-54],[-107,-9],[-21,-26],[-58,-9],[-15,82],[-35,10],[0,41],[51,32],[46,-11],[53,25],[42,49]],[[417116,384130],[-19,27],[-62,0],[-30,25],[-43,74],[-47,16],[-29,41],[79,21],[92,-63],[82,-11],[25,31],[66,10],[53,27],[20,-73],[-17,-94],[-25,-35],[-76,-45],[-40,14],[-29,35]],[[446916,328006],[15,-119],[-55,-74],[-6,-28],[-75,9],[-88,60],[16,95],[-18,63],[19,22],[1,59],[23,20],[81,-1],[79,-79],[8,-27]],[[491471,282884],[-24,4],[-53,55],[-28,45],[7,28],[90,33],[30,-25],[121,-1],[36,14],[12,68],[36,35],[98,0],[24,18],[38,-41],[-31,-22],[-11,-45],[-28,-30],[-82,-40],[-43,7],[-47,-36],[8,-68],[-22,-10],[-76,23],[-55,-12]],[[414443,440421],[4,-21],[-28,-60],[-35,-46],[-93,-43],[-75,-25],[-58,7],[-30,57],[-14,53],[32,59],[124,67],[79,15],[65,-24],[29,-39]],[[479287,304349],[2,-52],[70,-116],[-15,-54],[-49,41],[-32,3],[-57,60],[-28,42],[10,45],[-14,29],[8,60],[-26,52],[33,82],[-31,50],[11,48],[-29,22],[37,29],[28,-26],[72,-11],[8,-53],[-10,-81],[33,-59],[2,-41],[-23,-70]],[[395616,442334],[9,-68],[-14,-28],[-77,-18],[-155,-15],[-73,2],[-39,15],[-9,29],[17,61],[57,67],[9,47],[97,-37],[68,-8],[19,20],[69,-22],[22,-45]],[[358576,352571],[43,25],[12,35],[-18,72],[19,38],[81,20],[27,-47],[110,-66],[-94,-39],[-48,-74],[-90,-9],[-117,-68],[-23,-68],[-63,42],[-44,71],[-29,27],[44,29],[112,-5],[78,17]],[[537709,209544],[24,75],[7,61],[42,-12],[53,-46],[70,-93],[4,-32],[-29,-92],[-82,-122],[-10,-43],[-41,-22],[-21,138],[-19,44],[-44,59],[46,85]],[[486614,285171],[-78,25],[-102,114],[-57,41],[7,22],[112,-19],[65,29],[38,31],[35,-22],[105,-13],[56,-132],[-29,-32],[-111,-44],[-41,0]],[[482032,300120],[36,0],[39,44],[8,85],[-49,42],[12,29],[82,2],[17,25],[2,49],[-34,55],[48,9],[22,-23],[83,-2],[15,-26],[-16,-56],[45,-46],[10,-122],[-74,43],[-49,73],[-25,-35],[27,-41],[-4,-51],[-94,-38],[-5,-52],[-64,-41],[-26,16],[-52,-26],[10,60],[-51,51],[48,32],[39,-56]],[[492296,280052],[21,-53],[1,-53],[-25,-70],[-10,-93],[-40,-74],[-28,-23],[-137,-16],[-18,111],[26,54],[89,152],[66,77],[42,20],[13,-32]],[[478094,305558],[-53,-59],[-2,-29],[-41,-37],[-64,-28],[-35,14],[-17,-45],[-37,29],[20,46],[-42,61],[-9,37],[58,16],[13,49],[-34,34],[25,106],[50,-25],[18,-45],[65,-8],[81,58],[45,-8],[8,-51],[-28,-38],[-39,-14],[18,-63]],[[483885,298630],[-19,-34],[51,-72],[57,12],[8,-77],[-41,-58],[-36,44],[-1,55],[-47,30],[-98,-27],[-8,-67],[-45,-13],[-47,-61],[-1,61],[46,81],[0,30],[-40,33],[-40,-5],[-30,34],[-89,6],[28,55],[65,38],[77,4],[110,14],[39,-21],[61,-62]],[[478843,297934],[-72,16],[-8,44],[-55,51],[-22,80],[-8,136],[26,26],[36,-18],[47,7],[37,37],[17,-80],[51,-15],[-10,-40],[16,-81],[46,-64],[28,-9],[33,-44],[-54,-21],[-108,-25]],[[389345,431567],[13,-75],[-43,-57],[-64,-46],[-92,-4],[-111,14],[-34,47],[-54,51],[-3,72],[35,12],[18,-33],[50,13],[22,-11],[59,12],[60,49],[32,-8],[86,61],[49,-11],[-20,-39],[-3,-47]],[[392117,429504],[-37,76],[36,61],[41,20],[47,65],[11,37],[-4,105],[-46,57],[73,77],[86,22],[55,28],[61,-35],[-27,-45],[-24,-96],[-56,-87],[-45,-92],[-147,-152],[-24,-41]],[[388629,434518],[21,30],[-20,40],[29,13],[-8,34],[63,9],[48,-7],[16,-72],[38,-12],[8,-97],[38,-51],[3,-39],[-29,-84],[-40,-59],[-75,-13],[-61,53],[-9,74],[9,45],[-11,39],[-32,27],[21,44],[-9,26]],[[447566,326303],[1,30],[-46,61],[-32,64],[-50,69],[-69,23],[86,79],[48,-3],[117,-86],[28,-26],[116,-138],[-35,-40],[-38,-20],[-25,-95],[-23,-49],[-37,-10],[-16,55],[-42,26],[17,60]],[[490701,288235],[59,21],[24,26],[12,50],[29,28],[83,3],[33,-36],[-43,-43],[-2,-30],[64,-63],[72,-16],[-14,-24],[-100,-20],[-20,-22],[-38,34],[-38,2],[-24,-35],[-55,-49],[-76,-24],[-29,23],[4,59],[-30,8],[-40,-50],[-43,3],[26,128],[25,35],[105,-20],[16,12]],[[489274,291738],[-61,94],[-42,21],[-65,113],[-45,22],[-28,-10],[-55,56],[45,101],[46,18],[58,-24],[-22,-49],[29,-33],[83,-3],[62,-33],[45,-6],[55,-50],[-20,-52],[30,-73],[-42,-54],[-46,12],[-27,-50]],[[536330,212834],[-5,34],[22,57],[55,94],[50,65],[38,28],[57,-27],[16,-51],[12,-83],[37,-75],[1,-42],[-59,-109],[-44,-26],[-82,68],[-90,51],[-8,16]],[[426341,380593],[-45,65],[3,37],[139,27],[59,17],[29,-6],[42,39],[51,6],[103,-68],[49,-68],[-29,-26],[29,-52],[-91,-34],[-55,-3],[-79,38],[-61,8],[-104,38],[-40,-18]],[[505595,268883],[-59,3],[-40,40],[3,42],[-26,18],[-95,5],[-45,-24],[0,-29],[-55,3],[-20,44],[-44,31],[24,32],[3,72],[89,62],[-21,46],[5,86],[48,11],[47,-32],[-9,-59],[10,-31],[39,-22],[46,-73],[73,-98],[43,-24],[-29,-38],[21,-32],[-8,-33]],[[389072,449119],[-14,45],[45,56],[63,156],[129,1],[74,-19],[30,-38],[84,-44],[-5,-32],[-93,-67],[-121,-45],[-59,-11],[-82,-42],[-35,9],[-16,31]],[[390789,429832],[-32,30],[-1,54],[-18,46],[53,21],[38,29],[-2,31],[28,32],[3,31],[37,30],[36,-37],[82,-48],[-3,-109],[26,-68],[-14,-63],[-57,-49],[-80,-47],[-44,3],[-52,114]],[[537952,211255],[-35,85],[-6,52],[-46,58],[0,35],[92,43],[89,-2],[80,36],[-9,42],[30,19],[60,-44],[93,-5],[41,-47],[10,-69],[-48,-38],[-26,24],[-69,-11],[-95,-34],[-64,-43],[-97,-101]],[[410609,444798],[38,9],[68,-16],[17,-26],[-10,-57],[-27,-68],[-21,9],[-36,-73],[5,-24],[-52,-45],[-70,7],[-65,-26],[-38,6],[-74,124],[9,71],[39,51],[93,-15],[87,20],[37,53]],[[483911,298695],[-26,29],[-71,27],[-21,56],[9,68],[-30,66],[88,83],[65,11],[84,-37],[31,-25],[12,-62],[-8,-62],[44,-27],[41,7],[11,-122],[-14,-38],[-60,83],[-89,-11],[-21,-38],[-45,-8]],[[395066,429618],[-52,71],[-59,3],[4,40],[-35,33],[-47,14],[-80,112],[-9,39],[-32,42],[76,16],[68,4],[43,-78],[64,-74],[74,-23],[37,-2],[65,-66],[42,-24],[-56,-32],[20,-59],[58,-23],[19,-24],[-29,-46],[-44,-1],[-29,34],[-42,-6],[-9,47],[-47,3]],[[495909,283318],[-1,-31],[-71,-18],[-19,-36],[3,-69],[38,-10],[-18,-91],[-35,-25],[-42,9],[-76,-58],[-15,23],[20,51],[-27,24],[9,30],[-29,25],[-17,45],[5,38],[-44,72],[-38,9],[-48,-11],[-44,60],[32,40],[26,-39],[52,-21],[118,25],[34,36],[63,-21],[14,46],[64,-3],[0,-38],[46,-62]],[[389308,439664],[4,21],[-35,117],[-99,81],[5,43],[47,11],[80,38],[10,26],[110,3],[12,14],[64,-49],[75,-12],[9,27],[40,-8],[20,-43],[0,-46],[-71,5],[-66,-44],[-79,-109],[-18,-88],[-42,-22],[-50,6],[-16,29]],[[442773,329529],[-47,11],[-47,49],[-32,16],[0,46],[-41,33],[44,37],[16,36],[-49,57],[14,90],[-44,110],[3,44],[26,76],[2,52],[20,18],[35,-77],[43,-63],[6,-31],[68,-67],[-16,-169],[40,-124],[-11,-50],[8,-47],[-38,-47]],[[395516,431038],[-62,52],[-44,5],[-6,36],[77,39],[31,59],[24,-9],[3,-51],[21,-18],[63,3],[80,-31],[64,-10],[90,-46],[-26,-38],[1,-37],[-30,-41],[-9,-40],[-54,-25],[5,-41],[-44,-21],[-17,-32],[-36,-15],[-25,-32],[-73,-7],[-74,31],[9,66],[44,-28],[29,10],[15,59],[46,28],[23,54],[-47,64],[-11,35],[-37,7],[-30,-26]],[[485394,297108],[-21,18],[-1,46],[17,57],[-79,50],[-4,-37],[-47,-5],[10,73],[56,29],[107,5],[62,48],[103,-44],[22,49],[58,-26],[-27,-59],[33,-30],[6,-51],[-24,-45],[73,-25],[38,-84],[-12,-40],[-56,-33],[-57,54],[7,56],[-89,9],[8,-53],[-47,-22],[-30,56],[-3,38],[-84,23],[-19,-57]],[[480587,303089],[-21,53],[-43,61],[19,72],[-22,34],[-56,41],[55,28],[36,-8],[19,48],[5,66],[44,-6],[22,-32],[22,-69],[37,-3],[61,56],[24,-34],[50,5],[13,-23],[5,-87],[35,-43],[63,-45],[-45,-24],[-29,39],[-67,-13],[-13,-31],[-61,-54],[-153,-31]],[[533158,239942],[56,-44],[16,-30],[12,-99],[40,-139],[-29,-1],[-33,44],[-39,101],[-72,120],[-48,57],[-102,59],[-68,3],[-64,23],[-29,86],[-40,18],[-6,32],[-36,58],[-55,48],[-40,6],[13,112],[27,29],[91,-67],[22,-64],[101,-73],[10,-32],[76,-37],[68,-45],[77,-129],[52,-36]],[[479455,304385],[-33,-4],[13,96],[-23,29],[26,34],[-22,63],[40,45],[-9,42],[21,35],[50,-16],[43,-37],[-20,-76],[43,-39],[162,-8],[52,43],[58,-10],[38,-38],[-1,-38],[-59,-33],[5,-39],[-31,-37],[14,-47],[-43,-11],[-93,23],[21,133],[-89,-58],[7,-37],[-39,-5],[-52,-62],[-7,-40],[15,-61],[-36,-35],[-49,78],[44,15],[-7,42],[11,41],[-50,12]],[[442569,335529],[-55,12],[-38,51],[5,34],[-97,95],[-41,9],[-122,5],[-72,72],[-19,48],[-80,74],[-4,33],[70,19],[-13,50],[56,48],[68,-18],[36,-46],[7,-36],[55,-46],[55,-11],[22,-45],[30,-23],[83,-31],[26,-73],[-25,-47],[14,-28],[-6,-65],[39,-52],[6,-29]],[[447097,326231],[-39,74],[-28,34],[-11,49],[2,68],[-92,64],[91,-18],[61,25],[52,-10],[48,-54],[41,-98],[-17,-62],[5,-73],[-33,-35],[19,-104],[-7,-134],[-24,-20],[10,-65],[-16,-44],[-56,-6],[-13,49],[-50,24],[-48,63],[-21,49],[10,40],[48,56],[49,81],[19,47]],[[538238,209917],[62,81],[43,-53],[26,-60],[-47,-18],[8,-50],[-86,-89],[-62,-14],[-29,56],[-49,35],[-39,3],[-84,40],[26,14],[-9,55],[13,52],[-1,138],[35,21],[35,86],[-9,36],[54,35],[-6,65],[46,40],[37,-22],[12,-31],[-28,-18],[12,-40],[58,2],[-63,-58],[-12,-60],[7,-51],[-45,-66],[26,-29],[-8,-68],[77,-32]],[[481354,305553],[36,2],[31,32],[-15,54],[25,61],[39,18],[8,90],[34,5],[-5,-125],[-28,-45],[-6,-51],[-54,-31],[-40,-46],[-10,-43],[-60,-51],[19,-75],[59,-4],[-11,-37],[1,-143],[-40,18],[-41,-24],[-9,-37],[-39,10],[36,71],[-40,5],[-71,-41],[-38,-6],[-10,33],[30,30],[5,40],[-34,6],[-37,-27],[-20,23],[18,59],[-7,52],[40,27],[34,44],[7,94],[-21,22],[34,48],[80,-16],[33,27],[57,-9],[10,-60]],[[396071,447425],[-74,-9],[-106,17],[-32,44],[35,12],[83,80],[63,15],[80,39],[65,-1],[144,-49],[135,-6],[112,-40],[36,-6],[18,-40],[-86,-41],[-155,-49],[-129,-10],[-75,30],[-114,14]],[[536497,213519],[2,152],[25,32],[83,34],[43,34],[66,-25],[60,-72],[142,-45],[40,-98],[-61,-10],[-38,-33],[-18,-43],[-50,-43],[-47,-20],[-82,4],[-96,41],[-53,51],[-16,41]],[[391084,432558],[9,75],[-12,25],[30,28],[37,-5],[0,-40],[30,-83],[51,-92],[3,-76],[19,-33],[-12,-85],[-58,-48],[-97,-19],[-65,16],[-58,-3],[-31,51],[-70,48],[-101,82],[85,68],[96,-5],[53,10],[35,23],[56,63]],[[442396,332770],[-93,47],[-22,35],[33,34],[-7,137],[29,27],[21,50],[-11,38],[153,13],[20,-39],[111,-35],[25,-55],[66,-48],[28,-41],[-26,-14],[-72,-76],[-46,-18],[-52,-62],[-77,37],[-80,-30]],[[416735,385424],[41,-35],[26,2],[21,-56],[57,19],[48,-51],[27,-15],[52,17],[34,33],[32,-9],[82,-66],[1,-19],[-98,6],[-40,-28],[-44,19],[-91,-4],[-41,-28],[-39,-62],[-14,-65],[-15,-18],[-53,19],[-57,1],[-61,-80],[-68,23],[-7,-102],[-68,1],[-16,-65],[-29,-56],[-34,-19],[21,156],[33,18],[11,31],[49,29],[23,43],[58,48],[69,83],[-2,26],[-43,25],[11,86],[35,65],[23,75],[24,-5],[42,32],[29,0],[-29,-74]],[[432831,378500],[44,29],[27,-2],[50,56],[-47,68],[9,55],[-19,30],[45,16],[27,28],[37,-17],[57,-59],[61,-36],[10,-36],[38,-33],[48,-16],[-13,-39],[45,-34],[10,-38],[-33,-92],[-55,2],[-43,-56],[-71,-13],[-18,39],[-50,-20],[-101,-12],[-22,9],[-25,88],[-49,43],[38,40]],[[398973,441082],[-32,49],[-15,50],[42,99],[39,-18],[46,10],[73,33],[59,12],[76,-4],[95,-40],[14,-43],[63,-17],[5,-27],[85,-13],[49,18],[30,-38],[-58,-30],[-142,-33],[-146,-56],[-133,-28],[-114,19],[-36,57]],[[442504,330324],[-3,-23],[65,-70],[28,-47],[2,-50],[-35,-111],[2,-28],[48,-84],[-22,-125],[-48,9],[-31,38],[-62,10],[-31,31],[-53,179],[-82,106],[-58,112],[-24,73],[-57,100],[41,21],[43,-46],[80,-39],[33,-41],[44,-24],[27,37],[54,18],[39,-46]],[[398141,438778],[-144,81],[-27,61],[9,44],[32,41],[87,16],[92,1],[64,12],[73,-21],[66,-6],[-9,-63],[105,-118],[32,-49],[6,-36],[-31,-37],[-75,-30],[-19,-18],[-10,-75],[-85,37],[-78,79],[-88,81]],[[538540,207705],[-42,14],[276,34],[-8,-33],[74,-42],[3,-28],[-28,-106],[-27,-73],[-61,-91],[-111,-93],[-71,5],[-69,-26],[-94,32],[-44,51],[0,61],[48,26],[11,35],[85,59],[31,-3],[12,38],[47,24],[17,35],[-19,31],[-42,11],[12,39]],[[353124,352389],[111,49],[42,36],[20,-28],[39,6],[26,-55],[31,-29],[19,-56],[-49,-24],[-70,-84],[2,-16],[-41,-72],[-17,-77],[-68,-26],[-77,-67],[-39,17],[-65,-2],[-60,35],[3,69],[-45,30],[3,20],[67,92],[8,66],[59,34],[53,71],[48,11]],[[350144,347825],[16,-22],[67,-10],[30,-49],[33,11],[36,-76],[35,-41],[3,-36],[66,-67],[104,-78],[47,-14],[-9,-46],[-26,-15],[-19,43],[-72,2],[-8,-20],[-55,7],[4,72],[-42,62],[-118,1],[-47,-21],[-30,10],[-59,51],[-24,34],[-36,91],[-42,16],[-46,-8],[-56,-27],[-11,92],[-24,64],[-54,66],[-17,82],[1,46],[23,50],[44,-11],[36,23],[35,-63],[3,-41],[44,-42],[67,-24],[68,-88],[33,-24]],[[478101,304580],[28,24],[-53,83],[70,56],[3,75],[-40,32],[-7,53],[19,31],[76,33],[18,-16],[-6,-100],[14,-22],[1,-87],[-53,-37],[-27,-55],[2,-82],[35,-58],[29,-16],[30,-63],[30,-9],[40,-45],[3,-30],[62,-114],[59,-44],[8,-54],[33,-69],[-34,-31],[35,-79],[-91,-37],[-28,-1],[-56,32],[-21,81],[-68,-4],[-54,95],[9,64],[-38,64],[1,79],[-31,48],[-17,100],[27,63],[-8,40]],[[485834,296923],[80,45],[-6,51],[-64,-16],[-24,55],[43,40],[7,52],[-63,21],[-24,49],[13,55],[64,16],[23,-20],[55,10],[26,42],[88,-57],[16,57],[89,-35],[12,-61],[35,2],[12,-51],[38,-2],[-13,-48],[6,-39],[-32,-30],[-24,-71],[-24,2],[-12,-59],[-40,-8],[-32,49],[-24,-37],[23,-26],[-46,-36],[-21,-46],[-37,6],[-11,41],[-125,-42],[-8,-53],[-78,75],[33,18],[6,40],[39,11]],[[355103,346339],[-13,41],[-31,23],[-58,2],[20,51],[-5,121],[-16,40],[23,58],[117,23],[70,39],[35,50],[-13,36],[16,25],[-24,76],[72,81],[38,77],[42,43],[8,75],[-24,66],[23,61],[55,-5],[60,-45],[70,-113],[-68,-78],[-14,-68],[-56,-53],[-46,-76],[-77,-147],[-83,-127],[-14,-37],[-4,-71],[19,-31],[1,-78],[19,-12],[-7,-59],[-80,27],[-55,-15]],[[391217,444949],[13,-51],[-70,-77],[-100,-6],[-27,20],[-66,2],[-97,42],[-115,-6],[-225,68],[-59,41],[-56,85],[25,49],[68,10],[47,18],[98,-10],[42,8],[151,-28],[180,-64],[74,-33],[55,-7],[62,-61]],[[488434,297923],[2,-71],[30,-81],[-14,-36],[-42,-37],[-15,-60],[-51,-13],[5,-55],[-35,-5],[-110,67],[-26,-43],[-45,-3],[-20,-24],[-69,6],[-108,114],[-81,27],[-28,56],[33,54],[41,45],[65,-14],[12,-50],[28,-9],[51,43],[40,-51],[29,-10],[69,47],[7,37],[-25,26],[-37,107],[42,55],[95,-35],[23,-29],[67,-15],[67,-43]],[[356729,354690],[-26,64],[-69,21],[-85,-21],[-58,28],[-46,63],[-45,83],[-4,65],[96,26],[27,70],[11,81],[68,120],[123,-1],[59,-47],[-10,-59],[-2,-99],[15,-85],[51,-67],[-20,-91],[11,-22],[-12,-113],[8,-34],[-40,-41],[-52,59]],[[396313,427000],[2,-62],[33,-17],[16,-99],[-98,1],[-18,-20],[-65,2],[1,160],[-15,55],[-48,54],[-81,38],[-84,11],[-79,-44],[-79,50],[-137,97],[-26,47],[0,37],[29,66],[55,10],[41,-16],[70,0],[58,18],[50,-34],[82,4],[29,-13],[34,-56],[59,-21],[21,25],[42,-32],[37,-53],[94,-113],[-23,-95]],[[499053,279145],[-17,50],[36,69],[-29,29],[-48,16],[2,30],[-25,64],[149,90],[33,48],[68,17],[31,55],[5,40],[41,22],[-79,65],[-48,21],[12,58],[55,35],[47,47],[9,113],[26,22],[92,27],[96,18],[55,39],[53,-9],[3,-54],[-31,-19],[-65,-7],[-11,-48],[67,-38],[21,-25],[-28,-36],[46,-58],[-121,0],[47,-53],[67,-30],[-16,-44],[12,-31],[-88,-7],[-30,-26],[-112,-58],[-42,-63],[-26,40],[-38,-1],[-25,-25],[-65,-24],[-66,-72],[9,-25],[-16,-42],[12,-40],[40,-29],[-32,-25],[-5,-44],[-57,-25],[-14,-57]],[[498212,286512],[-123,-80],[-3,-23],[-42,-47],[30,-39],[8,-61],[-63,-69],[6,-52],[28,-30],[-52,-28],[-50,-45],[-91,-24],[-88,39],[8,43],[-84,29],[-108,64],[-61,114],[-61,39],[14,50],[85,10],[14,24],[52,11],[65,-32],[155,-25],[47,22],[66,8],[143,127],[46,9],[46,32],[14,81],[51,20],[20,-27],[-21,-37],[9,-27],[-55,-53],[-5,-23]],[[446727,327022],[-81,98],[4,22],[69,-9],[28,42],[-27,110],[69,26],[-9,64],[-51,32],[-22,-21],[-44,7],[-48,105],[-3,39],[63,76],[-34,94],[14,25],[79,-41],[29,-28],[63,-117],[4,-128],[11,-22],[76,-78],[-15,-35],[3,-45],[-38,-38],[0,-53],[78,-88],[27,-48],[-3,-46],[-44,-21],[-2,-37],[28,-107],[-32,-10],[10,-57],[-24,-54],[13,-73],[-9,-28],[-55,-58],[-79,-32],[-3,-40],[-49,-19],[-11,36],[14,78],[-13,64],[-22,35],[44,6],[28,32],[-14,58],[36,10],[63,62],[17,60],[-27,53],[-49,31],[-19,46],[-43,22]],[[505947,267448],[19,35],[-38,48],[-39,14],[-14,49],[30,37],[-15,44],[-46,20],[54,35],[-51,37],[9,73],[158,-52],[85,7],[50,27],[-26,29],[58,37],[29,50],[-22,61],[95,-12],[30,33],[56,21],[65,-13],[33,-60],[-51,0],[-28,-53],[12,-69],[24,-51],[100,-67],[94,-15],[41,15],[20,-65],[-69,2],[-37,-39],[18,-35],[-52,-16],[-42,49],[-45,13],[-67,-12],[-124,-50],[-2,-32],[-47,-16],[-60,43],[-42,-12],[-112,-59],[-8,-42],[-43,-9]],[[416953,384968],[-4,58],[-31,33],[9,45],[33,-20],[46,3],[64,-12],[22,20],[61,18],[43,-7],[36,22],[25,-33],[26,-73],[-5,-61],[11,-35],[-5,-53],[17,-22],[6,-68],[18,-17],[46,-114],[-65,-17],[-32,-24],[-50,31],[-152,-7],[-62,38],[-65,14],[-60,-4],[-94,15],[-87,59],[-34,38],[15,61],[0,54],[42,-12],[23,25],[64,12],[47,-7],[63,-40],[36,65],[-7,15]],[[389434,432048],[1,50],[53,8],[7,38],[46,58],[89,-50],[48,11],[18,65],[25,35],[-11,43],[31,51],[7,35],[51,59],[103,36],[57,-25],[87,-145],[11,-35],[-57,7],[-39,-42],[-16,-38],[-19,-96],[-18,-27],[-3,-87],[10,-14],[-31,-52],[-45,-29],[-65,5],[-29,-40],[-68,-25],[-50,4],[-17,-58],[-58,49],[-51,28],[-59,-3],[-5,53],[-43,22],[-16,25],[28,68],[28,16]],[[481025,302233],[-23,47],[-1,80],[-43,-6],[-25,-29],[-64,-1],[-58,-57],[-53,-7],[-44,22],[-6,69],[39,12],[10,34],[-53,31],[4,42],[89,-24],[23,44],[137,12],[32,23],[47,75],[-6,63],[34,81],[2,40],[-18,82],[39,2],[61,-43],[1,41],[-24,46],[-8,52],[13,77],[100,54],[-3,40],[-53,8],[-46,111],[54,48],[-15,37],[7,41],[43,-4],[11,-80],[47,15],[34,-28],[13,-46],[-7,-37],[-55,-80],[8,-35],[67,-33],[34,-57],[46,-46],[58,-26],[34,-53],[20,-53],[-22,-37],[-80,42],[-15,-48],[6,-62],[-83,33],[-27,32],[-40,18],[-41,-20],[20,-65],[-63,-6],[10,-36],[-73,-35],[35,-37],[8,-58],[-17,-16],[-85,-7],[-11,-162],[5,-81],[-29,-39]],[[532221,237138],[-60,106],[-19,56],[-9,102],[13,60],[25,24],[111,28],[93,80],[43,71],[37,39],[68,16],[34,22],[87,8],[10,-22],[55,-9],[25,-19],[34,-88],[-7,-44],[17,-25],[-24,-51],[-51,-53],[-68,-146],[-42,-34],[-29,4],[-45,-34],[-4,-49],[-34,-22],[-116,-35],[-65,-38],[-61,7],[-18,46]],[[538233,209350],[-10,99],[39,59],[40,28],[156,3],[54,-16],[41,14],[-5,47],[105,-42],[54,12],[26,35],[5,61],[85,-38],[-53,-27],[-78,-87],[-33,-8],[-25,-53],[-75,-23],[-26,-41],[54,-100],[17,-97],[-8,-45],[1,-103],[26,-88],[34,-53],[-47,-8],[-36,-52],[-14,-50],[-72,-65],[-143,36],[-68,45],[-49,92],[10,38],[40,58],[60,38],[-5,55],[63,59],[8,31],[-20,48],[-57,33],[-44,-42],[-49,23],[-1,124]],[[348880,350683],[21,-68],[58,-41],[39,-11],[25,-73],[58,-39],[-24,-25],[-34,8],[-47,-37],[-78,-3],[-73,25],[-61,-16],[-64,-82],[-95,-31],[-35,-37],[-6,-44],[22,-51],[-24,-59],[-97,44],[-42,7],[-53,-10],[-54,41],[4,25],[-29,59],[-19,63],[-8,84],[44,62],[17,47],[-26,15],[18,41],[82,20],[132,50],[130,40],[158,84],[64,-66],[-3,-22]],[[496739,287256],[-63,14],[19,82],[-32,68],[11,38],[-4,86],[50,0],[19,35],[-19,22],[16,76],[-2,53],[-27,63],[20,15],[12,56],[-10,58],[13,81],[77,-150],[30,-38],[63,-41],[42,-60],[75,-29],[52,-7],[22,25],[47,5],[84,-32],[33,22],[46,-18],[-17,-48],[24,-40],[64,-72],[27,-66],[48,-56],[-49,-62],[-63,31],[-71,-14],[-64,-65],[39,-42],[-62,-10],[-48,11],[-42,-47],[-87,82],[-42,27],[-51,-2],[-18,28],[-61,13],[-25,19],[-96,-45],[20,-66]],[[539110,207625],[20,120],[64,76],[20,72],[-18,59],[-27,29],[29,83],[2,104],[41,-7],[50,-61],[-12,-96],[-25,-94],[-12,-88],[-23,-98],[-36,-199],[-58,-344],[-52,-355],[-22,-185],[-19,-217],[-11,-183],[0,-115],[22,-129],[29,-96],[13,-95],[-23,-19],[-46,4],[-28,22],[-63,158],[25,55],[25,147],[6,76],[-7,49],[-32,74],[-7,64],[16,34],[47,28],[3,75],[-34,39],[-16,50],[-115,120],[-22,4],[-6,67],[24,30],[-35,33],[-15,63],[-8,97],[28,36],[-9,75],[18,49],[98,59],[75,64],[38,51],[28,60],[11,52],[37,58],[12,45]],[[473194,309058],[-26,-24],[30,-81],[-15,-42],[-29,-14],[2,-63],[-17,-45],[26,-23],[2,-149],[-15,-47],[-2,-67],[11,-29],[-18,-40],[-87,-30],[-163,25],[-151,87],[36,52],[-3,50],[-32,68],[-55,87],[-33,33],[11,75],[56,67],[18,43],[-3,64],[-59,84],[9,65],[-7,91],[36,81],[50,56],[67,16],[85,-37],[49,-99],[58,-90],[-1,-36],[46,-22],[32,-34],[72,-29],[20,-43]],[[493627,281667],[43,-29],[39,8],[56,-46],[58,13],[29,29],[31,-8],[50,23],[31,-22],[15,-43],[-16,-23],[-62,-19],[1,47],[-24,15],[-134,-32],[-60,28],[-62,4],[-36,-62],[63,-43],[65,-5],[25,-21],[6,-47],[-28,-43],[-61,-20],[-61,-5],[-37,10],[-71,-94],[-69,-13],[-44,-30],[-101,-47],[-59,-52],[-53,-121],[-48,-44],[-82,-37],[-156,-61],[-162,-74],[-25,14],[-31,68],[-6,45],[-52,90],[-46,39],[21,69],[24,25],[113,49],[27,24],[35,62],[43,21],[62,3],[27,34],[32,-10],[12,-40],[82,-6],[25,27],[3,66],[31,75],[65,53],[37,12],[79,-8],[68,50],[45,-35],[15,-48],[57,-31],[34,40],[10,51],[-44,66],[0,65],[37,-13],[65,56],[69,-49]],[[349486,352065],[4,-53],[33,-104],[6,-79],[19,-27],[-6,-37],[-56,-70],[-46,-21],[-70,0],[16,-53],[36,-10],[75,26],[-10,-42],[-80,-3],[-90,53],[-80,-69],[-34,-49],[-3,-65],[17,-48],[-17,-12],[-98,18],[-77,-12],[-50,-30],[-39,-38],[-25,56],[49,87],[18,73],[36,68],[-9,72],[-36,102],[-48,48],[-3,118],[61,88],[18,97],[89,94],[144,98],[104,80],[111,-10],[50,-25],[50,-48],[22,-53],[-39,-148],[-42,-72]],[[511591,258840],[24,42],[1,48],[20,37],[-52,81],[3,54],[-22,77],[10,22],[-21,84],[-61,65],[-71,3],[-126,-78],[-69,12],[-1,71],[-16,56],[25,44],[-14,61],[-65,57],[14,17],[-55,40],[7,26],[-31,110],[-10,69],[10,40],[-38,28],[32,23],[21,47],[39,-1],[34,50],[-16,40],[3,48],[-12,56],[29,36],[34,-22],[22,-56],[14,-169],[21,-100],[40,-82],[40,-61],[54,-53],[91,-32],[39,0],[40,-65],[60,-69],[82,-48],[18,-41],[35,-148],[24,-51],[41,-27],[35,-67],[20,-97],[77,-196],[-1,-35],[27,-19],[-74,-59],[0,-69],[-71,-20],[-43,-58],[-82,-8],[-16,52],[-82,34],[12,19],[-24,54],[9,48],[-34,80]],[[451321,319756],[-42,20],[-43,47],[-71,60],[-110,42],[-50,34],[-104,52],[-19,69],[-27,43],[-46,35],[-19,65],[-32,70],[-26,29],[-111,34],[-43,63],[57,86],[49,8],[38,88],[27,-8],[43,23],[90,-13],[52,-43],[34,18],[91,-8],[82,31],[72,14],[40,51],[-6,35],[75,28],[56,-45],[21,-70],[80,-42],[68,-12],[67,2],[67,20],[36,26],[-4,44],[-27,37],[43,67],[35,-20],[69,-103],[129,15],[6,-37],[-49,-23],[48,-58],[-58,-2],[-20,-33],[78,-40],[-99,-35],[2,-41],[-28,-28],[8,-70],[-25,-41],[13,-42],[-57,-21],[43,-57],[-46,-16],[-22,39],[-33,-8],[-67,-54],[-25,-62],[-31,-33],[-30,0],[-37,29],[-20,-38],[-36,-112],[-14,-69],[37,-41],[-42,-20],[-49,44],[-62,-43],[-26,20]],[[390169,431452],[17,37],[64,62],[35,81],[43,55],[72,41],[107,43],[123,27],[105,-31],[132,9],[50,18],[82,47],[64,0],[13,-110],[36,-51],[92,-66],[50,-64],[10,-86],[60,-171],[-35,-31],[-52,-13],[-28,-52],[-47,-57],[-44,-15],[-20,-62],[-56,-15],[-35,-33],[-53,-10],[-38,-36],[-70,7],[-108,-16],[-197,-50],[-23,3],[-121,78],[-56,60],[-49,73],[-51,91],[-96,93],[-24,38],[16,38],[25,3],[7,65]],[[479118,308053],[47,-23],[11,72],[50,28],[21,54],[85,-6],[23,62],[40,13],[37,-34],[46,6],[54,60],[108,-15],[28,-41],[39,-29],[3,-33],[-99,20],[-46,-25],[17,-22],[-11,-84],[-51,-27],[-42,1],[-29,-36],[29,-57],[-10,-60],[55,-20],[41,21],[28,-28],[-34,-41],[-18,-74],[20,-41],[-57,4],[-45,71],[-63,80],[-21,-104],[-78,12],[-3,-92],[14,-29],[59,-40],[-50,-57],[73,-107],[8,-105],[22,-59],[-33,-42],[24,-52],[2,-89],[62,-20],[-6,-35],[-54,-7],[-28,-30],[-15,-58],[-54,-68],[-48,-33],[-27,-71],[-35,18],[-26,60],[-28,34],[19,82],[20,30],[50,4],[21,38],[-3,35],[-60,38],[-5,44],[30,39],[-30,43],[29,57],[-7,67],[-39,-18],[-15,-31],[-43,-31],[-25,-70],[-19,-12],[-1,-129],[-32,-30],[19,-34],[-14,-62],[-58,-55],[-43,-22],[-27,39],[-38,16],[-28,52],[38,18],[-2,43],[27,87],[32,15],[24,74],[9,68],[23,25],[-4,114],[-22,38],[-48,-115],[-21,-71],[-38,-45],[-15,37],[-53,12],[12,-112],[19,-22],[-34,-34],[-43,-90],[-57,-27],[-11,-46],[-52,-55],[-6,94],[-23,42],[-50,-22],[25,84],[-3,47],[35,106],[-18,48],[30,125],[-36,64],[49,50],[16,47],[4,66],[81,13],[46,43],[70,-36],[99,123],[-60,44],[49,45],[15,73],[-67,6],[-23,21],[-33,98],[35,31],[21,62],[59,27],[44,56],[104,4],[-32,-70],[-3,-33],[52,-84]],[[447926,325156],[35,-79],[-28,1],[-56,47],[-88,47],[-21,23],[5,44],[23,38],[-45,59],[67,-1],[74,34],[-34,103],[20,24],[21,94],[8,88],[36,31],[29,71],[55,23],[22,46],[-39,29],[1,33],[-74,118],[-15,55],[1,47],[-104,112],[26,69],[46,-9],[19,-59],[62,-42],[76,2],[65,40],[30,-16],[-35,-77],[6,-54],[51,-65],[58,-24],[27,3],[97,-51],[69,-9],[41,-43],[29,-67],[79,-77],[94,-116],[12,-83],[-11,-84],[34,-59],[36,-43],[46,-31],[64,2],[102,33],[62,-1],[73,21],[90,45],[21,30],[67,17],[57,27],[43,-18],[26,-35],[-1,-88],[-25,-52],[86,-45],[14,-73],[-56,-5],[-9,63],[-36,-36],[-39,-9],[-17,-58],[-37,-17],[-57,32],[-3,20],[-74,-27],[-39,-55],[-79,-45],[-124,-54],[-64,-11],[-57,19],[-56,69],[-38,30],[-11,34],[-66,40],[-100,16],[-56,-14],[-27,-37],[-64,77],[-24,8],[-81,-44],[-79,24],[-36,21],[-62,-16],[-41,8],[-29,-49],[-68,-39]],[[388915,448690],[-92,36],[-69,61],[-20,30],[5,50],[47,36],[38,4],[33,28],[69,18],[80,7],[140,51],[154,39],[123,87],[106,40],[22,30],[116,10],[123,66],[77,1],[65,23],[72,-57],[61,-147],[40,-48],[92,-90],[10,-44],[24,0],[69,36],[65,-14],[38,51],[103,33],[105,-10],[92,-40],[54,-11],[133,-60],[13,-35],[-12,-66],[-20,-46],[-44,-57],[-26,-16],[5,-38],[-48,-62],[-125,-65],[-102,-2],[-123,33],[-29,-20],[-78,-19],[-104,-3],[-57,22],[-59,-5],[-47,11],[-208,12],[-96,10],[-124,3],[-68,-6],[-85,23],[-79,5],[-197,47],[-60,-2],[-49,21],[-72,13],[-81,26]],[[499578,279165],[20,70],[45,33],[14,38],[66,21],[-29,45],[54,15],[13,33],[-35,21],[18,35],[-42,27],[-14,65],[42,1],[-9,39],[65,38],[40,4],[30,-22],[76,-15],[29,-64],[27,9],[0,41],[-35,41],[-11,37],[-94,49],[-41,1],[27,48],[67,5],[56,-35],[-25,101],[-20,30],[78,46],[-20,27],[70,31],[-14,17],[-68,19],[15,50],[-79,-14],[-23,-35],[-79,-10],[-32,15],[12,57],[-71,84],[62,53],[10,66],[46,71],[136,-1],[25,-43],[48,-23],[73,-1],[35,-37],[32,-2],[34,-54],[57,-20],[98,-59],[27,-55],[-13,-92],[36,-82],[77,-27],[14,-41],[-8,-44],[-45,-15],[-4,-53],[-18,-16],[64,-78],[52,1],[24,-25],[4,-44],[-26,-45],[19,-40],[88,-31],[97,-19],[34,-28],[44,-134],[74,-35],[-30,-59],[-22,-17],[-14,-55],[-43,9],[-23,42],[-44,44],[-58,-65],[8,-49],[39,-37],[-49,-28],[-22,-60],[47,-37],[-25,-36],[-48,-17],[-45,7],[-21,33],[-87,6],[25,-63],[-64,14],[-21,-22],[-39,12],[-45,-31],[1,-22],[50,-32],[-1,-43],[-69,-26],[-2,-34],[-65,1],[-35,59],[-82,-36],[-54,-79],[-37,-6],[-39,24],[-44,-31],[16,-26],[-16,-37],[-70,-18],[-33,57],[-2,46],[-61,41],[-1,40],[79,92],[61,10],[29,61],[-61,-16],[-61,26],[17,73],[51,-6],[128,59],[23,61],[-25,26],[-26,-54],[-78,-18],[-45,65],[0,28],[-53,20],[-79,97],[-41,5],[-45,-31],[-30,-55],[-38,43]],[[491726,280487],[-17,53],[-59,48],[-2,66],[14,59],[-36,52],[-23,69],[-2,61],[21,90],[74,71],[36,76],[-3,52],[-29,33],[5,46],[44,57],[26,83],[-39,20],[-28,76],[21,61],[32,32],[-12,93],[21,47],[50,23],[58,-13],[11,58],[-60,52],[8,45],[30,35],[24,103],[-25,123],[71,73],[67,35],[71,72],[80,33],[74,-28],[18,-58],[-9,-36],[-45,-50],[-13,-34],[33,-61],[-39,-46],[-1,-38],[24,-51],[10,-55],[54,-146],[67,-90],[5,-57],[16,-26],[-8,-78],[20,-72],[47,-69],[63,-29],[39,-45],[-12,-59],[-58,-67],[-19,-94],[-35,-53],[2,-51],[33,-131],[0,-95],[-38,-89],[3,-52],[-51,-111],[4,-65],[20,-61],[-37,-64],[-21,-69],[-29,-31],[-40,-78],[-86,-101],[-61,-39],[-99,-5],[-32,8],[-68,40],[-137,43],[-63,37],[-25,37],[-3,38],[41,72],[114,57],[20,31],[-15,61],[-50,16],[-42,60]],[[388617,437305],[-42,62],[-53,21],[-41,-4],[-19,-41],[-34,-8],[-61,59],[-7,22],[-44,22],[-57,7],[-106,141],[37,33],[12,36],[-13,61],[-77,80],[44,18],[-1,28],[38,36],[24,48],[21,77],[46,-13],[35,22],[65,89],[24,89],[53,-7],[18,15],[23,63],[-10,68],[6,52],[78,-43],[105,-14],[44,18],[59,-3],[76,28],[47,33],[85,9],[142,36],[27,26],[81,-3],[74,17],[31,18],[62,-10],[26,-100],[-3,-146],[30,-105],[36,-4],[-1,-72],[14,-26],[36,-162],[-13,-99],[-27,-70],[-29,-183],[19,-19],[-16,-35],[-1,-74],[10,-38],[-20,-62],[-108,11],[-120,-118],[-44,-85],[15,-32],[-39,-136],[-44,-4],[-22,72],[-34,12],[-95,-6],[-96,-49],[-78,25],[-50,-6],[-29,79],[-2,71],[-65,139],[-42,34]],[[396155,447390],[115,-54],[124,-14],[27,10],[118,84],[93,36],[105,11],[131,52],[129,-19],[58,19],[107,-32],[182,-13],[103,-13],[77,3],[70,-14],[42,-45],[0,-83],[-55,-76],[-91,-53],[-143,16],[-95,-31],[-237,-96],[-74,-87],[-19,-50],[-3,-59],[-64,-56],[-68,0],[-33,-19],[-103,-16],[-110,-42],[-51,8],[-99,-42],[-128,21],[-67,26],[-68,-11],[-106,-3],[-50,13],[-93,-27],[-39,2],[-110,-25],[-80,9],[-50,17],[-50,35],[-101,8],[-141,24],[-92,36],[-57,34],[-71,19],[-35,26],[-67,27],[-52,39],[-14,65],[44,65],[-15,72],[7,60],[115,89],[38,13],[86,-9],[32,11],[33,45],[157,88],[98,26],[43,28],[78,5],[109,-23],[113,-101],[48,-20],[138,-8],[78,12],[33,-13]],[[480194,305755],[96,55],[25,3],[44,69],[65,81],[-2,39],[44,21],[9,-77],[-35,-40],[-66,-53],[-23,-93],[28,-29],[-18,-28],[2,-65],[-30,-69],[39,-18],[54,77],[38,76],[28,-9],[23,-61],[74,-126],[86,-132],[94,-80],[86,-39],[56,16],[48,-12],[-14,-64],[-48,-16],[-53,20],[-16,-34],[-30,-13],[-5,-35],[-29,-43],[-35,5],[-1,51],[-17,15],[-69,-21],[-30,-71],[-19,58],[17,53],[-46,-7],[-3,-49],[-57,-18],[-35,-57],[14,-63],[-37,-9],[-53,-36],[-32,3],[-38,59],[-40,3],[-71,96],[-21,0],[-17,-54],[-54,13],[10,61],[-72,-12],[-25,49],[-36,15],[-67,-38],[18,-42],[-26,-69],[-68,12],[-4,-49],[111,-32],[-13,-62],[-47,20],[-74,-35],[-58,-44],[-57,16],[-9,-25],[-67,11],[16,38],[-39,23],[-22,78],[26,36],[-9,24],[22,52],[1,57],[-50,-5],[-40,26],[-24,-61],[-53,4],[11,61],[91,61],[12,65],[51,45],[30,42],[55,45],[7,54],[54,73],[-30,16],[-19,-49],[-122,-165],[-26,70],[-52,-24],[17,-28],[-15,-80],[-55,-46],[-71,-20],[-4,-35],[-36,-32],[-56,2],[-4,-44],[-50,4],[-37,41],[22,28],[-8,59],[-47,-14],[-72,6],[5,29],[36,19],[10,48],[-35,23],[-38,-43],[-37,5],[-22,27],[-39,-29],[-16,25],[3,63],[62,37],[15,-38],[50,16],[60,4],[14,94],[44,27],[-2,33],[71,15],[82,5],[16,70],[76,77],[-14,25],[20,32],[34,3],[15,50],[56,-16],[53,62],[8,54],[-85,-9],[-16,47],[40,63],[5,69],[-59,-27],[-21,17],[-50,-64],[-16,-47],[-33,-17],[-38,-66],[-52,31],[-3,48],[15,24],[10,125],[63,-27],[32,35],[11,41],[33,13],[29,37],[15,97],[-3,56],[20,128],[19,17],[7,53],[41,43],[-18,70],[10,79],[-24,33],[24,55],[-19,21],[-7,75],[-19,57],[75,26],[69,-1],[69,-21],[65,-34],[27,-42],[-4,-67],[-72,-74],[14,-54],[70,-89],[57,4],[-67,-78],[-45,-92],[2,-67],[26,-27],[67,30],[16,-10],[105,11],[35,11],[35,-42],[3,-132],[-54,6],[-33,-55],[-16,-62],[21,-50],[66,-6],[-16,-179],[-28,-54],[16,-11],[98,83],[22,49],[53,38],[60,1],[-12,-45],[-30,-46],[8,-35],[-66,-46],[-13,-60],[23,-49]],[[353505,346597],[-57,6],[-32,28],[-28,51],[-12,68],[16,40],[-2,48],[-49,49],[-34,-11],[-85,26],[-167,-36],[-50,-26],[-136,-24],[-1,-47],[-25,-31],[-56,25],[-51,-7],[43,-46],[-36,-29],[-27,-101],[2,-49],[45,-41],[39,-1],[60,-44],[46,-73],[0,-43],[-83,0],[-36,100],[-110,55],[-91,1],[-61,63],[-23,125],[-36,19],[-35,46],[-42,21],[3,78],[-27,58],[-45,62],[-16,119],[44,5],[77,-17],[118,5],[95,46],[57,8],[-1,33],[87,113],[116,45],[150,105],[58,84],[16,81],[-5,56],[45,111],[68,60],[78,-12],[51,-56],[15,69],[34,73],[22,10],[39,-48],[61,26],[52,60],[22,45],[0,76],[19,54],[33,24],[-43,47],[34,82],[-34,127],[39,4],[43,-40],[56,-8],[30,-28],[16,-63],[147,-204],[66,-62],[37,-19],[155,-135],[85,-103],[64,-35],[79,-10],[4,-59],[-62,-75],[-8,-37],[21,-91],[45,-106],[27,-41],[-5,-27],[70,-91],[75,-66],[44,-26],[55,-89],[-2,-37],[-73,-16],[-32,9],[-58,-18],[-81,-38],[-52,-38],[-28,12],[-101,-2],[-127,-14],[-105,-40],[-27,6],[-53,-31],[-52,-67],[36,-161],[-58,54],[-67,-25],[-58,39],[-67,7],[-46,27],[-55,3],[-59,-23],[-27,-27]],[[535107,217476],[-77,22],[-78,96],[-87,56],[-48,15],[-132,95],[-24,129],[-4,66],[-31,74],[-55,66],[-92,27],[-89,104],[38,116],[4,68],[-12,48],[54,30],[36,43],[25,73],[35,29],[-1,52],[-58,24],[-37,59],[25,44],[-30,73],[-57,35],[-46,73],[34,165],[29,34],[50,27],[60,14],[167,70],[88,49],[84,57],[56,65],[76,21],[15,51],[70,43],[-35,29],[-3,159],[24,17],[-25,108],[13,23],[-42,22],[43,59],[-16,31],[61,205],[-21,144],[26,40],[23,-67],[-4,-82],[-12,-33],[-39,-192],[-8,-95],[22,-190],[0,-151],[23,-137],[52,-212],[72,-257],[107,-347],[104,-364],[53,-158],[89,-217],[115,-248],[46,-89],[153,-247],[106,-141],[71,-143],[26,-89],[9,-83],[-15,-42],[-57,-32],[-59,-117],[-37,-13],[-142,-10],[-105,-27],[-116,2],[-48,36],[-32,82],[-19,10],[-26,81],[-1,35],[-41,113],[-34,28],[-78,37],[-36,66],[-64,32],[-51,78],[-60,233]],[[391382,437306],[10,-24],[-10,-83],[19,-36],[88,-61],[57,-17],[13,-19],[-5,-63],[-40,-117],[-39,-3],[-28,-42],[-50,-156],[-28,0],[-106,-111],[-48,-26],[-52,-53],[5,-77],[-36,-21],[-61,-15],[-62,-93],[-18,-82],[-59,-65],[-42,-26],[-44,-53],[-41,-19],[-42,-105],[-33,-42],[-67,-5],[-38,20],[-74,99],[-18,36],[-56,55],[-95,36],[-68,37],[-126,48],[-139,27],[-58,24],[-71,-51],[-10,-50],[-22,-17],[-35,19],[-22,46],[-2,78],[-61,43],[-11,32],[-154,134],[-52,108],[-52,49],[-48,100],[22,56],[71,28],[67,68],[21,68],[32,34],[54,85],[3,63],[22,37],[20,74],[3,52],[29,129],[109,136],[52,40],[65,36],[33,-2],[78,24],[138,-7],[82,-26],[114,21],[38,34],[13,50],[64,-11],[117,-100],[122,-45],[99,-7],[30,35],[27,-1],[23,-40],[102,-111],[63,-24],[42,39],[89,21],[22,-13],[35,-71],[37,-36],[-18,-39],[11,-56]],[[538206,216273],[25,67],[52,174],[8,92],[-5,163],[-34,212],[-77,171],[118,88],[93,52],[113,40],[49,57],[92,63],[16,-5],[-107,-100],[15,-8],[54,50],[93,37],[36,30],[36,-31],[-64,-15],[13,-25],[46,10],[73,35],[206,52],[-5,32],[139,17],[130,51],[96,56],[57,-21],[0,-23],[126,-18],[-11,-80],[-46,-51],[-72,-161],[-57,-175],[-43,-103],[-5,-34],[-76,-225],[-63,-220],[-37,-148],[-48,-141],[-32,-150],[-20,-51],[-35,-131],[-18,-103],[-26,-100],[-18,-142],[-25,-130],[-38,-304],[-12,-139],[-5,-131],[4,-129],[-8,-122],[14,-232],[11,-67],[71,-306],[31,-51],[94,-112],[17,-30],[26,-107],[12,-102],[-1,-102],[-83,-220],[-28,-55],[-34,34],[-102,69],[-3,44],[18,55],[36,51],[5,54],[-13,81],[-138,262],[-4,20],[-80,147],[6,69],[-45,139],[-41,79],[-20,68],[-107,157],[-103,190],[-62,138],[-6,115],[-21,90],[-44,103],[-57,85],[-28,55],[15,104],[74,161],[14,60],[-14,97],[-29,75],[2,29],[-60,192],[-47,106],[-6,47],[27,75]],[[389439,431419],[14,48],[30,28],[53,5],[56,37],[110,-9],[-8,-56],[24,-51],[43,-45],[9,-37],[-5,-73],[35,-45],[173,-117],[39,-47],[65,-103],[6,-23],[93,-72],[68,-13],[36,-84],[-21,-41],[3,-30],[40,-102],[82,-72],[48,-72],[46,-53],[55,-119],[87,-88],[3,-46],[32,-76],[-33,-2],[-36,-116],[-40,10],[-44,-49],[29,-25],[-13,-29],[12,-37],[-50,-4],[-25,75],[-64,42],[-18,51],[-25,12],[-95,-2],[9,-53],[-24,-64],[-55,-40],[-42,-61],[-9,-65],[-53,-28],[-37,-33],[-44,40],[14,37],[-54,94],[-12,43],[-54,20],[-38,-27],[-80,-12],[-43,-25],[-65,-89],[-69,-75],[-21,-65],[-32,-17],[-64,-11],[-39,-66],[-2,-65],[37,-37],[-27,-100],[-103,-53],[-37,26],[-145,27],[-35,53],[-65,16],[-37,-37],[-51,-7],[-2,31],[-55,73],[7,44],[-11,81],[-36,43],[-35,17],[-2,33],[-32,50],[-127,17],[-23,75],[-53,38],[-14,28],[-42,17],[-32,-9],[-39,50],[32,43],[0,26],[49,17],[-14,71],[-29,32],[-28,91],[-40,59],[-14,47],[2,64],[56,12],[4,127],[-47,26],[4,115],[27,40],[29,-10],[47,44],[42,77],[8,32],[-35,53],[33,36],[17,-27],[36,6],[50,59],[41,-8],[2,-48],[41,-5],[79,43],[65,82],[-12,62],[51,39],[32,56],[34,-5],[29,-26],[36,-3],[100,20],[100,85],[37,55],[75,90],[20,39]],[[538977,209588],[-73,131],[-15,62],[-35,59],[-47,38],[-1,45],[-23,69],[4,28],[41,35],[34,87],[10,68],[-27,95],[22,106],[-41,26],[-6,41],[36,21],[-30,56],[4,95],[14,57],[3,95],[-35,142],[15,88],[-6,93],[37,93],[-2,68],[-34,66],[-59,42],[-40,6],[-55,80],[25,13],[84,78],[26,71],[7,108],[115,17],[70,59],[14,70],[36,74],[-3,17],[36,68],[-7,36],[21,69],[76,215],[7,65],[38,127],[-38,122],[30,126],[28,24],[173,58],[26,-5],[59,-48],[125,-159],[51,-58],[71,-57],[57,-33],[129,-37],[218,-38],[52,13],[41,-9],[69,-40],[95,-25],[67,9],[25,18],[48,-17],[57,-2],[-9,-68],[54,-55],[-5,-29],[-54,1],[-126,-186],[-75,-135],[-61,-137],[-51,-128],[-79,-177],[-74,-187],[-73,-171],[-93,-243],[-140,-379],[-140,-431],[-42,-155],[-120,-519],[-62,-328],[-41,-297],[-10,-140],[2,-134],[11,-48],[-39,-24],[-78,-11],[-83,-28],[-44,40],[30,41],[63,-23],[20,23],[20,140],[-118,-22],[-21,-31],[-2,-44],[-40,-59],[65,-72],[-22,-19],[-135,-67],[-94,-2],[-87,29],[-51,39],[-26,43],[5,62],[-12,69],[-81,111],[-71,56],[-10,33],[94,55],[26,131],[-71,134],[61,171],[-34,53],[14,45],[121,65],[39,46],[87,51],[25,30],[18,60]],[[443031,329228],[-103,98],[-44,99],[0,76],[32,265],[36,41],[18,48],[-5,86],[-37,59],[-34,136],[-29,43],[-44,31],[-3,34],[-62,101],[-55,35],[-41,55],[-69,38],[-29,34],[0,67],[-58,22],[-22,46],[-57,82],[-27,68],[-35,29],[-39,74],[6,30],[-68,59],[-33,61],[-35,11],[-53,49],[-145,27],[-111,44],[-80,49],[-110,122],[-46,14],[-42,33],[-52,3],[-10,25],[-172,219],[-52,26],[-47,40],[-33,67],[-91,124],[12,16],[164,37],[173,85],[146,42],[54,-35],[158,28],[44,-6],[52,-66],[92,-15],[5,-38],[70,-28],[68,12],[68,-85],[5,-28],[48,-35],[57,-12],[48,-56],[66,-25],[37,9],[22,-22],[98,-7],[90,-66],[47,-24],[10,-38],[39,-40],[184,-45],[79,6],[109,-41],[98,-100],[63,-32],[50,-13],[91,-9],[-68,55],[-23,51],[-4,68],[-26,31],[-49,22],[-49,80],[6,39],[38,4],[6,47],[93,-41],[35,31],[-62,29],[-77,67],[-16,42],[14,25],[-80,99],[18,20],[3,69],[13,18],[-27,44],[-88,81],[-54,5],[-9,21],[71,40],[35,124],[2,35],[-47,97],[-1,43],[24,34],[72,29],[40,-23],[-30,-58],[-9,-84],[30,-114],[30,-56],[101,-40],[19,-17],[63,-102],[53,-50],[48,5],[34,-21],[92,-23],[50,7],[96,-4],[74,31],[47,-13],[115,34],[58,50],[68,-41],[4,-56],[43,-5],[3,-27],[-121,-96],[-139,-291],[-58,-145],[-72,-234],[-20,-139],[11,-78],[41,-56],[32,7],[120,-57],[-5,-101],[43,-50],[110,-35],[4,-109],[60,-90],[47,-11],[41,22],[16,-28],[69,31],[129,-76],[36,-31],[34,-88],[-33,-11],[5,-53],[72,-17],[32,-53],[-11,-63],[-82,-25],[-65,64],[-45,-96],[-13,-48],[-1,-84],[40,-38],[44,26],[78,-20],[38,-63],[4,-56],[50,-24],[66,-51],[35,14],[44,-18],[24,-48],[-50,-9],[8,-42],[-30,-6],[-63,-97],[-62,19],[-36,-6],[-22,-38],[5,-63],[-19,-46],[-36,-24],[-50,-53],[-15,-147],[-13,-26],[46,-149],[3,-41],[-12,-81],[-33,-38],[-102,-37],[-92,-21],[-91,-53],[-53,-5],[-70,24],[-84,63],[-33,-17],[-108,-7],[-234,5],[-66,21],[-83,-23],[-117,27],[-33,32],[-145,64],[-52,8],[-32,28],[0,73],[-131,243]],[[510662,260780],[31,-189],[34,-187],[50,-112],[85,-92],[72,-32],[11,-29],[-97,1],[-58,8],[-46,52],[-42,-52],[-35,-26],[-36,-2],[-11,-51],[-54,-55],[5,-62],[-19,-17],[63,-114],[-30,-4],[-51,-58],[17,-103],[-41,44],[-134,100],[-22,31],[-60,36],[-49,72],[9,115],[-15,65],[8,31],[35,7],[46,46],[-34,17],[-14,-47],[-62,-26],[15,-98],[-13,-41],[6,-47],[-39,-58],[-39,-32],[-35,18],[-35,-14],[-47,4],[-36,-98],[19,-88],[-47,39],[-64,8],[-38,-26],[-28,-40],[-34,44],[-32,13],[-27,-29],[3,-75],[-43,-11],[-42,48],[-44,-17],[-109,117],[-98,63],[6,16],[-86,66],[-25,45],[-73,43],[23,79],[-41,31],[-79,102],[-53,55],[-38,72],[-81,124],[-7,30],[-40,47],[-14,96],[-29,56],[-59,43],[-16,46],[-55,83],[-15,56],[-33,8],[-55,72],[-1,53],[-37,25],[-29,52],[-6,72],[-81,68],[-13,45],[-37,12],[-34,47],[-51,38],[-103,15],[-110,30],[-100,11],[-27,29],[-4,40],[-28,67],[-25,18],[-101,41],[-34,36],[-126,50],[-82,42],[-38,47],[-36,24],[-115,33],[-56,45],[-10,76],[-23,85],[-38,82],[-43,63],[-31,115],[6,126],[-23,34],[-22,79],[-46,44],[-65,40],[-79,67],[-7,38],[-37,0],[-31,29],[-50,84],[-29,82],[-53,79],[-27,103],[-91,148],[14,38],[-30,85],[-39,30],[-14,92],[-104,28],[-53,52],[11,30],[48,34],[121,31],[-5,36],[114,28],[152,25],[52,37],[-25,58],[29,23],[28,71],[-16,97],[49,31],[119,-24],[77,-7],[127,-23],[114,2],[-12,26],[42,83],[41,1],[41,-17],[64,-62],[78,-45],[62,-45],[17,-35],[57,-43],[-3,-20],[-73,-24],[-36,-34],[-5,-29],[74,-80],[-30,-101],[34,19],[96,15],[-9,60],[16,18],[102,-36],[55,-50],[45,-22],[37,27],[42,8],[64,-72],[51,-25],[59,-10],[50,-58],[21,19],[-50,67],[21,15],[93,-47],[95,-59],[281,-146],[73,3],[134,-16],[216,23],[126,-14],[38,-22],[11,-34],[-53,-71],[-52,9],[-18,-55],[-76,-2],[-54,-25],[119,-17],[-42,-26],[41,-25],[-55,-76],[16,-36],[33,13],[21,68],[71,14],[124,75],[113,105],[3,59],[60,59],[1,21],[-49,55],[44,14],[87,50],[49,52],[3,29],[-23,71],[34,41],[27,2],[55,-59],[-38,-29],[-16,-41],[-1,-133],[22,-53],[-23,-32],[13,-121],[-6,-147],[-64,-194],[-71,-266],[-14,-176],[29,-64],[1,-37],[-27,-78],[10,-56],[3,-152],[23,-19],[-1,-40],[23,-25],[73,-35],[30,-44],[6,-54],[-12,-37],[16,-94],[45,-53],[-20,-38],[85,-41],[16,-50],[2,-59],[47,-24],[64,-85],[70,-40],[68,-1],[44,38],[42,6],[57,-83],[-1,-40],[31,-99],[53,-20],[50,-34],[36,-122],[13,-95],[50,-121]],[[349607,352494],[-78,-29],[-73,-11],[-61,6],[-32,18],[-88,-18],[-57,25],[-26,37],[-24,65],[-5,122],[-28,40],[-28,89],[-55,59],[44,65],[80,78],[26,41],[6,41],[-18,96],[106,90],[89,53],[78,79],[93,64],[42,36],[121,72],[100,75],[49,58],[68,118],[6,54],[-44,32],[-8,40],[94,118],[4,50],[-33,20],[163,89],[92,67],[56,67],[27,131],[-28,48],[95,40],[94,64],[109,34],[75,41],[127,82],[155,83],[40,39],[64,101],[49,41],[101,47],[83,2],[129,-52],[102,-12],[66,11],[127,35],[213,133],[74,-3],[139,8],[95,-6],[105,34],[165,43],[94,6],[84,16],[68,-9],[41,-21],[64,-10],[139,-4],[162,3],[124,25],[24,21],[109,50],[14,41],[79,25],[93,96],[82,27],[51,31],[166,63],[54,13],[58,29],[110,39],[90,54],[40,63],[-16,59],[71,19],[56,46],[11,33],[46,11],[32,-35],[79,-28],[184,-42],[185,-13],[164,-18],[69,-24],[23,-19],[79,-118],[46,-42],[7,-36],[38,-38],[77,-41],[112,-80],[87,-126],[45,-42],[94,-62],[125,-20],[112,11],[112,-6],[51,-55],[26,-90],[-21,-58],[1,-34],[76,22],[63,-25],[32,-71],[67,-56],[44,-119],[-23,-81],[-17,-31],[7,-72],[15,-43],[-7,-70],[65,-90],[68,-58],[7,-93],[14,-38],[-91,-33],[-57,9],[-90,-21],[-86,8],[-3,86],[-34,73],[-38,31],[-98,18],[-157,1],[-69,-5],[-7,-22],[-79,-63],[-107,-15],[-55,-76],[-65,11],[-81,-26],[-57,-54],[-54,-16],[-90,-40],[-132,-84],[-58,-61],[-44,-22],[-37,47],[8,68],[-63,56],[4,124],[-23,24],[-97,29],[-15,25],[2,66],[-37,68],[67,72],[-7,67],[-46,62],[-151,58],[-97,49],[-2,72],[65,68],[4,78],[-37,71],[-48,40],[-14,-15],[56,-69],[14,-83],[-30,-36],[-60,1],[-71,-18],[-31,-26],[-63,-14],[-14,-55],[4,-53],[-34,-26],[-21,-56],[-75,-50],[-16,-33],[15,-39],[26,-17],[-35,-64],[-40,18],[-95,3],[-103,-7],[-55,59],[-85,-24],[-34,-23],[-89,-107],[-46,-8],[-49,10],[-65,-9],[-13,-25],[23,-43],[-37,-22],[62,-81],[2,-37],[28,-23],[67,-21],[102,11],[38,-9],[55,14],[87,-4],[34,-31],[25,-132],[-47,-79],[-84,-95],[-10,-35],[8,-84],[-76,21],[-18,59],[-52,50],[-9,63],[14,34],[-68,33],[-91,24],[-128,-15],[-101,-56],[-112,-106],[-38,-9],[-9,-47],[23,-19],[50,32],[49,9],[39,50],[36,-60],[15,-60],[-20,-52],[30,-85],[-22,-45],[-6,-101],[-36,-13],[6,-68],[38,-35],[36,-61],[-13,-61],[-78,-140],[-69,-23],[-66,23],[-106,-1],[-66,-12],[64,-60],[-35,-31],[20,-70],[40,-36],[-6,-20],[28,-52],[0,-92],[27,-55],[-22,-53],[-101,-53],[-47,-7],[-27,-31],[-126,28],[-61,0],[-104,-23],[-25,45],[34,56],[-59,64],[37,8],[-45,62],[-61,114],[-50,18],[-20,44],[-38,-3],[-48,37],[-33,7],[-86,-27],[-87,-101],[-19,23],[27,34],[-10,28],[-60,-23],[0,-58],[45,-41],[56,-84],[-36,-59],[-96,-75],[-53,-51],[-18,-81],[-1,-80],[83,-44],[-14,-15],[-81,-28],[-14,-48],[-36,40],[-77,44],[-9,-50],[-80,23],[-56,-63],[-55,-37],[-45,-47],[-75,-52],[-48,-56],[-66,-19],[-12,-43],[-45,-57],[-30,-57],[-8,-55],[-59,-51],[-72,69],[-34,10],[-45,-10],[-100,-59],[-79,-73],[-96,29],[-91,-14],[-81,26],[-52,78],[-48,11],[-129,1],[-101,-19],[-68,-29],[-73,-44],[-46,-8],[-37,64],[-2,57],[-39,108],[-30,40],[-42,27],[-110,27],[-67,-30],[-66,33],[-24,66],[-7,63],[-22,47],[7,93],[11,28],[-2,98],[-52,103],[-41,31],[24,20]],[[533671,238844],[74,60],[37,47],[40,29],[-2,33],[79,122],[60,126],[44,54],[-22,59],[18,80],[51,36],[-15,80],[-25,215],[25,35],[-22,46],[-42,123],[4,51],[-40,70],[45,79],[-7,30],[-36,31],[-39,133],[7,43],[62,134],[67,5],[22,44],[-59,28],[15,70],[-36,46],[10,29],[65,18],[-66,71],[-48,39],[-8,55],[-22,22],[-3,74],[-29,19],[-59,-36],[-39,30],[-63,10],[-47,-31],[-17,-34],[-67,-33],[-84,-5],[-109,26],[-69,31],[-43,-45],[-26,39],[11,80],[19,39],[77,120],[85,75],[83,84],[72,102],[175,168],[59,15],[143,51],[184,87],[142,85],[86,57],[119,89],[44,43],[170,128],[138,92],[23,26],[145,98],[58,46],[25,36],[170,142],[258,240],[70,86],[161,220],[45,50],[178,229],[93,137],[94,156],[44,53],[70,121],[40,81],[50,134],[33,31],[-31,52],[0,49],[36,100],[35,132],[18,113],[7,128],[-18,121],[-57,149],[-53,91],[-164,231],[-182,301],[-149,213],[-89,110],[-52,56],[-101,93],[-72,58],[-105,69],[-104,51],[-96,35],[-135,19],[-56,-12],[-64,-33],[-32,5],[-1,46],[50,128],[125,145],[112,98],[152,147],[100,114],[98,144],[134,143],[84,72],[170,122],[135,108],[77,52],[183,90],[171,77],[54,19],[91,52],[46,9],[128,-10],[48,-24],[8,-62],[-2,-100],[-33,-321],[-10,-207],[-22,-243],[-29,-532],[1,-226],[8,-181],[10,-102],[56,-338],[36,-103],[30,-109],[44,-79],[50,-126],[93,-204],[54,-95],[57,-78],[53,-60],[99,-91],[175,-130],[61,-23],[40,-29],[132,-28],[102,-5],[91,19],[20,-41],[-8,-164],[12,-143],[23,-129],[30,-56],[69,-12],[-31,-29],[-9,-67],[-31,-98],[-58,-132],[-155,-277],[-68,-141],[-116,-220],[-104,-234],[-68,-143],[-55,-102],[-146,-315],[-72,-148],[-101,-231],[-59,-116],[-77,-167],[-53,-101],[-58,-130],[-85,-156],[-84,-174],[-36,-84],[-283,-569],[-62,-100],[-16,-54],[-145,-285],[-68,-152],[-51,-90],[-44,-117],[-115,-220],[-58,-135],[-220,-494],[-23,-62],[-103,-215],[-192,-417],[-33,-86],[-50,-108],[-50,-128],[-132,-290],[-86,-227],[-48,-104],[-16,-50],[-101,-251],[-117,-323],[-70,-216],[-58,-193],[-72,-275],[1,-16],[-45,-208],[-23,-135],[-20,-183],[-1,-105],[20,-254],[22,-182],[25,-106],[86,-261],[10,-102],[-21,-60],[-41,-80],[-49,-126],[-45,-184],[-89,-44],[-142,-23],[-147,17],[-166,61],[-97,67],[-91,102],[-29,59],[-71,63],[-49,105],[-5,120],[-51,115],[-66,35],[-39,38],[-50,72],[-4,39],[-40,107],[-24,37],[-22,91],[-3,72],[11,72],[20,43],[-11,97],[-49,89],[-51,67],[23,51],[-53,32],[-16,45],[11,57],[-29,72],[-70,118],[-17,78],[-18,25],[6,68],[64,88],[-6,47],[-23,41],[-62,60],[-78,38],[36,136],[-132,112],[10,45],[43,32],[-18,19],[-43,-40],[-29,-50],[-54,28],[-51,82],[5,39],[45,27],[26,68],[-15,67],[10,121],[33,47],[-22,39],[4,37],[29,30],[87,63],[59,53],[65,139],[4,27],[40,70],[161,146],[30,11],[15,64],[-1,77],[28,102],[-2,93],[-34,132],[-45,78],[-6,53],[35,150],[5,45],[48,95],[55,90],[140,174],[42,135],[67,68],[135,149]],[[213994,156925],[8,51],[-7,153],[0,1509],[6,1081],[-6,504],[2,952],[-2,1803],[0,2910],[8,3006],[-1,53],[-1,5966],[-6,1871],[1,2124],[0,343],[1,2170],[0,1085],[0,1085],[0,1085],[0,1084],[0,1085],[0,3255],[0,1085],[0,1087],[1,3252],[0,1085],[0,1085],[0,1085],[0,1085],[0,1085],[-4,2470],[4,785],[1,1085],[-5,1084],[0,7595],[0,5424],[7,1115],[0,1052],[-1,1088],[0,1085],[0,1085],[0,3254],[0,1085],[1,1085],[-1,743]],[[214000,230984],[1926,0],[855,0],[1284,0],[1497,1],[1112,0],[3966,0],[4045,0],[5244,0],[461,0],[2567,0],[214,-1],[3637,0],[428,0],[4300,0],[192,0],[3208,1],[1654,0],[2702,0],[1206,0],[4279,0],[641,0],[7701,0],[1577,0],[1204,0],[1498,0],[1973,-1],[2016,1],[7115,0],[1630,0],[6688,0],[5225,0],[3119,0],[5296,0],[2694,0],[1077,1],[1243,0],[975,2],[3353,3],[1082,1],[1109,0],[4436,4],[1109,1],[1109,1],[1109,1],[2218,2],[1109,0],[1109,1],[1109,1],[1108,1],[3326,3]],[[373686,151826],[0,-29]],[[373215,74007],[-54,2],[-268,31],[-34,10],[-135,-8],[-147,12],[-209,55],[-135,5],[-68,-4],[-176,-38],[-152,69],[-148,36],[-115,21],[-76,3],[-234,-18],[-102,-39],[-47,-44],[-119,29],[-120,18],[-78,-4],[-112,-44],[-109,-102],[-79,3],[-22,-14],[-93,19],[-70,-33],[-40,7],[-78,48],[-129,2],[-111,29],[-54,5],[-165,-36],[-109,-30],[-9,-34],[-56,21],[-73,11],[-63,-16],[-68,9],[-85,-33],[-57,10],[-43,-10],[-32,50],[-57,26],[-135,94],[-2,40],[-40,35],[-124,18],[-47,17],[-71,-33],[-39,10],[-36,98],[-111,38],[-41,27],[-182,41],[-36,2],[-79,-57],[-49,-5],[-38,29],[-16,38],[-72,29],[10,102],[-64,70],[-48,24],[-68,14],[-83,-5],[-127,46],[-115,78],[-111,53],[-117,33],[-37,38],[-74,39],[-80,136],[-81,82],[-36,51],[-52,44],[-69,36],[-53,10],[-33,41],[-114,32],[-56,48],[-49,72],[-78,31],[-20,41],[-108,29],[-89,34],[-59,-16],[-109,36],[-85,-9],[-1,47],[-29,22],[-74,-8],[-121,112],[-29,5],[-80,-35],[-15,47],[29,16],[-61,75],[-25,72],[-26,29],[-63,28],[-84,9],[-55,147],[-102,104],[-25,46],[-19,117],[-33,94],[-75,127],[-154,196],[-29,73],[-96,140],[-60,-3],[16,38],[-32,59],[19,49],[-53,96],[-54,53],[-3,37],[-33,64],[-99,121],[-44,103],[-53,78],[-61,65],[-70,152],[-115,140],[0,26],[-46,78],[-189,252],[-101,117],[-154,193],[-142,155],[-167,167],[-79,65],[-127,139],[-193,181],[-62,49],[-68,72],[-60,39],[-91,78],[-74,19],[-53,65],[-89,54],[-78,19],[-38,56],[-72,43],[-48,-4],[-32,17],[-38,74],[-26,-16],[-47,20],[-77,54],[-53,50],[-85,8],[9,33],[-36,87],[-36,19],[-1,32],[78,-25],[31,-42],[115,35],[45,37],[30,60],[17,124],[-37,111],[-107,146],[-49,49],[-142,106],[-68,34],[-80,55],[-217,101],[-40,29],[-98,122],[-122,114],[-70,30],[-59,40],[-98,28],[-137,27],[-95,-14],[-66,-19],[-67,-69],[-5,-76],[20,-29],[-69,-31],[-43,49],[-81,22],[-23,-30],[-41,85],[-4,82],[-93,79],[-33,-2],[-48,44],[-39,12],[-37,45],[-127,111],[-24,46],[-78,94],[-58,26],[-93,-1],[26,49],[-17,56],[-48,65],[-94,77],[-124,66],[-8,55],[-65,107],[-73,85],[-59,57],[-58,72],[-92,51],[-122,78],[-62,59],[-17,51],[-82,134],[-80,101],[-59,56],[-22,80],[-58,84],[-80,64],[-42,17],[-95,-3],[-14,27],[32,45],[-17,30],[-49,12],[-38,55],[-77,39],[9,42],[-84,74],[-39,4],[7,42],[-52,72],[-59,31],[10,20],[-27,69],[-61,55],[-40,18],[2,41],[-57,46],[-38,55],[-8,62],[-31,11],[-35,50],[-43,24],[-21,104],[-38,46],[-40,87],[-42,41],[-28,4],[-3,78],[-54,19],[-21,68],[-37,11],[-4,41],[-31,19],[-62,109],[-13,46],[-117,164],[-93,49],[-35,54],[-103,89],[38,36],[17,66],[-27,71],[39,40],[-4,94],[53,-7],[9,-34],[46,-34],[75,-13],[35,14],[203,-46],[47,3],[44,27],[68,67],[73,149],[25,116],[-9,155],[-55,182],[-44,92],[-73,111],[-88,104],[-124,104],[-85,34],[-44,-15],[-120,45],[-41,5],[-59,161],[-10,95],[7,51],[-7,64],[45,88],[-4,62],[14,82],[-14,55],[-78,99],[-35,31],[-44,63],[-115,111],[-134,82],[-83,72],[-57,28],[-52,42],[-56,26],[-117,90],[-103,93],[-85,115],[10,77],[34,50],[24,86],[80,0],[38,12],[84,-1],[75,13],[152,77],[64,26],[87,54],[129,122],[65,36],[105,28],[79,57],[51,13],[186,70],[119,31],[73,26],[126,74],[141,161],[113,49],[48,45],[92,68],[69,95],[23,49],[102,70],[40,40],[87,123],[56,106],[45,103],[12,96],[28,95],[15,87],[24,54],[43,193],[31,197],[10,218],[-2,192],[11,112],[1,135],[-17,272],[-14,125],[-84,334],[-120,419],[-47,124],[-83,254],[-31,73],[-11,57],[-116,315],[-37,119],[-25,57],[-84,218],[-162,451],[-68,151],[-112,268],[-61,132],[-52,89],[-120,250],[-57,90],[-110,198],[-135,280],[-66,122],[-56,136],[-102,185],[-64,129],[-27,37],[-73,154],[-42,74],[-75,162],[-68,92],[-35,68],[-82,119],[-27,64],[-75,120],[-48,92],[-83,115],[-84,131],[-119,201],[-100,176],[-105,159],[-134,183],[-64,102],[-60,78],[-176,254],[-47,60],[-116,168],[-155,211],[-418,533],[-118,145],[-366,430],[-170,191],[-350,380],[-267,263],[-90,95],[-125,118],[-66,75],[-135,129],[-131,136],[-72,65],[-51,62],[-316,288],[-92,94],[-413,368],[-157,134],[-127,114],[-261,212],[-144,127],[-348,280],[-73,63],[-256,188],[-122,98],[-373,282],[-142,82],[-129,101],[-166,117],[-68,42],[-269,189],[-242,156],[-159,110],[-278,178],[-276,167],[-172,113],[-184,112],[-148,80],[-163,102],[-290,154],[-49,32],[-145,76],[-198,109],[-203,101],[-191,103],[-120,57],[-419,184],[-294,140],[-258,79],[-112,43],[-406,147],[-110,36],[-54,27],[-351,110],[-314,84],[-394,75],[-267,28],[-89,5],[-65,-19],[-28,-22],[-74,-26],[-81,-56],[-6,-44],[39,-13],[-57,-73],[-78,-4],[-12,-65],[-80,23],[-194,1],[-246,-41],[-75,-32],[-108,-25],[-82,-87],[11,-82],[-83,-12],[-90,-53],[-6,-44],[-36,-27],[-103,-107],[-40,-30],[-26,-69],[11,-33],[97,-45],[4,-41],[-26,-26],[-49,26],[-117,-35],[-15,-23],[-88,-41],[-26,-25],[3,-42],[-95,-9],[-80,-21],[-73,-38],[-73,-70],[-20,-40],[-116,-85],[-88,-48],[-110,-96],[-38,-12],[-54,-52],[-107,-5],[-16,20],[-129,46],[-163,39],[-144,16],[-54,-33],[-62,9],[-7,23],[-115,27],[-57,-3],[-74,-27],[-72,29],[-96,1],[-42,-9],[-126,21],[-132,-56],[-76,-66],[-67,-24],[-216,11],[-56,-6],[-26,18],[-96,-2],[-137,-22],[-30,-21],[-106,27],[-188,2],[-98,7],[-158,-3],[-69,9],[-206,3],[-79,8],[-61,-19],[-98,-8],[-59,18],[-106,-7],[-59,-21],[-75,-5],[-143,-110],[-151,-71],[-43,10],[-37,-33],[-72,-33],[-67,4],[-56,-33],[-70,15],[-98,-34],[-76,-10],[-53,12],[-121,-25],[-81,4],[-80,28],[-28,-13],[-79,36],[-85,-4],[-106,39],[-17,51],[-70,-9],[-84,37],[-16,37],[-42,-3],[-32,35],[-116,18],[-50,67],[-88,35],[-24,51],[-41,19],[-133,8],[-80,65],[-24,35],[6,80],[-4,97],[-23,90],[30,41],[132,68],[34,33],[91,138],[37,120],[69,152],[74,83],[80,77],[48,16],[96,92],[66,45],[6,36],[88,50],[59,54],[42,89],[50,13],[190,-43],[60,-30],[78,4],[65,43],[175,91],[20,27],[69,0],[71,14],[66,41],[143,67],[33,-3],[114,90],[128,58],[237,158],[48,37],[55,13],[57,31],[53,53],[54,79],[81,160],[74,91],[88,145],[46,51],[49,110],[37,31],[52,152],[57,74],[89,90],[84,29],[48,42],[107,57],[55,63],[109,35],[10,15],[128,45],[41,-25],[49,36],[87,29],[125,2],[78,16],[58,29],[84,62],[151,82],[64,4],[41,23],[31,74],[4,37],[39,68],[10,41],[14,282],[-6,89],[-32,193],[-31,75],[-4,87],[19,95],[90,28],[101,69],[44,65],[6,152],[14,19],[66,11],[29,72],[-7,128],[-25,130],[44,101],[-3,108],[-21,159],[-31,83],[11,44],[-29,103],[3,74],[51,52],[-11,165],[-28,47],[0,42],[39,37],[-13,74],[12,34],[-10,107],[-15,47],[41,81],[6,65],[57,72],[20,55],[56,73],[169,134],[25,47],[-4,78],[21,57],[76,127],[33,112],[46,104],[91,75],[29,70],[-3,74],[-41,132],[-37,144],[-6,85],[-23,133],[14,50],[0,65],[-16,67],[23,6],[-8,74],[-28,77],[-105,243],[-31,87],[-25,119],[-100,340],[-35,149],[-45,131],[-13,64],[-43,122],[-30,131],[3,148],[46,124],[51,79],[27,68],[44,75],[18,103],[-9,119],[-20,71],[-84,9],[50,66],[-100,100],[128,160],[117,73],[112,26],[83,-25],[36,-22],[27,-64],[-34,-114],[-33,-143],[-9,-120],[28,-93],[-9,-139],[-69,-104],[-6,-158],[-34,-31],[-82,-10],[-18,-43],[19,-74],[23,0],[-14,74],[118,47],[24,70],[13,102],[25,34],[59,123],[2,66],[54,-16],[291,-62],[-17,48],[80,48],[53,53],[32,85],[-8,41],[-28,28],[6,77],[-51,49],[-64,124],[15,39],[-13,45],[16,27],[-37,104],[-65,91],[-54,44],[-50,94],[-32,33],[-97,58],[-32,34],[-95,46],[-207,76],[-8,24],[-93,83],[-38,69],[-98,67],[-1,48],[-47,25],[-99,-13],[-53,80],[-71,47],[3,48],[-63,4],[-84,84],[-77,31],[-52,66],[-53,30],[-8,53],[59,73],[25,60],[63,-16],[55,5],[-9,57],[-30,57],[-133,206],[-81,103],[-50,28],[-59,-26],[-39,34],[-29,50],[22,21],[-24,78],[-87,115],[-71,18],[-16,-10],[-75,22],[-54,53],[-83,44],[-54,49],[-72,9],[-74,73],[-58,16],[5,40],[-36,14],[2,46],[-76,70],[-52,25],[-40,73],[8,55],[-46,127],[-66,131],[-128,173],[-59,46],[-171,63],[-74,36],[-66,44],[-85,97],[-84,70],[-95,54],[-82,32],[-102,58],[-55,50],[-36,56],[-48,159],[-2,45],[20,46],[-47,271],[-13,45],[-66,125],[-37,102],[-24,136],[-96,216],[-167,201],[-33,57],[29,74],[43,160],[3,52],[-54,211],[2,67],[-61,164],[-68,84],[-47,32],[-87,92],[-116,202],[-45,57],[-35,25],[-78,29],[-90,2],[-40,-24],[-118,13],[-121,-22],[-43,6],[-97,50],[-33,52],[38,53],[122,18],[60,32],[-1,39],[34,46],[9,84],[21,15],[3,48],[-28,14],[19,71],[-10,60],[-34,57],[11,56],[-53,14],[-18,38],[2,70],[-173,229],[-54,25],[-81,23],[0,53],[-43,37],[-3,38],[-28,35],[-57,37],[0,30],[-63,77],[-33,8],[-58,89],[-48,24],[-14,32],[-42,24],[-11,94],[-35,51],[-126,76],[-54,18],[-168,-19],[-118,-92],[-26,-94],[-61,-59],[-33,-67],[-45,-44],[-20,-54],[-109,-72],[-31,-46],[-22,-62],[-58,-75],[-56,-132],[-33,-97],[-23,-186],[-26,-77],[-55,-31],[-71,-24],[-69,-54],[-52,-66],[-46,-106],[-20,-100],[-27,-53],[-4,-73],[263,-300],[4,-48],[-21,-49],[-19,-131],[-35,-88],[14,-40],[-32,-84],[7,-80],[-35,-127],[-55,-129],[-16,-62],[-27,-35],[-119,-118],[-134,-118],[-196,-125],[-99,-73],[-31,-32],[-130,-85],[-83,-66],[-23,-33],[-116,-119],[-121,-99],[-77,-99],[-57,-63],[11,-73],[-72,-133],[-12,-65],[11,-64],[-14,-44],[-71,-119],[-5,-55],[-42,-32],[-34,-66],[-21,-112],[22,-49],[-116,-123],[-35,-62],[2,-34],[-30,-63],[24,-61],[-27,-79],[16,-85],[-7,-181],[-34,-95],[1,-155],[15,-26],[-109,-180],[-10,-58],[6,-169],[44,-68],[87,-69],[92,-40],[193,-44],[-72,-85],[-8,-139],[-72,-92],[-43,-22],[-88,-64],[5,-44],[-57,-118],[-3,-43],[-68,-82],[13,-105],[20,-46],[12,-70],[7,-129],[-49,-77],[2,-88],[-41,-37],[-31,-84],[-39,-70],[15,-43],[-28,-91],[-12,-88],[6,-71],[-27,-102],[-40,-112],[35,-51],[-40,-26],[-42,-2],[-14,-47],[7,-35],[33,-38],[55,-12],[-25,-36],[-122,-113],[-13,-39],[-44,-60],[-120,-102],[-25,-34],[-94,-71],[-5,-46],[-47,-67],[-30,-66],[-20,-137],[-29,-40],[-46,-28],[-67,-113],[-32,-76],[-48,-60],[3,-31],[-29,-75],[-71,-105],[-23,-65],[-14,-86],[-23,-66],[13,-168],[69,-51],[5,-46],[-140,-82],[-42,-78],[10,-41],[-51,-60],[-18,-69],[4,-87],[-53,-51],[-11,-42],[-34,-20],[-41,-53],[-48,-94],[-26,-75],[-61,-96],[-33,-69],[-8,-70],[-34,-49],[-10,-54],[20,-103],[31,-61],[11,-134],[-6,-56],[19,-79],[21,-40],[-7,-78],[-75,-56],[-58,1],[-146,36],[-59,-8],[-112,-39],[-44,-45],[92,-165],[13,-43],[33,-48],[50,-20],[60,-59],[33,-83],[9,-49],[-11,-60],[-58,-98],[-11,-42],[11,-40],[151,-96],[53,-11],[4,-35],[-112,-48],[-100,-61],[-21,-42],[-126,-68],[-188,-49],[-94,-11],[-75,-38],[-106,-37],[-124,-86],[-40,-63],[5,-23],[-37,-67],[-15,-73],[-60,-33],[-83,-5],[-18,14],[-101,-13],[-52,13],[-65,-9],[-18,15],[-68,-8],[-52,15],[-68,-24],[-51,39],[-41,48],[-96,31],[-50,32],[-20,40],[-104,93],[-80,52],[-113,41],[-147,105],[-52,4],[-141,81],[-104,43],[-101,52],[-107,27],[-139,19],[-87,-4],[-53,16],[-64,-7],[-86,-58],[-47,-14],[-81,18],[-111,87],[-249,89],[-133,51],[-100,21],[-127,11],[-279,3],[-74,-5],[-133,-41],[-115,-75],[-140,-54],[-288,-124],[-159,-91],[-124,-84],[-113,-125],[-45,-93],[2,-60],[30,-84],[-109,-28],[48,-19],[-54,-35],[-90,1],[-191,34],[-108,-3],[-63,-36],[-47,6],[-66,28],[-87,10],[-116,49],[-73,2],[-52,21],[-96,5],[-294,-71],[-51,-51],[-160,-75],[-42,-29],[-101,-91],[-22,-35],[-79,-76],[-30,-46],[-91,-96],[-54,-80],[31,-65],[-36,-45],[-8,-118],[15,-35],[-32,-17],[-59,17],[-28,-31],[-58,-5],[-29,-53],[-65,5],[-59,-22],[-69,2],[-33,-34],[-92,8],[-61,-17],[-33,-38],[-44,-6],[-49,21],[-112,19],[-135,41],[-133,-33],[-97,51],[-100,63],[-28,-5],[-85,42],[-127,29],[-57,-24],[-302,73],[-166,18],[-89,-5],[-184,3],[-191,-24],[-52,-33],[-92,-40],[-37,-51],[-46,-21],[-33,-41],[-27,-77],[6,-44],[28,-38],[-124,-13],[-44,-18],[-46,-118],[23,-10],[-16,-67],[-132,5],[-79,-8],[-68,-20],[-34,-69],[17,-23],[-31,-33],[23,-49],[-34,-14],[-46,15],[-123,-18],[-66,-35],[-51,9],[-103,-20],[-118,19],[-48,-3],[-45,-42],[8,-53],[-90,-73],[-58,23],[-41,-45],[-59,90],[-104,86],[-127,-18],[-71,72],[-66,11],[-37,47],[9,41],[-52,85],[-148,171],[-52,69],[-58,27],[-39,53],[48,0],[63,-21],[46,48],[-3,34],[-34,54],[88,0],[56,21],[53,54],[10,43],[-8,87],[-47,81],[32,78],[4,41],[-17,93],[30,90],[77,-29],[60,11],[58,-8],[65,-28],[83,30],[54,31],[74,11],[26,30],[81,28],[39,36],[20,43],[6,209],[59,60],[82,36],[103,14],[82,102],[11,31],[74,27],[58,-5],[49,29],[65,90],[3,30],[34,24],[28,148],[-5,89],[-19,45],[76,17],[74,91],[15,61],[79,61],[17,36],[-8,83],[-18,64],[-53,133],[-128,236],[-127,191],[-76,25],[32,63],[106,40],[39,0],[37,73],[7,45],[31,37],[93,-2],[108,68],[46,58],[39,67],[16,99],[-9,129],[-32,30],[15,101],[32,72],[18,75],[-10,65],[59,26],[-20,30],[2,72],[57,15],[-8,23],[101,27],[29,27],[34,-19],[40,28],[60,67],[134,79],[36,32],[23,84],[-21,103],[-34,59],[-15,52],[17,24],[48,-3],[35,26],[48,-79],[53,-6],[151,-1],[44,-19],[122,-24],[70,-56],[146,-77],[169,-60],[89,-13],[131,-3],[297,12],[201,19],[120,-13],[83,5],[160,32],[199,75],[149,49],[119,62],[86,10],[129,-33],[169,-18],[132,14],[144,40],[62,55],[54,2],[52,-27],[53,7],[109,36],[119,12],[39,-25],[48,-4],[94,-53],[45,-72],[30,-102],[82,-91],[25,-46],[73,-49],[89,-34],[60,-12],[152,6],[142,18],[58,-3],[14,-32],[55,-19],[9,-110],[48,-58],[59,-41],[116,-36],[78,-16],[125,27],[149,49],[181,79],[162,93],[106,72],[112,94],[68,66],[73,85],[37,68],[74,202],[9,66],[-7,64],[8,86],[-16,64],[10,121],[27,149],[-14,50],[-2,110],[10,102],[13,53],[0,118],[-10,49],[30,127],[55,139],[68,110],[35,89],[39,152],[21,135],[4,182],[48,162],[43,126],[31,32],[11,42],[10,115],[16,67],[13,113],[0,139],[31,49],[-6,64],[42,57],[29,10],[36,59],[65,151],[14,149],[33,165],[-6,302],[-28,230],[-64,122],[-25,82],[-47,90],[-102,122],[-14,94],[-16,42],[-40,28],[23,25],[-48,135],[-82,85],[-24,102],[8,38],[44,0],[46,139],[27,28],[7,124],[31,28],[6,44],[-23,95],[12,24],[-21,151],[-29,52],[3,35],[49,40],[2,37],[-30,83],[-49,68],[-46,22],[-127,95],[-52,-1],[-37,-30],[-32,5],[-60,-19],[-63,-50],[-58,-78],[-35,-132],[-17,-18],[-8,-90],[-46,-54],[-111,-95],[-14,-37],[-63,25],[-33,63],[-62,81],[7,69],[-17,43],[36,84],[43,-10],[98,47],[59,59],[28,59],[52,61],[8,51],[27,31],[27,93],[27,40],[13,65],[-12,65],[29,49],[88,20],[57,-57],[83,-3],[105,45],[62,83],[47,135],[24,122],[-6,77],[27,289],[67,125],[44,109],[39,25],[48,62],[27,131],[-10,77],[18,43],[-24,151],[-34,65],[12,20],[12,121],[-17,96],[69,51],[-6,40],[-35,68],[2,161],[21,68],[-17,105],[-61,125],[-72,97],[-1,59],[-87,174],[-59,65],[-53,33],[-142,182],[-58,110],[-36,142],[-35,59],[-33,26],[-36,64],[10,51],[32,2],[26,42],[65,6],[78,-19],[91,-52],[103,-6],[181,49],[154,-53],[38,4],[107,33],[63,45],[49,95],[12,61],[11,144],[34,55],[41,38],[76,37],[38,47],[40,81],[17,64],[-1,94],[10,17],[84,12],[80,118],[11,75],[62,77],[59,128],[-23,129],[-26,65],[-59,86],[-93,100],[-103,72],[-88,10],[-58,38],[-36,53],[80,33],[44,79],[147,-11],[97,58],[34,63],[-16,79],[51,83],[48,27],[102,24],[35,47],[9,67],[108,107],[62,87],[142,112],[39,-8],[111,73],[75,19],[82,35],[37,45],[41,14],[8,112],[-27,140],[-50,95],[-34,4],[-66,47],[-31,-1],[-81,79],[-24,6],[-90,62],[1,33],[55,51],[46,22],[13,29],[88,50],[38,74],[17,7],[76,110],[73,60],[21,35],[80,78],[41,75],[117,70],[84,76],[61,21],[61,40],[22,31],[61,45],[107,116],[40,17],[28,34],[71,36],[74,57],[90,43],[226,159],[81,84],[88,213],[19,132],[24,51],[77,62],[33,43],[73,124],[66,80],[78,49],[36,45],[76,64],[52,63],[85,54],[55,15],[69,61],[58,27],[54,-5],[111,106],[16,71],[47,40],[45,16],[-12,39],[31,28],[58,9],[-12,51],[91,27],[20,76],[58,45],[40,54],[44,22],[47,-9],[81,31],[131,101],[56,53],[52,72],[18,51],[73,145],[51,24],[2,62],[37,42],[85,31],[67,42],[27,43],[165,27],[123,-5],[67,-11],[24,-65],[42,-64],[-152,-226],[-38,-26],[-73,10],[-11,25],[14,71],[-15,11],[-7,69],[-25,21],[-31,-165],[-19,-57],[-46,-50],[5,-69],[71,-28],[75,4],[67,15],[21,19],[61,6],[42,18],[37,42],[70,121],[-18,53],[28,40],[30,180],[64,124],[16,98],[-23,225],[23,47],[120,-18],[-20,-36],[56,-23],[0,-45],[23,-84],[-1,-46],[148,3],[50,-34],[38,46],[4,40],[46,9],[-13,36],[16,42],[69,16],[4,38],[-39,48],[28,45],[-80,59],[-32,-2],[-22,-47],[-51,-25],[-141,22],[-100,-17],[-55,22],[-27,59],[21,55],[11,124],[-4,64],[16,98],[18,25],[67,13],[-62,37],[2,51],[-56,26],[-83,88],[-46,107],[4,143],[-63,88],[-23,55],[-59,68],[-96,178],[-23,68],[-10,90],[-55,22],[-55,63],[-26,11],[-76,96],[-11,41],[-44,29],[-40,57],[-64,40],[-76,76],[-66,107],[2,80],[16,41],[27,135],[2,157],[29,48],[84,27],[11,51],[42,-13],[-39,86],[17,55],[-5,126],[-22,52],[-9,76],[-20,47],[-76,79],[-23,2],[17,-88],[-7,-46],[-39,16],[-14,41],[15,25],[-74,37],[-40,0],[-41,-52],[46,-2],[36,-26],[-55,-18],[-10,-51],[-63,2],[-57,32],[-124,126],[12,70],[41,51],[-49,67],[-26,-19],[-75,11],[-127,96],[-83,94],[-29,22],[-65,99],[-19,53],[3,111],[20,67],[45,51],[71,18],[33,28],[4,30],[35,36],[-74,47],[27,79],[42,68],[18,90],[34,19],[32,48],[27,123],[49,67],[78,1],[27,-19],[8,-46],[80,30],[-35,92],[25,59],[96,40],[66,41],[64,27],[78,53],[63,30],[83,5],[93,34],[39,50],[69,31],[40,0],[49,35],[50,-10],[3,-67],[131,-2],[99,37],[71,84],[41,96],[38,36],[90,-13],[76,-34],[18,-38],[59,26],[-50,107],[49,14],[84,-3],[57,21],[24,39],[80,46],[54,1],[89,18],[31,44],[50,32],[87,81],[58,11],[31,-20],[0,-58],[-31,-7],[-12,-44],[-32,-40],[90,-65],[66,-61],[-6,-104],[23,-39],[-2,-46],[-37,-111],[21,-38],[73,-38],[77,9],[45,38],[11,37],[55,64],[-9,22],[-59,-18],[-33,-36],[-32,-68],[-45,-12],[-57,46],[-2,40],[24,43],[14,113],[26,41],[111,54],[-97,36],[7,32],[49,30],[69,3],[71,28],[168,107],[33,78],[30,30],[25,121],[-7,53],[-60,36],[-18,30],[-158,80],[-45,-52],[-111,14],[-4,44],[73,49],[75,-11],[10,45],[65,37],[-3,44],[55,-13],[13,40],[-53,139],[-115,178],[-41,72],[-27,89],[-126,201],[-55,50],[-197,111],[-186,63],[-31,-19],[-88,22],[-72,32],[-80,-15],[-150,110],[-25,27],[4,80],[25,23],[9,44],[40,69],[-40,14],[18,89],[-26,19],[-45,78],[-15,54],[-60,104],[-47,103],[-27,80],[-2,67],[-23,173],[-52,144],[-5,84],[-53,187],[-13,98],[-57,207],[-41,85],[-71,102],[-13,54],[-39,33],[-10,140],[-54,110],[-30,104],[-37,268],[-361,-1],[-10,32],[-81,38],[3,59],[27,36],[71,50],[15,29],[2,64],[-15,109],[77,140],[56,6],[62,-29],[70,36],[105,-7],[40,31],[0,86],[57,23],[77,-23],[0,27],[-56,13],[-81,3],[18,87],[-35,62],[-4,99],[-117,44],[-36,-37],[-25,53],[-109,69],[-39,0],[-61,36],[-52,-22],[-11,34],[-102,-5],[-17,21],[-50,-18],[-157,62],[-9,47],[-57,31],[-126,29],[-63,-14],[18,-67],[-79,37],[-33,53],[-7,51],[34,36],[113,54],[68,104],[16,121],[-30,75],[-38,62],[-71,19],[8,56],[436,-2],[-61,104],[-19,6],[-10,64],[8,65],[-59,18],[-3,-34],[-52,-19],[-24,56],[-95,18],[-78,38],[-6,28],[-39,30],[-58,68],[-53,43],[-56,23],[-57,84],[-34,-8],[-20,58],[-39,36],[-9,47],[69,97],[81,44],[55,91],[18,58],[54,38],[13,-94],[77,-49],[-18,61],[-6,96],[76,35],[-43,79],[-42,45],[-51,24],[-21,33],[-56,30],[-95,22],[-18,-15],[-73,10],[-37,-20],[-101,25],[-87,8],[-84,55],[2,50],[-15,54],[10,23],[-9,72],[44,11],[15,38],[-17,53],[-43,18],[-48,40],[-32,-12],[-99,11],[-6,39],[32,93],[20,2],[-9,106],[-16,-1],[-124,128],[-21,68],[116,69],[38,39],[17,89],[-31,59],[-82,97],[-29,19],[-29,93],[31,95],[62,61],[9,32],[-47,98],[-60,-11],[72,-47],[20,-28],[-2,-43],[-55,-35],[-28,-84],[-46,-56],[-4,-27],[28,-76],[38,-43],[78,-66],[5,-84],[-23,-58],[-57,-48],[-62,-17],[-20,-47],[-1,-54],[92,-128],[34,-31],[-18,-36],[-73,-84],[-17,-70],[-52,-75],[3,-79],[39,-55],[9,-67],[45,-84],[21,-64],[-3,-55],[-31,-52],[63,-53],[-10,-37],[11,-81],[41,-124],[14,-168],[-22,-162],[-19,-20],[13,-92],[-37,-62],[-3,-79],[-33,-145],[-49,-116],[8,-55],[-13,-27],[24,-34],[-39,-74],[10,-39],[-31,-47],[5,-52],[54,-69],[22,-61],[-12,-16],[22,-71],[-11,-30],[-69,-43],[-27,-65],[4,-71],[27,-24],[0,-114],[159,21],[49,38],[68,19],[13,27],[71,2],[55,-29],[22,-51],[47,-26],[-8,-30],[25,-49],[38,-27],[44,-5],[84,-81],[29,-81],[75,-78],[-4,-108],[-91,-41],[-22,-101],[-30,-19],[-16,-125],[-14,-56],[37,-43],[-3,-54],[16,-46],[49,-38],[12,-47],[-22,-37],[0,-59],[26,-53],[-17,-81],[17,-61],[22,-17],[-1,-74],[41,-53],[0,-57],[16,-100],[-42,-60],[32,-35],[-61,-46],[-25,-40],[-70,-41],[31,-28],[4,-46],[-67,-5],[-53,-36],[41,-75],[-4,-32],[36,-61],[-5,-43],[21,-28],[-2,-56],[-60,-81],[-18,-126],[-44,-80],[-44,-5],[-65,28],[-129,3],[-53,44],[-76,-9],[-42,40],[-67,-27],[5,-26],[-32,-38],[-27,-94],[10,-63],[38,-83],[35,-42],[-7,-26],[28,-94],[121,-192],[95,-108],[46,-115],[31,-31],[10,-72],[32,-99],[45,-55],[-35,-6],[-50,25],[-4,26],[-54,22],[-73,-16],[-82,9],[-63,50],[-27,-23],[20,-60],[-164,4],[-227,45],[-77,4],[-34,13],[-4,38],[-53,77],[-42,44],[-19,56],[-97,23],[-43,23],[-67,63],[-9,43],[-60,34],[-96,23],[-153,24],[-138,47],[-19,17],[-96,-29],[-50,-2],[-45,-21],[-65,-3],[-46,-44],[-49,-2],[-56,-70],[-145,-70],[-104,-63],[-41,-47],[-68,-110],[-17,-39],[-94,-119],[-7,-38],[22,-69],[20,5],[47,71],[24,-14],[-75,-124],[48,-17],[9,-25],[-24,-43],[-86,-40],[-46,34],[-39,-11],[-19,-36],[9,-44],[43,-54],[45,-17],[36,-55],[-29,-42],[-53,-25],[-213,-58],[-50,-40],[-6,-37],[-72,-10],[-29,-31],[40,-40],[-50,-32],[-40,-8],[-15,-86],[-35,-37],[-40,-18],[-31,-59],[-65,-59],[-73,-34],[-35,-53],[55,-22],[12,-22],[-80,-72],[-97,-10],[-55,-32],[-19,-47],[-60,-12],[-97,-65],[-131,-18],[-51,-44],[5,-52],[-54,-6],[-7,-32],[-109,-37],[22,-25],[-148,-3],[-105,-53],[-64,4],[-56,-40],[-3,-50],[-75,-12],[-42,-41],[-33,-88],[-54,-75],[14,-53],[-23,-31],[19,-48],[5,-76],[-6,-82],[-39,-49],[-13,-58],[12,-21],[-8,-88],[15,-49],[-30,-47],[-1,-93],[11,-42],[-16,-48],[10,-74],[-35,-54],[-53,-48],[6,-35],[-18,-67],[-98,-124],[-21,-61],[-104,-99],[-54,-116],[-2,-55],[-40,-56],[-102,-42],[-31,-55],[18,-44],[-62,-18],[-41,16],[-21,-40],[50,-43],[-55,-22],[-47,-59],[-86,46],[1,-46],[58,-2],[-23,-60],[-35,-29],[24,-30],[7,-101],[-40,-95],[-5,-50],[38,-53],[-45,-199],[23,-43],[-1,-54],[19,-41],[-14,-77],[40,-117],[44,-27],[-18,-75],[-83,-92],[-2,-89],[-31,-30],[-5,-47],[-125,-125],[-19,-42],[-47,-61],[-12,-153],[-16,-30],[7,-89],[18,-37],[-51,-20],[-34,-48],[-106,-63],[-129,-92],[-25,-33],[-121,-15],[-5,-41],[-65,-77],[-74,-38],[-53,-83],[-3,-37],[-38,-66],[-30,-22],[-34,-95],[31,-67],[-69,-34],[-52,-43],[-35,-125],[-51,-112],[5,-39],[-26,-51],[40,-48],[-12,-56],[-42,-9],[-44,-124],[-69,-155],[11,-40],[-35,-61],[-83,-39],[-87,-78],[-8,-53],[-73,-171],[-35,-28],[-7,-47],[-31,-102],[-38,-2],[-2,-44],[-122,-159],[-42,-33],[-41,-77],[-24,4],[-69,-62],[-46,-96],[-7,-49],[-89,-127],[-90,-72],[-66,-8],[-92,-29],[-116,-57],[-91,-31],[-64,-89],[-24,-55],[-37,-43],[-64,-38],[-159,-32],[-113,-42],[-92,-21],[-145,-15],[-70,-24],[-84,16],[-28,-9],[-78,11],[-80,0],[-141,-25],[-192,25],[-14,14],[-110,-6],[4,-18],[-100,-5],[-13,-24],[-91,-50],[-41,-9],[-129,-2],[-62,-13],[-35,-23],[-121,-129],[-136,-30],[-92,-11],[-142,-32],[-81,7],[-18,-18],[-271,-185],[-10,-29],[-53,-27],[-75,-63],[-123,-83],[-132,-49],[-71,-40],[-151,-63],[-55,-16],[-60,-40],[-192,-88],[-294,-97],[-131,-81],[-153,-79],[-55,-16],[-89,4],[-11,-21],[-129,15],[-141,2],[-209,-20],[-132,-29],[-54,-67],[-76,-39],[-52,-60],[-85,-76],[-22,-120],[-138,13],[-230,-9],[-135,-18],[-101,-26],[-63,-28],[-84,-54],[-78,-79],[-80,-59],[-106,-57],[-5,-33],[-35,-39],[-99,-61],[-85,-16],[-117,-63],[-11,-42],[-142,-69],[-63,-3],[-104,-32],[-96,-56],[-117,-1],[-191,-34],[-136,-70],[-124,-17],[-112,-31],[-52,-40],[-9,-30],[-44,-54],[2,-33],[-77,-25],[-81,-77],[-27,-68],[28,-87],[52,-10],[-22,-57],[20,-31],[-11,-42],[-77,-49],[-55,-6],[-119,-36],[-48,-30],[-29,-73],[-135,-73],[-73,-31],[-91,-69],[-50,-22],[-57,-46],[-134,-79],[-92,-98],[-102,-53],[-104,-40],[-259,-76],[-166,-32],[-130,-13],[-71,-28],[-65,-50],[-37,-7],[-44,-57],[-176,-115],[-93,-51],[-29,-52],[-57,-39],[-81,-76],[-96,-68],[-28,-29],[-109,-76],[-88,-89],[-81,-44],[-71,-56],[-62,-80],[1,-56],[-44,-48],[10,-68],[-60,-43],[-51,-66],[-13,-40],[41,-32],[11,-46],[-35,-64],[7,-59],[72,-59],[-31,-47],[-72,-77],[-12,-53],[-28,-16],[5,-44],[-60,-52],[-39,-18],[-63,-58],[23,-29],[-50,-40],[-10,-52],[29,-52],[-70,-31],[-4,-81],[-28,-12],[-5,-81],[31,-19],[-20,-49],[-99,-26],[-59,-46],[8,-43],[-83,-22],[-74,-41],[-41,-75],[2,-40],[-51,-27],[1,-36],[-47,-22],[-61,-81],[-48,-41],[-54,0],[-16,-73],[-26,-15],[-8,-47],[-55,-35],[6,-23],[-68,-62],[18,-35],[39,-6],[-17,-56],[-37,-26],[8,-27],[-30,-29],[-33,-65],[11,-54],[-34,-73],[-48,-13],[-51,-46],[-90,-130],[-17,-5],[-59,-68],[-46,-36],[-38,-57],[-95,-75],[-84,-91],[-68,-57],[-114,-74],[-116,-111],[-132,-95],[-123,-56],[-60,-12],[-78,1],[-164,13],[-127,-9],[-104,-20],[-99,-33],[-154,-104],[-94,-97],[-54,-80],[-44,-90],[-21,-67],[3,-67],[58,-69],[34,17],[29,-31],[36,-129],[29,-41],[48,-32],[99,-16],[-47,-27],[-77,7],[-41,-16],[-66,-56],[-59,-118],[-41,33],[-57,0],[-21,-51],[-83,-84],[46,-41],[124,2],[34,26],[16,58],[40,18],[67,-10],[2,-56],[39,-51],[-34,-52],[26,-26],[-7,-48],[-45,-34],[-12,-63],[15,-39],[-14,-58],[25,-72],[77,-47],[-132,-81],[-28,-95],[14,-41],[33,-26],[39,8],[17,-49],[-21,-19],[17,-45],[-58,-72],[-15,-60],[9,-37],[-20,-32],[-9,-91],[-55,-36],[-89,-31],[-41,-37],[-10,-46],[35,-24],[6,-36],[-33,-26],[-7,-59],[-55,-50],[-36,-9],[-51,51],[15,25],[-15,96],[72,27],[22,26],[-10,74],[-32,52],[-73,52],[-20,30],[-82,61],[104,70],[7,29],[-26,55],[-39,39],[-33,61],[-80,39],[-64,14],[-51,32],[-76,10],[-138,-1],[-105,-10],[-131,-26],[-33,-19],[-19,-42],[24,-31],[-23,-34],[-70,-36],[-48,-66],[46,-35],[-33,-46],[5,-31],[89,-88],[-65,-15],[-13,45],[-33,50],[-68,12],[-79,-9],[-53,-42],[-58,-26],[-28,-63],[-53,55],[-43,15],[-52,-12],[-5,39],[19,35],[-32,31],[-68,17],[-55,-5],[-116,-36],[-76,-31],[-39,-31],[-115,-57],[-70,-47],[-124,-117],[-32,-47],[-12,-53],[15,-41],[82,-19],[-56,-55],[-89,-21],[-24,-30],[-96,-180],[-15,-61],[-36,-61],[-78,-103],[-26,-61],[-16,-106],[5,-62],[32,-69],[76,-74],[36,-22],[56,-6],[79,48],[41,-19],[58,5],[25,-40],[-27,-22],[-1,-69],[23,-9],[22,-48],[-50,-108],[25,-26],[23,-92],[16,-108],[-58,14],[-67,35],[9,48],[-25,42],[-1,39],[-27,29],[-142,51],[29,96],[-68,50],[-69,21],[-126,17],[-80,-13],[-106,-39],[-112,-61],[-111,-93],[-46,-57],[0,-68],[-25,-48],[-33,-195],[-28,-75],[-2,-56],[15,-43],[6,-193],[-9,-134],[-14,-101],[-2,-118],[22,-38],[68,-38],[86,-17],[170,19],[17,-35],[34,-9],[37,-44],[-35,-88],[-91,-49],[11,-52],[56,-58],[91,-7],[46,33],[-8,-92],[-124,-32],[-46,-88],[-81,-25],[-45,-72],[-60,-24],[-28,69],[18,47],[-4,73],[-90,49],[-56,5],[-84,-24],[-230,-182],[-122,-79],[-135,-119],[-59,-85],[-35,-27],[1,-44],[-61,-33],[-112,-83],[-37,-42],[-14,-52],[30,-28],[81,19],[32,-30],[82,-10],[72,5],[76,-25],[168,-34],[103,-12],[112,21],[48,51],[107,15],[53,17],[28,45],[89,-10],[115,11],[41,-10],[68,7],[58,28],[68,0],[47,14],[40,60],[31,19],[39,78],[29,1],[47,37],[7,35],[61,-3],[39,18],[57,63],[88,166],[37,8],[78,-28],[76,31],[37,27],[49,2],[44,58],[3,32],[39,7],[-8,-74],[15,-33],[37,-17],[24,-72],[-17,-38],[-3,-108],[91,-31],[102,2],[109,37],[24,38],[-7,45],[54,42],[16,54],[-47,133],[60,84],[0,69],[-60,30],[31,70],[-41,64],[-71,3],[-16,54],[14,23],[59,24],[77,-15],[52,36],[26,-19],[-6,-49],[20,-37],[72,-31],[45,0],[10,-31],[52,-67],[-4,-66],[-17,-34],[69,-55],[-24,-35],[5,-61],[-33,-16],[-11,-36],[-52,-58],[-32,-57],[-19,-70],[-1,-85],[15,-37],[53,-13],[46,-32],[-41,-21],[-41,-47],[-8,-38],[44,-19],[17,-34],[-64,-14],[-38,-117],[-42,-70],[-31,-25],[-14,-50],[-45,-17],[-32,17],[-63,-25],[-83,-60],[-134,-81],[-55,-41],[-42,-67],[17,-48],[-16,-39],[17,-50],[-11,-51],[7,-83],[31,-101],[37,-30],[28,-47],[60,-47],[-23,-43],[22,-47],[31,-4],[27,-37],[-20,-45],[7,-87],[39,-25],[60,8],[49,-47],[-33,-70],[59,-49],[40,-73],[14,-54],[-57,-1],[-33,-46],[-1,-95],[43,-32],[40,-2],[-3,-67],[-52,-50],[14,-119],[22,-11],[67,39],[33,-57],[-5,-55],[38,-92],[25,-15],[-26,-118],[-104,73],[-81,-23],[-42,-101],[-118,-65],[-26,44],[-92,10],[-81,-21],[-25,-66],[29,-109],[-39,-6],[-135,4],[-55,45],[-2,138],[-23,76],[95,59],[-25,74],[-51,20],[-52,-8],[-58,12],[-50,56],[-37,142],[58,71],[-48,60],[-69,39],[-57,12],[2,29],[-132,70],[-219,76],[-77,18],[-93,4],[-28,60],[-104,50],[-91,19],[-48,-37],[-26,-59],[-26,-8],[-39,54],[-8,38],[33,41],[16,48],[-12,58],[13,64],[40,61],[-25,43],[-42,18],[-26,44],[34,35],[-51,23],[-53,77],[-406,171],[-192,61],[-93,9],[-41,19],[-198,24],[-49,15],[-135,16],[-153,8],[-49,-11],[-165,-12],[-97,-20],[-88,-27],[-14,-21],[-111,-28],[-23,-69],[-40,-50],[-2,-54],[13,-110],[-23,-75],[12,-31],[-34,-17],[-20,-75],[27,-46],[-51,-18],[-43,27],[-42,-17],[-37,-62],[-53,-8],[-25,40],[-45,-9],[-57,-57],[23,-36],[48,-24],[52,-65],[-26,-83],[29,-42],[-22,-42],[44,-33],[-21,-43],[-59,-48],[-96,5],[-35,33],[-47,-10],[-79,38],[-132,51],[-47,-13],[-126,15],[-37,-16],[6,-63],[-52,-3],[-19,21],[-81,-16],[-17,-45],[-40,-1],[-24,50],[-40,40],[-12,82],[37,21],[-15,45],[29,46],[-60,24],[-15,46],[68,-6],[15,40],[10,110],[-35,39],[-40,8],[8,72],[-56,38],[3,38],[-47,16],[-80,-2],[-14,128],[8,41],[-60,24],[-13,38],[-73,40],[-36,69],[-88,45],[-23,51],[-106,91],[-62,84],[-105,69],[-55,44],[10,29],[-82,41],[18,52],[-81,50],[-76,65],[-16,45],[-104,43],[0,27],[-70,67],[-34,16],[-252,187],[-59,52],[-78,22],[6,44],[-33,24],[-31,61],[37,43],[-1,38],[-62,52],[-5,20],[-104,94],[-30,12],[-5,55],[-59,58],[-187,150],[-150,101],[-77,44],[-37,32],[-139,80],[-80,37],[-55,41],[-146,90],[-84,32],[-305,135],[-158,49],[-167,33],[-132,0],[-92,-35],[-120,-74],[-98,86],[46,35],[52,137],[37,-23],[117,0],[80,58],[34,117],[-7,99],[-47,136],[-28,55],[-22,82],[-72,113],[-71,68],[-99,77],[-110,61],[-90,33],[-70,9],[-40,-22],[-26,71],[-76,87],[-18,37],[-69,39],[26,41],[-34,19],[-16,40],[-51,33],[-16,46],[-33,37],[-174,118],[-71,35],[-9,22],[-69,42],[-183,77],[-136,30],[-111,-5],[-87,-19],[-93,-58],[-5,-23],[54,-74],[-109,28],[-78,1],[-52,-32],[-25,20],[-97,1],[-57,14],[-69,-1],[-73,-38],[-33,-41],[-95,-9],[-109,-89],[-50,-56],[15,-47],[-29,-82],[27,-41],[-53,-75],[-100,16],[-34,39],[-58,-34],[-36,45],[-83,1],[-86,-46],[-62,34],[21,61],[40,23],[39,-6],[114,63],[1,106],[18,63],[-20,32],[18,62],[56,35],[26,48],[21,75],[-22,161],[-36,51],[79,65],[75,4],[28,39],[2,133],[-64,47],[24,53],[71,0],[95,101],[85,68],[37,72],[38,30],[69,133],[-12,33],[47,21],[3,25],[75,7],[25,39],[54,-3],[70,99],[15,89],[-5,72],[48,46],[10,55],[132,58],[60,-62],[103,7],[-75,-86],[8,-57],[40,-72],[-5,-44],[20,-28],[-63,-85],[14,-104],[19,-37],[-3,-57],[-19,-54],[37,-43],[-11,-41],[21,-90],[71,-50],[66,-29],[168,-53],[97,-10],[33,-21],[56,-1],[111,-35],[187,5],[96,18],[168,-8],[49,-16],[34,-64],[35,-18],[123,-22],[290,-12],[219,-19],[-62,-32],[-64,5],[-231,42],[-66,1],[-48,-18],[-52,-60],[25,-22],[-76,-61],[-59,-79],[0,-22],[-67,-101],[-18,-67],[47,-19],[4,-33],[40,-48],[67,-48],[59,-24],[95,-18],[63,2],[16,-44],[35,-23],[81,-17],[72,-1],[41,-37],[74,9],[73,-70],[23,-114],[-51,-65],[-31,-66],[-5,-50],[24,-63],[89,-67],[25,-85],[52,-26],[119,-12],[106,14],[46,-14],[85,-5],[43,-45],[51,-5],[-4,-41],[52,-38],[-75,-11],[-50,-46],[-55,49],[29,38],[-118,0],[-60,22],[-60,-4],[-6,-83],[37,-18],[22,-45],[-23,-16],[-50,45],[-56,1],[-31,18],[-30,-34],[49,-34],[169,-33],[89,10],[101,39],[17,24],[66,29],[44,-12],[67,26],[45,-29],[145,30],[71,38],[46,-24],[98,14],[122,45],[48,45],[15,36],[-18,98],[158,20],[28,-13],[2,-52],[121,-38],[38,18],[9,50],[61,28],[158,28],[64,-36],[0,-29],[37,-26],[108,-8],[39,19],[54,107],[-42,56],[7,52],[-81,104],[-100,8],[6,-33],[-27,-34],[-37,-3],[-62,27],[-54,-3],[-44,20],[-87,-10],[-25,35],[-112,34],[-87,61],[-66,3],[-42,-61],[-96,-40],[-32,-72],[26,-27],[111,-45],[106,-24],[45,-22],[31,-36],[87,-35],[-53,-15],[-28,31],[-71,14],[-49,26],[-167,19],[-146,47],[-43,25],[28,94],[50,95],[18,93],[46,63],[22,91],[-9,48],[1,95],[-21,61],[17,30],[-7,58],[-20,21],[-65,23],[-6,32],[112,4],[19,57],[-66,20],[-57,40],[-70,14],[14,26],[-48,24],[-61,-25],[-14,-44],[-35,-31],[13,-30],[-22,-28],[-115,6],[-21,20],[20,82],[-14,44],[50,20],[14,72],[-21,75],[-77,83],[-66,21],[-14,-50],[13,-87],[-30,-7],[-59,-72],[30,-72],[-17,-21],[-51,-3],[-16,-39],[91,-46],[19,-32],[43,-20],[17,-42],[122,-1],[58,15],[54,-46],[-121,-31],[-59,-33],[-25,-35],[5,-44],[61,-48],[0,-37],[-27,-30],[4,-92],[22,-93],[-34,-15],[65,-65],[-54,-39],[-52,5],[-26,23],[-46,-5],[-18,-53],[76,-38],[156,-39],[-34,-26],[-209,20],[-20,17],[-50,-9],[-53,59],[26,85],[52,114],[14,67],[28,34],[19,58],[-31,91],[18,50],[-33,38],[-12,84],[-50,41],[-38,92],[-8,52],[-25,36],[-52,3],[-59,57],[-8,123],[23,57],[85,34],[69,40],[55,65],[19,44],[-12,67],[-50,44],[26,114],[-13,60],[-49,55],[8,39],[31,39],[-11,75],[-23,9],[-25,65],[21,98],[-5,64],[-34,36],[-50,0],[-17,67],[-49,36],[-103,-6],[-47,100],[-53,-6],[-29,38],[37,46],[21,72],[-12,77],[18,68],[-11,107],[15,5],[12,113],[-14,35],[-45,47],[-41,7],[-107,108],[44,13],[45,-7],[19,39],[8,76],[-10,109],[-24,14],[51,66],[-17,77],[8,18],[-35,244],[-30,38],[23,27],[-40,27],[3,54],[-23,19],[-2,93],[-31,22],[19,48],[-16,18],[31,39],[-32,155],[-33,66],[-6,50],[-27,80],[-132,266],[-26,32],[-16,60],[-88,186],[-121,231],[-158,232],[-71,48],[-79,70],[-64,34],[-99,28],[-110,7],[-46,-51],[-34,21],[10,56],[-27,39],[-49,16],[-21,47],[-29,8],[-43,72],[-95,11],[-51,24],[-23,43],[44,83],[77,9],[161,164],[54,19],[88,10],[80,60],[0,45],[-52,32],[5,74],[-11,152],[-23,56],[20,49],[-18,45],[34,35],[31,92],[42,59],[-21,97],[-34,53],[-30,79],[-10,105],[-16,48],[-34,51],[-16,52],[-55,39],[23,39],[69,50],[-29,28],[26,44],[-14,48],[-52,78],[-27,18],[-32,73],[-45,40],[-27,64],[8,30],[-58,96],[-12,52],[-62,65],[-70,104],[-107,121],[-80,103],[-175,166],[-71,56],[-16,28],[-116,115],[-74,41],[-13,41],[11,51],[-34,13],[-33,63],[42,120],[-42,84],[-13,63],[-49,61],[-29,52],[-47,40],[-55,24],[-59,4],[-96,-69],[-35,56],[-59,66],[-1,22],[-58,113],[-108,106],[-114,32],[-5,38],[-31,27],[4,34],[-43,53],[-45,32],[-35,3],[-73,38],[-41,43],[-9,37],[-70,36],[-95,73],[-42,-2],[-45,81],[-107,27],[-61,46],[27,47],[-60,0],[-48,75],[-23,11],[-84,124],[-108,119],[-184,172],[-24,39],[-54,51],[-28,9],[-56,58],[-69,42],[-35,35],[-183,119],[-49,24],[-23,31],[-58,25],[-232,147],[-42,44],[-62,12],[-29,34],[-75,22],[-68,46],[-24,-1],[-85,55],[-57,6],[-34,38],[-162,79],[-70,53],[-20,42],[-64,14],[-13,24],[-65,29],[-6,27],[-65,15],[-99,37],[-17,37],[-41,39],[-59,5],[-40,58],[-37,1],[-76,37],[-29,62],[-41,-5],[32,82],[3,46],[27,28],[-17,41],[-89,57],[-109,5],[-63,-57],[-4,-34],[-52,-22],[-89,60],[-20,27],[-71,29],[-31,35],[-108,38],[-19,36],[-49,-8],[-35,48],[35,24],[45,-17],[92,12],[11,31],[10,128],[-38,152],[-6,70],[53,89],[29,27],[61,171],[-2,41],[41,86],[38,34],[16,51],[51,46],[15,37],[1,178],[-17,174],[3,39],[-22,167],[-24,83],[-43,239],[-47,176],[-24,116],[-49,167],[1,41],[-44,149],[-25,41],[-9,55],[-67,186],[-26,103],[-88,216],[-8,36],[-125,248],[-47,130],[-39,65],[-120,252],[-88,10],[-61,33],[-98,72],[7,38],[-40,24],[-63,-6],[-91,20],[-45,29],[-8,53],[-70,-3],[-33,46],[-7,47],[-26,15],[2,45],[-40,59],[-26,15],[-33,60],[-109,127],[-36,28],[-88,42],[-39,9],[-36,37],[-64,28],[-105,22],[-51,-24],[-150,20],[-56,103],[-58,69],[-58,9],[-8,25],[-89,52],[-48,50],[-124,87],[-43,-4],[6,43],[64,-17],[73,-4],[28,12],[44,-31],[59,29],[140,19],[78,69],[152,-29],[-3,-46],[82,-19],[44,7],[25,48],[41,40],[-5,70],[-63,11],[-10,64],[-82,10],[54,58],[40,0],[10,56],[-42,38],[31,44],[-28,72],[-28,2],[-61,114],[-65,82],[-59,48],[-71,21],[-126,-2],[-42,28],[-74,25],[-72,55],[-55,26],[-121,5],[-128,-28],[-156,17],[-32,-10],[-176,94],[-37,12],[-99,72],[-42,22],[-80,73],[-80,32],[-85,-17],[-32,-49],[-105,-104],[-96,-48],[-107,-35],[-66,-42],[19,-66],[54,-53],[79,-104],[59,-39],[-1,-62],[31,-39],[151,-40],[138,-54],[107,-13],[40,24],[44,81],[27,3],[65,-52],[60,-27],[56,23],[43,42],[40,16],[25,37],[0,59],[18,11],[49,-41],[-3,-84],[55,-58],[-122,-51],[-101,52],[-62,-27],[-6,-25],[39,-30],[17,-61],[52,-53],[-7,-40],[74,-81],[73,-29],[126,51],[24,-24],[119,3],[19,-26],[-7,-46],[-39,-31],[-37,31],[-113,25],[-63,-10],[-48,-36],[18,-20],[-16,-52],[-75,-28],[-15,-48],[13,-24],[-33,-60],[-84,103],[-63,63],[-37,12],[-16,49],[-49,30],[-62,88],[-46,2],[-113,84],[-15,95],[-69,-17],[-32,11],[-19,37],[-58,24],[-24,44],[-49,9],[-45,43],[-43,6],[-65,-11],[-44,-25],[-25,26],[-65,1],[-47,39],[-61,-4],[-34,74],[-44,41],[-75,11],[-24,31],[-66,39],[-37,-13],[-84,40],[-137,97],[-47,48],[-68,26],[-61,-1],[-10,28],[-63,3],[-38,24],[-101,16],[-28,14],[-89,-30],[-41,16],[-19,33],[-126,55],[-105,34],[-36,-29],[-53,12],[-106,8],[-110,-30],[-94,2],[-66,-21],[-52,-49],[-11,-39],[-43,-46],[-71,-9],[-89,-45],[-68,-75],[25,-55],[-32,-11],[-64,17],[-124,-26],[-88,-7],[-3,85],[-15,41],[-19,113],[-33,62],[-18,74],[-1,63],[-31,191],[-17,28],[-88,25],[-62,42],[-100,97],[-42,119],[-65,95],[-52,24],[-43,47],[-35,16],[-108,5],[-37,-12],[-57,17],[-98,111],[-88,55],[19,43],[-14,58],[-39,57],[-3,31],[22,49],[48,33],[36,3],[28,28],[-12,65],[-40,70],[-81,52],[-52,0],[-51,-20],[-10,33],[47,21],[4,40],[-15,54],[-46,47],[-90,-6],[-11,-24],[-66,-11],[-51,-42],[14,-54],[44,-12],[47,31],[35,-1],[50,-29],[-8,-23],[-74,-31],[-9,-30],[32,-59],[34,-32],[55,-5],[-16,-42],[-76,-26],[-8,-31],[-77,6],[-70,-41],[10,-61],[-26,-99],[24,-139],[44,-61],[115,-95],[71,-70],[-17,-88],[50,-38],[32,-42],[29,1],[75,-51],[35,-10],[51,34],[81,35],[96,12],[53,-82],[68,0],[-17,-38],[-54,-49],[61,-34],[38,-5],[41,-56],[107,-38],[34,-31],[139,-35],[41,18],[42,-38],[57,-82],[2,-30],[-84,-53],[5,-45],[-81,-36],[6,-82],[-32,-74],[16,-23],[-9,-44],[38,-29],[14,-71],[31,-28],[-27,-39],[-100,-48],[-19,-26],[-59,-25],[-101,-16],[-37,47],[-110,22],[1,92],[-102,63],[-83,10],[-70,41],[-3,33],[-91,32],[-11,46],[-26,24],[-95,46],[-41,-8],[-21,27],[-51,-12],[-25,15],[-45,67],[-59,51],[-37,14],[2,42],[49,46],[-4,58],[40,38],[-32,132],[2,84],[-64,150],[36,29],[3,50],[-15,69],[-30,56],[-85,8],[8,46],[-39,37],[-62,146],[-61,41],[4,36],[-30,37],[36,57],[-26,50],[-33,22],[-5,85],[-64,62],[-19,33],[-105,56],[-92,-11],[-102,30],[-117,43],[-103,-3],[-67,-28],[-8,-25],[-46,-27],[44,-51],[-34,-40],[-64,-13],[-54,36],[-36,-12],[10,-38],[-48,-63],[-22,12],[22,47],[-58,95],[-7,39],[-47,-11],[-39,82],[-41,-5],[-52,61],[-53,23],[-47,86],[-66,51],[30,35],[52,10],[54,-14],[85,24],[60,39],[25,-9],[78,33],[58,-25],[122,-17],[74,-31],[51,-10],[44,28],[96,87],[41,88],[25,157],[-6,145],[-45,171],[-47,96],[-109,163],[-148,151],[-56,33],[-177,63],[-67,5],[-144,-35],[-33,-21],[-36,-54],[-5,-33],[23,-43],[53,-21],[-34,-41],[-60,0],[-41,31],[-23,65],[-87,25],[-16,25],[44,24],[-6,60],[-131,147],[-93,28],[-77,1],[-128,-81],[4,-33],[-48,-21],[-29,-47],[-98,15],[-41,-17],[-28,49],[39,42],[-114,34],[-21,53],[-79,14],[-68,50],[81,1],[40,-20],[77,44],[13,74],[26,10],[16,54],[-53,110],[-51,9],[-3,32],[78,17],[154,64],[65,-23],[73,49],[-15,96],[166,-20],[73,16],[34,23],[90,102],[85,29],[21,63],[23,115],[28,7],[15,134],[-58,165],[9,26],[-108,253],[-89,171],[-51,75],[-106,139],[-68,71],[-70,85],[-90,80],[-63,39],[-43,9],[-31,28],[-100,59],[-34,50],[-6,62],[-64,36],[-67,80],[52,43],[-14,17],[108,51],[94,22],[30,35],[127,-28],[44,-35],[38,-2],[18,-38],[127,-49],[93,4],[75,16],[19,-31],[116,25],[202,7],[87,-20],[94,-3],[76,11],[100,32],[85,-7],[83,-53],[98,-20],[127,-14],[46,2],[25,-34],[60,-36],[-144,21],[-84,24],[-109,5],[-86,28],[16,-40],[-45,-10],[-80,9],[-15,28],[-65,10],[-32,-22],[-103,10],[-6,-24],[49,-43],[27,-43],[56,-37],[169,-39],[70,-40],[93,12],[10,-65],[41,-23],[75,-5],[17,-19],[-56,-27],[-2,-47],[-25,-63],[-54,-50],[-11,-66],[20,-52],[41,-48],[4,-49],[-15,-43],[1,-76],[50,-62],[96,-18],[55,22],[51,0],[131,70],[18,52],[103,64],[21,48],[-1,84],[-26,59],[14,51],[37,5],[68,33],[27,54],[-13,77],[29,36],[73,27],[120,81],[94,109],[104,196],[5,62],[53,45],[39,-12],[25,22],[11,67],[71,8],[31,57],[9,63],[-27,57],[-53,-18],[-9,34],[15,74],[35,19],[51,52],[27,59],[13,100],[-15,33],[-47,48],[-92,24],[-50,97],[11,72],[-22,80],[13,11],[-3,173],[-14,150],[-46,187],[-32,99],[-75,174],[-108,177],[-107,127],[-107,94],[-67,76],[-47,32],[-59,61],[-87,73],[-76,134],[-40,45],[-85,42],[-83,88],[-42,62],[-23,12],[-116,119],[-60,49],[-174,102],[-94,71],[-56,-1],[-111,64],[-57,17],[-138,69],[-116,30],[-114,19],[-196,-45],[-64,0],[8,54],[-42,4],[-64,-49],[-72,-8],[-28,-27],[-30,-78],[64,-8],[-4,-61],[-33,-6],[-72,18],[-64,33],[-225,79],[-95,19],[-107,5],[-90,-19],[-52,-56],[-96,-20],[-144,-78],[-79,-35],[-50,-58],[-108,-63],[-47,-62],[27,-67],[-8,-24],[37,-62],[-66,-50],[-205,30],[-92,40],[-56,35],[-117,30],[-139,15],[-133,-22],[-116,8],[-73,-13],[-72,-58],[-51,-68],[-55,-49],[-29,-55],[31,-52],[-101,-41],[-50,-41],[-32,-60],[-6,-91],[26,-23],[-57,-58],[-59,42],[-69,12],[-57,53],[-77,-12],[-57,-43],[-42,48],[-39,20],[-70,-24],[-42,-108],[-48,4],[-5,79],[31,45],[41,1],[35,43],[1,147],[-36,56],[-12,54],[-76,16],[12,57],[40,32],[17,46],[-25,57],[52,34],[78,23],[25,75],[-114,188],[12,13],[-53,73],[26,20],[31,86],[-17,34],[46,80],[36,41],[36,68],[-1,96],[25,14],[41,101],[9,95],[-5,70],[-20,84],[29,44],[59,-4],[64,-27],[140,31],[38,-54],[-32,-22],[11,-37],[-18,-37],[31,-47],[34,-5],[3,48],[72,-6],[5,-39],[-27,-26],[-43,-6],[-13,-46],[-31,0],[-42,-47],[81,-50],[5,-28],[90,13],[23,49],[30,-35],[52,25],[62,-31],[75,-13],[21,24],[48,-3],[16,34],[91,19],[29,35],[37,-10],[51,41],[11,66],[71,11],[28,46],[-2,41],[41,78],[4,95],[-62,119],[-82,31],[-88,-23],[-30,31],[24,70],[-11,70],[-34,90],[-64,30],[-39,38],[-23,71],[-45,39],[-18,48],[-63,81],[-14,73],[-50,74],[-12,40],[-58,73],[-160,99],[-77,16],[-48,58],[-29,116],[-30,75],[-61,95],[-54,50],[-103,9],[-60,116],[-45,52],[-84,69],[-15,35],[-69,37],[-50,9],[-57,-7],[-70,41],[-8,46],[-94,8],[37,40],[81,18],[-19,65],[-67,55],[-85,27],[-71,-8],[-26,-19],[-4,-56],[-26,-30],[49,-30],[-105,-33],[9,-25],[-54,-74],[-36,-14],[-109,6],[-51,-8],[-83,-45],[-34,-77],[-37,-8],[-58,35],[-11,34],[-36,25],[18,99],[-39,52],[-53,49],[-27,77],[1,37],[61,38],[29,61],[-17,76],[-23,38],[7,74],[-28,50],[-60,37],[-107,29],[-96,-75],[-6,58],[-56,55],[-243,48],[-166,-22],[-40,-27],[-74,6],[-84,-14],[-25,-19],[-89,-23],[-11,39],[10,44],[54,42],[10,105],[25,14],[33,78],[-15,31],[-1,61],[28,58],[29,9],[45,55],[-16,69],[-55,59],[-69,50],[-124,66],[-66,1],[-76,-31],[-30,-32],[-121,-35],[-66,-27],[-57,45],[-9,59],[64,38],[105,-25],[66,34],[86,26],[47,47],[22,68],[-1,57],[-25,58],[26,62],[6,57],[-11,57],[-77,47],[-74,-24],[-87,46],[-33,45],[-101,35],[-40,-6],[-31,-29],[-50,-15],[-44,6],[21,51],[-67,21],[-29,42],[-66,-19],[-58,62],[-97,29],[-112,7],[-113,-36],[-83,-76],[-54,-32],[-30,-47],[-24,-70],[34,-40],[-87,-88],[-18,-40],[7,-52],[40,-40],[38,-17],[-25,-53],[9,-32],[61,-67],[20,-54],[-63,-24],[-26,-47],[-66,-29],[-66,-76],[-85,-20],[-69,-33],[-29,-135],[-99,7],[-49,20],[-56,1],[-36,17],[-118,113],[-59,28],[-5,52],[31,47],[11,65],[-72,37],[-6,54],[-23,26],[-76,-45],[-32,1],[-30,-74],[25,-35],[62,54],[42,-79],[-79,-81],[-91,-15],[-94,54],[-36,60],[27,21],[58,81],[33,75],[-19,44],[-75,16],[-47,-11],[-49,25],[-61,2],[30,75],[-30,33],[-46,6],[2,39],[72,9],[50,27],[-62,17],[-41,33],[30,49],[-82,13],[-42,34],[-97,12],[-25,-28],[-74,-11],[-100,-95],[-27,-42],[-23,-78],[2,-79],[36,-128],[-70,-7],[-28,50],[-21,71],[-43,23],[-70,-24],[-32,-45],[-65,-23],[-27,36],[-74,13],[-85,-45],[-39,-59],[-159,-26],[-45,-53],[2,-45],[-20,-41],[45,-17],[-12,-61],[23,-29],[-46,-27],[20,-28],[53,-25],[-16,-27],[24,-47],[56,-2],[107,-30],[8,-30],[-29,-28],[36,-35],[49,45],[114,32],[48,-82],[95,30],[11,64],[24,9],[89,-22],[93,35],[59,-35],[89,6],[0,-24],[88,-22],[32,-21],[12,-51],[28,-10],[33,-50],[92,-59],[9,-53],[71,-16],[-6,-59],[-73,8],[-3,43],[-52,22],[-34,31],[-111,55],[-119,49],[-208,74],[-105,4],[-89,-31],[-80,-53],[-16,-27],[25,-38],[-6,-73],[-32,-35],[-31,-6],[-45,37],[-63,12],[-44,-10],[-19,-41],[-33,-18],[-27,31],[-117,32],[-40,-24],[-23,-39],[-64,36],[-9,41],[-177,68],[-86,18],[-100,32],[-169,33],[-49,23],[-77,6],[-51,-27],[-70,8],[-36,24],[-58,-21],[-65,-4],[-283,11],[-101,-10],[-96,-24],[-55,-51],[16,-97],[-91,-47],[-19,-62],[-88,-19],[-35,-23],[9,-52],[-70,-5],[-8,75],[-79,13],[-79,73],[-61,32],[-57,56],[-182,72],[-100,15],[-200,105],[-116,42],[-105,26],[-93,15],[-98,7],[-82,-3],[-113,-33],[-45,-26],[-51,-111],[6,-42],[31,-17],[68,-8],[-65,-102],[-38,-17],[-59,1],[-40,-34],[-27,-51],[-53,-44],[-37,-4],[15,58],[39,14],[31,71],[-63,79],[40,57],[37,-11],[36,25],[41,74],[-52,115],[-76,88],[-211,209],[-89,68],[-109,99],[-150,105],[-136,78],[-92,67],[-132,84],[-89,62],[-163,57],[-127,31],[-122,80],[-172,89],[-41,17],[-58,2],[-12,-44],[-75,-14],[-47,-51],[-36,-17],[-35,-41],[36,-27],[3,-39],[-64,-33],[-92,-17],[17,62],[29,32],[-61,90],[53,34],[-6,88],[-50,71],[-47,49],[-140,95],[-191,115],[-27,28],[-52,-7],[-116,4],[-17,26],[-112,57],[-26,47],[-75,53],[-190,61],[-27,47],[-133,85],[-35,41],[-73,38],[-97,74],[-69,34],[-5,26],[-108,62],[-39,39],[-51,-11],[-99,111],[-347,192],[-140,63],[-136,68],[-295,124],[-200,63],[-33,15],[-218,57],[-109,-13],[-20,-62],[-61,9],[-126,-9],[-56,10],[-31,-24],[-75,29],[-53,-21],[-13,27],[-55,10],[-52,-22],[-33,36],[-95,9],[-50,-58],[-33,7],[-42,-39],[-44,23],[-98,-16],[-36,16],[-40,-17],[-28,21],[-8,47],[-32,49],[-45,-16],[-21,23],[-64,28],[-20,-12],[-190,63],[-280,54],[-182,40],[-300,18],[-253,2],[-297,-28],[-233,-39],[-131,-31],[-113,-16],[-233,-64],[-137,-72],[-169,-114],[-69,-64],[-45,-66],[-78,-155],[-44,-139],[6,-91],[52,-87],[31,-18],[38,28],[121,-48],[60,0],[35,-80],[60,-47],[69,-37],[33,-48],[-23,-47],[-62,-9],[-14,32],[-130,80],[-52,-25],[-63,15],[-12,38],[-102,74],[-36,40],[-68,4],[-13,35],[-147,107],[-73,13],[-239,-21],[-65,-24],[-62,-54],[-20,-63],[16,-42],[-51,-17],[-29,74],[-45,-22],[-62,6],[-38,-12],[-233,8],[-134,-38],[-25,-18],[-15,-50],[10,-38],[-75,-83],[-101,20],[-115,0],[-64,10],[-26,-18],[-76,27],[-33,-11],[-71,17],[-125,10],[-19,28],[-51,2],[-51,-23],[-30,6],[-88,-52],[-4,-60],[-53,11],[-26,-15],[-52,7],[-83,35],[-176,20],[-78,-2],[-63,27],[-150,19],[-66,-26],[-66,13],[-11,19],[-74,-9],[-41,-32],[-63,57],[-93,22],[-64,40],[-102,-2],[-57,89],[-57,53],[-9,24],[-137,54],[-65,-23],[-57,49],[5,23],[-38,63],[-53,38],[-52,61],[-86,64],[8,56],[-36,15],[-58,90],[-100,88],[-16,28],[22,47],[-42,52],[-134,129],[-191,108],[-123,84],[-41,57],[-59,60],[-122,60],[-69,51],[-82,48],[-147,72],[-131,86],[-188,87],[-35,29],[-122,73],[-62,23],[-100,66],[-103,83],[-72,37],[-102,89],[-53,32],[-109,89],[-178,115],[-118,66],[-58,22],[-141,92],[-65,53],[-120,74],[-107,53],[-171,94],[-52,17],[-197,108],[-60,25],[-39,35],[-82,35],[-57,93],[-70,38],[-128,109],[-58,30],[-48,40],[-221,142],[-72,36],[-57,49],[-107,46],[-111,66],[-84,30],[-114,83],[-133,62],[-39,33],[-121,51],[-222,112],[-91,60],[-93,33],[-228,125],[-96,38],[-155,86],[-77,27],[-125,66],[-80,28],[-134,70],[-213,95],[-56,38],[-64,18],[-150,78],[-223,91],[-231,120],[-43,13],[-108,57],[-65,21],[-128,56],[-200,98],[-180,68],[-96,53],[-268,116],[-100,32],[-158,72],[-133,43],[-101,44],[-100,33],[-125,57],[-47,34],[-91,21],[-80,45],[-91,37],[-49,-2],[-23,27],[-38,-6],[-51,40],[-105,20],[-25,24],[-107,35],[-47,-8],[-43,23],[-2,35],[-61,17],[-63,38],[-55,-6],[-99,63],[-76,18],[-47,22],[-49,5],[-56,39],[-93,24],[-82,43],[-147,53],[-66,46],[-61,10],[-37,25],[-236,83],[-53,34],[-62,16],[-97,46],[-47,0],[-119,63],[-187,68],[-82,37],[-175,42],[-49,35],[-55,12],[-205,82],[-71,12],[-34,20],[-113,30],[-68,31],[-84,12],[-121,37],[-206,45],[-98,15],[-142,0],[-54,-16],[-58,7],[-47,-25],[-83,-76],[-65,-48],[-68,-10],[-109,-70],[-65,-30],[-97,-28],[-42,-35],[-60,-24],[-73,-67],[-64,-73],[-79,-54],[-13,-57],[-42,-98],[-51,-50],[-113,-64],[-42,-8],[-40,-34],[-125,-52],[-95,-51],[-140,-46],[-58,-12],[-50,-28],[-114,-27],[-163,-56],[-51,-35],[-77,-16],[-56,-25],[-123,-33],[-88,-17],[-235,-88],[-56,-29],[-81,-10],[-69,-25],[-61,-8],[-111,-30],[-116,-25],[-70,-33],[-51,-6],[-111,-53],[-130,-39],[-197,-77],[-91,-26],[-100,-39],[-130,-30],[-149,-18],[-44,-15],[-141,-16],[-68,-23],[-79,-3],[-118,-15],[-47,5],[-121,-13],[-60,8],[-75,-6],[-102,17],[-352,1],[-58,15],[-92,0],[-133,14],[-76,15],[-58,-9],[-129,19],[-163,17],[-114,-1],[-110,13],[-128,23],[-51,-1],[-98,15],[-51,21],[-197,25],[-63,17],[-90,5],[-187,38],[-231,19],[-109,0],[-78,20],[-72,-11],[-98,11],[-202,-22],[-69,-36],[-126,-29],[-202,-1],[-284,-8],[-114,11],[-85,19],[-42,-2],[-182,30],[-69,25],[-217,13],[-83,24],[-109,4],[-38,-10],[-153,-7],[-49,15],[-174,-2],[-68,7],[-105,-17],[-207,9],[-219,4],[-123,33],[-107,-3],[-48,22],[-138,-4],[-83,13],[-38,16],[-100,6],[-116,27],[-102,-5],[-76,25],[-119,3],[-30,-7],[-93,5],[-126,-3],[-49,-19],[-52,-2],[-109,-33],[-126,-24],[-82,-1],[-133,22],[-86,-7],[-104,4],[-98,17],[-159,-6],[-16,12],[-102,-17],[-79,19],[-147,-11],[-35,-20],[-91,-22],[-44,10],[-104,-65],[-74,-21],[-112,3],[-140,-5],[-155,10],[-124,-17],[-37,5],[-124,-10],[-237,-6],[-84,7],[-67,-5],[-96,13],[-158,11],[-126,-3],[-195,-20],[-103,-5],[-82,-17],[-156,-22],[-228,11],[-102,16],[-96,5],[-158,-18],[-110,-4],[-121,-19],[-69,-4],[-71,-28],[-169,-18],[-96,-30],[-77,-43],[-91,-37],[-122,-17],[-74,-17],[-110,-14],[-135,-8],[-253,1],[-40,8],[-84,-7],[-102,4],[-198,-7],[-32,12],[-129,-6],[-130,-32],[-63,-9],[-65,5],[-33,-14],[-153,-8],[-79,-16],[-103,-8],[-68,8],[-139,-11],[-67,9],[-117,-26],[-126,-2],[-42,-10],[-192,4],[-121,9],[-142,-11],[-158,11],[-140,-9],[-117,0],[-209,-28],[-130,-2],[-173,-17],[-128,0],[-132,-22],[-144,4],[-84,-12],[-168,-4],[-118,-26],[-77,-4],[-33,-18],[-90,0],[-71,-25],[-176,-13],[-154,-31],[-144,-2],[-121,-28],[-91,-9],[-190,-34],[-173,-4],[-165,-12],[-174,-18],[-52,-14],[-70,-2],[-102,10],[-97,0],[-80,-19],[-99,-9],[-131,-30],[-118,-18],[-158,6],[-115,-29],[-135,-5],[-120,-16],[-45,2],[-76,-32],[-114,-6],[-120,4],[-249,-26],[-97,-2],[-79,-25],[-84,1],[-197,-22],[-147,0],[-76,-14],[-94,1],[-111,-23],[-153,-23],[-165,-18],[-109,-30],[-93,-5],[-104,-21],[-216,-4],[-162,-16],[-140,4],[-139,-24],[-151,-1],[-76,-23],[-309,-30],[-120,-17],[-119,-37],[-39,0],[-164,-70],[-204,-32]],[[268963,144408],[-19,17],[11,43],[40,7],[-32,-67]],[[270462,149449],[11,68],[34,-7],[-19,-46],[-26,-15]],[[280074,143442],[5,37],[49,-6],[-24,-42],[-30,11]],[[284274,138756],[0,38],[40,4],[6,-48],[-46,6]],[[341639,105892],[9,-34],[-30,-25],[-32,24],[53,35]],[[284049,127083],[-30,71],[23,10],[34,-49],[-27,-32]],[[306951,118938],[-18,-54],[-47,15],[31,41],[34,-2]],[[288656,130499],[-29,45],[38,15],[27,-45],[-36,-15]],[[308162,110839],[60,25],[18,-39],[-78,14]],[[305430,114583],[-16,17],[29,59],[28,-12],[-10,-72],[-31,8]],[[277335,148107],[152,38],[24,-15],[-166,-37],[-10,14]],[[294231,116598],[25,47],[52,-7],[5,-27],[-38,-21],[-44,8]],[[307484,114020],[46,34],[11,-64],[-45,-22],[-12,52]],[[270533,146203],[-2,35],[44,13],[34,-21],[-44,-63],[-32,36]],[[310880,120425],[-31,35],[36,13],[67,-26],[-14,-39],[-58,17]],[[298158,117645],[50,58],[88,-10],[-63,-31],[-75,-17]],[[310477,119035],[-24,40],[29,12],[70,-10],[-24,-32],[-51,-10]],[[294223,116791],[30,-21],[-5,-55],[-53,18],[28,58]],[[271391,146654],[22,59],[54,-25],[-41,-38],[-35,4]],[[318247,110981],[-24,-20],[-69,26],[-4,45],[53,-7],[44,-44]],[[305414,114533],[38,37],[21,-29],[-68,-86],[-27,56],[36,22]],[[342138,106414],[-60,22],[18,36],[53,3],[48,-34],[-59,-27]],[[294445,116998],[-21,-48],[-93,-13],[85,79],[29,-18]],[[290651,132065],[-73,17],[12,37],[89,-19],[-28,-35]],[[271650,146428],[-44,115],[82,10],[-23,-49],[26,-22],[-41,-54]],[[309921,119627],[11,46],[66,17],[16,-44],[-32,-33],[-61,14]],[[270300,149358],[4,-47],[-51,-17],[-22,43],[45,63],[24,-42]],[[309579,118357],[-55,39],[1,47],[50,28],[1,-55],[29,-19],[-26,-40]],[[332141,135476],[-20,-51],[44,-52],[-12,-31],[-52,32],[-13,56],[10,37],[43,9]],[[297608,117579],[35,71],[58,4],[6,-42],[-62,-46],[-37,13]],[[310977,119246],[-24,22],[49,24],[43,-31],[100,-6],[8,-24],[-74,-20],[-102,35]],[[310484,119951],[-15,64],[64,41],[71,-60],[-36,-31],[-84,-14]],[[305391,116665],[-7,21],[44,27],[21,55],[47,27],[29,-20],[-3,-37],[-76,-63],[-55,-10]],[[308666,109391],[-9,49],[48,7],[61,-17],[45,-65],[-106,4],[-39,22]],[[308630,109593],[21,53],[54,22],[11,-54],[-16,-31],[-46,-21],[12,-53],[-44,-4],[-31,48],[39,40]],[[295934,117317],[-10,-32],[-46,-19],[-52,12],[60,64],[-2,26],[66,11],[46,28],[-9,40],[66,-15],[-109,-89],[-10,-26]],[[310854,117939],[-68,28],[-35,-4],[11,-49],[-40,0],[-54,42],[-4,51],[19,41],[42,-32],[51,1],[78,-78]],[[278297,148171],[-63,24],[-52,-18],[-35,13],[-61,50],[63,24],[60,8],[54,-11],[54,-40],[-33,-15],[13,-35]],[[313311,112245],[84,42],[60,-15],[44,-59],[-82,-27],[-64,17],[-42,42]],[[283734,126689],[25,80],[-36,12],[-14,59],[50,13],[29,-34],[48,-26],[-33,-32],[46,-35],[-115,-37]],[[307541,114956],[14,57],[52,12],[32,-31],[-75,-133],[-53,14],[-18,50],[48,31]],[[271008,145300],[58,-70],[-77,-39],[-37,-5],[-51,22],[-12,49],[28,29],[67,29],[24,-15]],[[318561,108917],[-10,24],[-50,21],[5,30],[49,33],[43,2],[7,-36],[66,-12],[-4,-36],[-75,-41],[-1,-28],[-56,-1],[26,44]],[[311227,119076],[27,63],[60,6],[102,-5],[48,-32],[-25,-45],[-62,-15],[-90,38],[-60,-10]],[[284187,144059],[-3,-28],[52,-33],[-80,-30],[-182,44],[43,49],[50,6],[50,-23],[70,15]],[[272111,147686],[-5,45],[103,-6],[43,17],[28,-45],[-46,-18],[-26,-73],[-120,-1],[-11,49],[34,32]],[[273536,147899],[37,98],[-19,27],[109,30],[25,-25],[-31,-43],[7,-84],[-37,-46],[-62,17],[-29,26]],[[340781,116254],[-51,10],[51,38],[35,51],[87,26],[33,-49],[48,-20],[-49,-55],[-45,-14],[-109,13]],[[302048,113875],[-7,48],[10,69],[-12,60],[89,8],[31,-35],[-34,-152],[-18,-31],[-63,-15],[4,48]],[[307824,114171],[-16,41],[121,137],[74,-6],[27,-18],[31,-55],[-46,-27],[-14,-37],[-73,3],[-104,-38]],[[289391,137027],[-13,46],[31,33],[60,5],[6,31],[-33,55],[93,-19],[47,-84],[-69,-90],[-73,-1],[-49,24]],[[270935,145456],[-63,33],[7,40],[57,-1],[38,-25],[40,4],[0,50],[-45,10],[-8,25],[22,46],[38,9],[9,-39],[48,-25],[41,20],[63,6],[-53,-86],[-61,-20],[13,-28],[-50,-21],[-96,2]],[[306807,113465],[50,47],[29,-38],[-3,-63],[22,-57],[-73,-20],[-46,-28],[-35,43],[-50,25],[4,43],[-31,75],[24,21],[37,-27],[37,-52],[35,31]],[[307870,110728],[35,79],[40,18],[9,51],[45,20],[47,-7],[49,-64],[-56,-17],[50,-48],[8,-53],[-67,-22],[-58,19],[-41,-8],[-61,32]],[[306492,119104],[-2,60],[26,46],[-14,36],[-88,84],[11,34],[-10,50],[89,7],[38,-23],[44,-75],[-21,-34],[2,-44],[37,-24],[-25,-33],[11,-32],[-61,-67],[-37,15]],[[276115,147121],[8,54],[30,12],[87,7],[64,-80],[-15,-27],[-100,-45],[-54,-14],[-51,-31],[-81,-73],[-42,5],[7,55],[38,41],[6,46],[77,11],[26,39]],[[284092,127262],[-65,87],[-42,39],[58,21],[20,33],[-57,40],[-40,81],[37,59],[48,10],[16,-62],[94,16],[38,-47],[-16,-30],[9,-45],[-106,-46],[-54,-54],[16,-27],[91,-42],[22,-38],[-69,5]],[[275811,146948],[63,44],[47,-18],[-19,-53],[-69,-70],[-58,2],[-55,-33],[-63,14],[-40,32],[-86,37],[23,59],[85,27],[34,-7],[71,-40],[67,6]],[[307141,115368],[2,85],[98,97],[55,-19],[28,-124],[-22,-43],[22,-44],[-21,-93],[-29,-19],[-44,19],[-34,73],[-40,31],[-15,37]],[[273891,148732],[5,54],[30,68],[40,25],[49,9],[15,27],[103,20],[37,-37],[63,12],[37,-24],[-18,-38],[-95,-72],[-207,-80],[-70,10],[11,26]],[[291279,131929],[-26,-43],[-40,17],[-19,34],[-60,28],[-64,9],[-45,42],[-44,16],[-87,-18],[-43,32],[-3,45],[65,8],[30,29],[53,-24],[44,17],[65,-7],[34,-20],[98,-13],[41,39],[36,7],[17,-41],[-55,-48],[-26,-90],[29,-19]],[[310933,119999],[-23,-22],[4,-39],[-40,-32],[-36,-68],[8,-50],[61,-13],[27,-82],[-26,-18],[-103,-18],[-59,38],[-12,75],[67,39],[15,29],[-12,120],[28,55],[-20,47],[34,76],[8,112],[55,10],[46,-55],[68,13],[38,54],[82,8],[55,-41],[-33,-28],[-86,21],[-64,-30],[-57,-48],[-59,-83],[-2,-49],[36,-21]],[[311622,118335],[95,8],[57,-25],[53,-8],[36,-31],[-21,-51],[54,-35],[0,-39],[-78,-1],[-28,-54],[-48,-16],[-30,-65],[47,-51],[-10,-46],[-33,5],[-32,36],[-1,82],[-73,34],[-41,63],[-53,45],[23,92],[60,61],[23,-4]],[[277775,148118],[-80,62],[91,52],[35,6],[112,-5],[116,-17],[-20,-32],[-51,-2],[-6,-26],[39,-28],[48,-5],[83,8],[-5,-38],[48,-9],[18,-33],[84,-39],[29,17],[34,-61],[72,-37],[53,-41],[67,7],[54,-59],[-4,-34],[-97,37],[-47,43],[-71,33],[-98,22],[-164,13],[-93,63],[-66,57],[-74,33],[-107,13]],[[271010,146033],[39,65],[-21,19],[-106,-25],[-11,41],[52,9],[19,32],[-47,82],[-65,48],[-75,5],[-23,29],[39,54],[141,10],[73,58],[-9,-91],[39,-35],[73,-30],[88,-3],[93,68],[26,-21],[-32,-41],[42,-11],[0,-80],[-15,-30],[-60,-42],[-41,-50],[36,-32],[-38,-26],[-95,-7],[-48,-13],[-19,-28],[-56,14],[1,31]],[[340697,116797],[-12,37],[-105,108],[62,17],[44,-38],[86,-133],[13,-39],[117,-143],[46,-41],[25,-41],[43,-104],[-2,-39],[-47,12],[-82,2],[-94,-22],[-75,-93],[-73,53],[-24,70],[1,62],[16,45],[15,129],[38,86],[8,72]],[[306116,117497],[-30,18],[0,55],[17,16],[10,77],[-13,28],[-59,37],[-81,21],[48,80],[-16,63],[-9,94],[23,40],[35,4],[3,-61],[59,-56],[72,28],[46,4],[17,-56],[78,-29],[14,-59],[42,-30],[-51,-59],[2,-78],[21,-32],[-15,-44],[25,-36],[59,5],[26,-28],[-2,-37],[21,-53],[45,-31],[-56,-26],[-45,24],[-35,49],[-62,17],[-85,-87],[-14,36],[-52,28],[8,46],[-46,32]],[[313132,111883],[36,24],[-7,85],[24,37],[63,-32],[31,-64],[73,-50],[44,-42],[125,-52],[186,-103],[-24,-28],[29,-29],[-25,-49],[-12,-71],[-78,-7],[-21,35],[-71,59],[-82,15],[-20,41],[-102,28],[-39,-38],[-106,-8],[-111,73],[-36,53],[14,55],[-6,52],[77,-4],[38,20]],[[325072,120532],[21,38],[44,3],[12,34],[35,14],[22,68],[38,23],[8,59],[25,21],[42,-29],[109,-54],[19,-53],[-37,-133],[43,-39],[-9,-75],[58,-71],[-85,-58],[-36,-58],[-40,-176],[-37,-42],[15,-63],[-37,-31],[-79,11],[-62,-37],[-76,59],[-81,16],[15,37],[-17,41],[8,82],[-2,85],[-33,20],[6,51],[-33,40],[41,158],[37,-12],[66,71]],[[274456,148976],[-11,203],[-38,13],[13,42],[125,61],[-11,70],[-25,25],[30,28],[66,-16],[40,31],[85,-54],[48,11],[126,142],[35,17],[63,-8],[-43,-60],[2,-32],[-91,-79],[37,-18],[63,12],[74,49],[40,13],[80,49],[142,102],[42,42],[50,27],[111,90],[81,-17],[135,44],[55,11],[149,54],[158,17],[89,-20],[-141,-42],[-197,-33],[-13,-17],[-154,-49],[-4,-20],[-180,-80],[-104,-76],[-51,-79],[15,-39],[46,-58],[55,-45],[79,10],[-121,-75],[-66,-70],[-49,-171],[6,-51],[-57,-38],[-52,-51],[-30,39],[-46,12],[-44,-27],[-138,-5],[-14,-56],[20,-31],[-67,-29],[-59,-47],[-55,38],[-51,-12],[-31,33],[-10,50],[-39,33],[-53,13],[-52,-4],[16,47],[-79,81]],[[286513,129879],[2,56],[72,71],[25,52],[-14,58],[-40,46],[0,32],[41,12],[38,-14],[71,42],[34,49],[5,59],[-38,54],[44,119],[-34,136],[65,47],[8,59],[-38,39],[43,47],[25,-3],[36,-47],[90,4],[107,42],[71,70],[59,-20],[34,22],[116,21],[120,68],[84,6],[18,-96],[24,-27],[7,-68],[56,-88],[-13,-47],[41,-126],[19,-19],[107,-62],[-1,-70],[-76,27],[-38,45],[-90,-10],[-11,-47],[-58,39],[-46,-25],[-31,10],[-39,44],[-101,-81],[-44,16],[-43,-38],[0,-39],[41,-36],[-59,-48],[-35,-52],[-82,-58],[8,-27],[-84,-26],[-26,-36],[-83,-47],[-23,-29],[-82,-44],[-60,-66],[-48,-38],[-34,8],[-82,-47],[-44,-35],[-64,20],[50,96]],[[309081,113806],[-48,26],[-68,69],[-112,69],[-94,34],[-104,67],[-55,50],[4,66],[-91,35],[-92,4],[-57,-25],[-41,-2],[-74,28],[14,91],[55,48],[-139,51],[51,63],[3,24],[78,45],[134,30],[70,94],[67,-20],[92,-147],[20,-19],[55,-6],[28,-33],[78,-34],[-5,-49],[22,-78],[59,-103],[16,-11],[67,-104],[38,-24],[19,-40],[109,-96],[54,-33],[68,-5],[38,-45],[39,-3],[14,-49],[82,-55],[78,-24],[52,0],[49,42],[10,-95],[41,-25],[14,-34],[-48,-49],[-16,-50],[20,-20],[2,-56],[29,-90],[-17,-55],[4,-46],[38,-80],[51,-30],[55,16],[15,-25],[-26,-34],[5,-104],[-64,-11],[-38,71],[-40,36],[-39,57],[-44,-11],[-20,-34],[-74,19],[2,-61],[-28,-33],[-51,36],[-69,-1],[-79,77],[-1,22],[-63,38],[-36,48],[-3,64],[-29,-1],[-10,54],[19,18],[-44,67],[-35,32],[9,25],[62,-6],[94,56],[-27,46],[18,39],[-38,36],[24,47],[-53,63],[-81,27],[-12,26]],[[327938,106340],[103,40],[68,-15],[72,27],[49,0],[84,58],[45,-17],[36,-66],[59,-16],[86,15],[100,56],[12,25],[77,38],[84,-39],[57,-2],[11,-43],[-35,-39],[-20,-72],[8,-115],[-12,-94],[-40,-57],[-47,55],[-60,35],[-85,5],[-62,-15],[-128,-60],[-19,-22],[-109,-62],[-135,-118],[-34,-15],[-83,-88],[-19,-55],[30,-78],[-8,-48],[55,-54],[54,-3],[-3,-33],[72,-38],[91,-10],[69,9],[234,63],[49,20],[44,-7],[28,-26],[111,-28],[27,-15],[88,4],[30,17],[25,-191],[-109,-73],[-48,2],[-47,-32],[-84,-29],[-65,-62],[-60,-37],[-84,-78],[-33,-93],[18,-30],[-16,-58],[-167,-108],[1,-28],[-52,-27],[-41,-47],[-51,15],[-24,-80],[58,-34],[-74,-61],[13,-63],[45,-50],[58,-35],[136,-38],[86,-7],[110,12],[94,0],[121,43],[131,-20],[172,-42],[245,-41],[163,-4],[220,2],[42,11],[78,-2],[151,31],[79,30],[122,-18],[56,24],[169,42],[258,100],[156,-12],[52,-44],[-5,-36],[29,-65],[88,-41],[7,-94],[71,-31],[45,-50],[19,-85],[-36,-36],[-139,-55],[-119,-118],[-37,-12],[-90,-81],[23,-68],[-63,-28],[-42,8],[-87,-29],[-15,-33],[-108,-62],[-46,-38],[-28,-66],[-1,-106],[25,-64],[2,-60],[44,6],[26,-26],[-29,-120],[30,-68],[38,-48],[33,-7],[67,33],[4,25],[-80,29],[-27,31],[25,29],[50,-11],[116,57],[5,48],[52,27],[93,-72],[4,-22],[100,-30],[96,-17],[33,27],[123,72],[8,52],[82,-37],[-19,113],[-49,38],[-54,4],[-77,38],[-50,-4],[-53,-22],[-70,12],[-32,-8],[-98,42],[-11,-50],[-57,-21],[-70,46],[-37,93],[4,68],[67,-1],[38,13],[35,-14],[56,20],[22,37],[-17,98],[27,27],[107,-68],[172,-81],[93,-23],[197,-34],[98,-4],[54,30],[111,12],[131,30],[79,58],[18,51],[47,32],[42,57],[6,42],[72,23],[126,119],[87,45],[56,50],[-10,52],[6,117],[36,33],[-14,82],[1,109],[16,40],[49,20],[27,49],[88,38],[112,-38],[98,6],[62,-6],[81,19],[22,26],[74,1],[8,-37],[29,-22],[83,-12],[95,0],[107,27],[109,-3],[115,-25],[79,-30],[40,-4],[36,-28],[83,14],[76,-11],[21,-30],[104,-26],[8,-24],[52,-9],[29,-32],[105,-20],[53,-51],[67,4],[99,-27],[12,-48],[89,-30],[74,-41],[37,-42],[31,-8],[47,-52],[11,-44],[-13,-67],[5,-61],[-15,-96],[71,-138],[63,-64],[93,-54],[58,-46],[84,-35],[62,-5],[61,-31],[119,-8],[44,6],[70,29],[24,46],[41,-9],[-15,-70],[-30,-65],[-50,-70],[34,-80],[26,-20],[-5,-87],[34,0],[37,-62],[80,-23],[-4,-37],[-68,-44],[-45,-16],[-18,39],[-79,-25],[-15,-24],[-86,7],[-81,-66],[-192,-116],[-116,-97],[-91,-95],[-92,-52],[-39,2],[-40,-56],[-38,-29],[-25,-81],[-33,-30],[-71,-28],[-20,-31],[-96,-48],[-40,20],[-206,-1],[-99,32],[-60,32],[-49,54],[-166,74],[-84,25],[-77,6],[-63,-9],[-34,25],[12,38],[-42,32],[-128,49],[-48,28],[-115,42],[-83,19],[-86,46],[-84,3],[-168,34],[-82,9],[-39,21],[-128,-40],[-120,-61],[-92,0],[-23,-39],[-65,9],[-56,-9],[-32,56],[-40,39],[-261,71],[-184,25],[-71,1],[-145,37],[-193,19],[-52,-21],[-79,24],[-22,-25],[-317,24],[-121,-14],[-55,15],[-34,-31],[-43,20],[-90,-7],[-67,-22],[-39,-40],[1,-31],[33,-19],[-23,-52],[-46,-9],[-25,-31],[-16,-72],[-41,-38],[-82,11],[-246,-12],[-231,-32],[-120,-31],[-161,-31],[-157,-52],[-83,-40],[-307,-177],[-87,-63],[-109,-124],[-54,-91],[-59,-145],[-6,-71],[20,-51],[-5,-62],[29,-53],[16,-69],[38,-62],[47,-48],[116,-78],[14,-49],[-41,-53],[7,-87],[-104,-88],[-14,-73],[-43,-19],[-19,-74],[-56,1],[-65,-17],[-94,-119],[-61,16],[-103,-14],[-33,-28],[-114,-18],[-103,2],[-46,13],[-65,-38],[-73,8],[-61,-31],[-65,-62],[-40,-16],[-87,-72],[-78,-38],[2,-19],[-49,-63],[-93,-46],[7,-34],[-38,-33],[-55,-9],[-57,25],[-64,-3],[-44,-34],[-27,6],[-34,-51],[-64,-66],[-39,1],[-51,-39],[-49,-18],[-14,-34],[-41,6],[-31,-31],[-38,22],[-1,64],[-59,52],[-66,22],[-89,75],[-111,52],[-4,15],[-133,81],[-32,42],[-44,13],[-93,70],[-40,-36],[-17,82],[-37,-2],[-27,47],[-67,65],[-171,114],[-58,17],[11,76],[-79,33],[7,29],[-49,61],[-76,7],[-31,-13],[-66,44],[-85,22],[-66,2],[-80,-28],[-68,34],[-52,-27],[-113,-8],[-70,15],[-89,5],[-67,16],[-48,-3],[-3,33],[-59,-10],[-72,16],[-56,-16],[-141,-16],[-68,11],[-28,44],[-90,55],[-106,36],[-33,2],[-55,-26],[-166,17],[-14,37],[-87,29],[-128,19],[-49,17],[-86,5],[-148,-12],[-77,-22],[-117,-62],[-56,-56],[-13,-66],[16,-38],[59,-39],[65,-12],[-153,-88],[5,-36],[-20,-38],[-99,-15],[1,-46],[-96,-22],[-11,-80],[21,-29],[-60,-28],[-36,17],[-1,44],[-60,-11],[-67,31],[-106,-53],[-5,-58],[-58,-26],[-24,-33],[-70,19],[-53,28],[12,42],[-115,47],[-70,38],[-87,29],[-73,-34],[0,-39],[-62,-17],[-82,20],[-39,29],[-74,7],[-36,-9],[-47,18],[-49,-3],[-44,-22],[-80,9],[-103,-31],[-26,-41],[-144,-2],[-37,12],[-59,-11],[-57,18],[-27,34],[-86,28],[-105,20],[-35,-16],[-75,4],[-13,23],[-53,4],[-76,-35],[-130,-7],[-75,-22],[-46,23],[-45,-35],[-44,-11],[-10,-26],[-159,-8],[-70,-32],[-63,41],[-46,-14],[-9,-28],[-116,-61],[-24,-58],[-53,19],[-35,-46],[-92,-29],[-66,29],[-21,-18],[-54,66],[-27,6],[-105,76],[-67,31],[-139,38],[-41,27],[-63,14],[-49,44],[-102,25],[-83,-23],[-104,-2],[-59,17],[-126,-23],[-77,-93],[-14,-59],[-99,-23],[-22,-41],[-203,55],[-70,-11],[-169,20],[-82,-33],[3,-49],[-47,-7],[26,-69],[-66,-22],[-31,18],[-48,-18],[-7,-32],[-84,-26],[-49,20],[-1,25],[-179,32],[-84,5],[-89,-21],[-57,-59],[-58,-22],[18,-46],[-13,-41],[-76,27],[-68,-32],[-13,-55],[-82,14],[-51,43],[-5,42],[59,9],[56,35],[20,34],[-19,58],[18,10],[18,82],[-54,126],[-52,83],[-53,41],[-15,49],[-28,4],[-51,122],[-87,92],[-12,32],[-53,39],[-38,48],[-26,55],[-88,75],[-8,37],[-36,35],[-84,51],[-52,52],[-59,20],[-72,7],[-54,32],[-73,-9],[-47,13],[-10,52],[-56,26],[-64,-22],[-116,-26],[-96,-38],[-117,0],[-26,43],[11,35],[-86,54],[-79,-1],[-18,25],[6,116],[-16,18],[12,91],[-102,86],[-162,168],[-63,15],[-37,48],[17,15],[-49,55],[-48,22],[-111,14],[50,40],[45,82],[65,29],[-22,42],[-80,-2],[-93,-23],[-22,57],[48,34],[-65,20],[1,30],[44,52],[-6,27],[36,28],[-8,29],[25,67],[50,36],[71,-3],[28,24],[138,39],[31,46],[3,79],[-19,37],[2,53],[-17,21],[-17,79],[30,39],[56,25],[15,30],[-31,145],[71,31],[8,88],[63,29],[32,48],[-8,154],[-42,95],[-14,134],[87,61],[22,90],[70,65],[125,12],[116,24],[151,12],[95,-24],[39,2],[24,-27],[193,28],[139,36],[53,-22],[49,15],[122,-1],[122,22],[156,44],[74,1],[63,26],[78,55],[57,25],[26,61],[45,18],[4,37],[76,29],[18,-18],[111,-30],[49,22],[88,-15],[105,-6],[102,15],[49,31],[54,66],[64,23],[78,8],[22,15],[11,65],[33,34],[-14,29],[33,21],[64,-5],[163,9],[51,-20],[56,31],[160,21],[53,-16],[37,29],[63,13],[96,-2],[131,37],[57,2],[74,-19],[81,16],[40,40],[95,28],[58,-10],[63,6],[93,-13],[82,38],[173,21],[61,30],[99,4],[180,56],[38,17],[51,-7],[79,27],[125,13],[35,-20],[70,0],[52,21],[30,-27],[53,41],[51,-22],[172,10],[78,21],[157,-26],[49,18],[65,-6],[104,13],[54,27],[133,-3],[151,40],[112,-13],[103,-4],[56,12],[17,46],[92,4],[89,43],[69,-1],[50,33],[70,-5],[84,42],[34,-13],[71,17],[25,37],[46,-2],[57,118],[44,18],[10,32],[48,-11],[9,34],[97,73],[13,28],[118,-16],[72,6],[84,-32],[137,44],[30,27],[78,20],[6,42],[45,17],[163,-44],[95,3],[70,46],[20,53],[157,-12],[72,75],[38,-8],[37,72],[79,37],[52,-5],[100,21],[82,4],[62,29],[64,-39],[116,24],[128,48],[-1,29],[46,12],[102,59],[82,9],[46,35],[8,44],[39,37],[40,15],[99,3],[66,15],[110,-26],[40,1],[116,-43],[25,-24],[65,-25],[65,7],[97,-12],[110,24],[60,-14],[99,-52],[96,6],[212,33],[77,-6],[171,-38],[95,-37],[167,-30],[70,4],[198,99],[144,16],[85,24],[45,50],[62,21],[54,-17],[56,-50],[42,-9],[38,-42],[15,-60],[67,-25],[98,-3],[97,11],[100,28],[180,79],[60,44],[96,90],[25,1],[37,47]],[[213993,375746],[-1,-406],[2,-1113],[-8,-3478],[-4,-1616],[1,-1084],[-1,-1797],[0,-3263],[0,-684],[0,-1129],[0,-2617],[0,-1395],[1,-2329],[0,-3849],[0,-2578],[0,-1270],[0,-3848],[0,-1277],[0,-2571],[0,-4304],[0,-374],[0,-1573],[0,-1206],[0,-5752],[-1,-4374],[1,-852],[10,-11907],[0,-13020],[-10,-3039],[7,-9980],[3,-3253],[0,-9766],[-5,-291],[-5,-5460],[4,-760],[0,-1085],[0,-1085],[0,-1085],[0,-1085],[6,-2168],[-7,-1086],[0,-1085],[0,-2170],[0,-1085],[0,-1085],[0,-1084],[-1,-3255],[0,-1085],[9,-1084],[-9,-1086],[0,-3255],[-1,-3255],[0,-1085],[0,-1084],[0,-1083],[0,-2172],[16,0]],[[213994,156925],[-118,-15],[-314,-68],[-75,-9],[-151,-56],[-48,-32],[-247,-76],[-98,-42],[-128,-27],[-90,-50],[-128,-15],[-142,-66],[-195,-83],[-70,-57],[-67,-37],[-121,-48],[-125,-30],[-211,-82],[-84,-71],[-223,-59],[-42,-34],[-97,-56],[-45,-52],[-134,-40],[-93,-41],[-58,-44],[-100,-56],[-79,-59],[-91,-24],[-113,-50],[-128,-69],[-123,-74],[-95,-42],[-88,-19],[-92,-82],[-61,-20],[-121,-89],[-53,-30],[-116,-46],[-85,-15],[-75,-45],[-25,-29],[-23,-64],[-56,-52],[-44,-12],[-106,-66],[-65,-12],[-45,-23],[-80,-5],[-155,-39],[-68,-34],[-95,-13],[-100,-32],[-25,-19],[-30,-66],[-30,-27],[-130,-17],[-118,-9],[-148,-34],[-44,-22],[-72,-3],[-113,-43],[-58,-55],[-122,-82],[-30,-38],[-74,-4],[-47,-26],[-167,-65],[-53,-9],[-78,-58],[-16,-59],[-88,-11],[-53,-30],[-96,-4],[-82,-37],[-59,-8],[-52,-30],[-67,-54],[-148,-23],[-56,-42],[-49,-21],[-37,-38],[-57,9],[-128,-35],[-143,-19],[-74,-48],[-55,-23],[-86,-10],[-94,-50],[-208,-67],[-141,-67],[-375,-148],[-50,-39],[-60,-1],[-62,-27],[-38,-38],[-45,-17],[-61,3],[-106,-12],[-79,-37],[-119,-28],[-83,-74],[-79,-15],[-67,0],[-208,-65],[-12,-23],[-74,-42],[-56,0],[-85,-29],[-114,-7],[-118,-40],[-86,-46],[-81,-12],[-132,-49],[-44,3],[-76,-37],[-49,-6],[-93,-46],[-102,-15],[-103,-26],[-49,-24],[-157,-41],[-100,-58],[-118,-35],[-162,-31],[-61,-28],[-60,-12],[-111,-40],[-162,-91],[-122,-31],[-74,-6],[-96,-33],[-162,-78],[-147,-13],[-33,-30],[-104,-12],[-113,-45],[-26,-21],[-50,3],[-112,-40],[-141,-10],[-50,-20],[-204,-38],[-41,-25],[-119,-31],[-57,0],[-47,-16],[-59,1],[-121,-26],[-90,-6],[-125,-34],[-74,-35],[-115,-12],[-183,-62],[-115,-9],[-127,0],[-79,-8],[-63,-22],[-119,0],[-118,-36],[-85,-3],[-104,-42],[-84,-12],[-224,-51],[-116,-12],[-161,-44],[-118,6],[-71,-10],[-86,-30],[-139,-24],[-30,-21],[-196,-47],[-50,2],[-181,-41],[-136,-25],[-64,-22],[-160,-15],[-140,-55],[-44,-26],[-132,-27],[-157,-52],[-50,-3],[-56,-22],[-163,-34],[-26,-17],[-110,-18],[-77,-39],[-122,-51],[-62,-56],[-80,-17],[-75,-5],[-200,-62],[-108,-15],[-70,-31],[-138,-74],[-152,-48],[-67,-34],[-62,-17],[-83,-59],[-55,-72],[-80,-14],[-39,-66],[-37,-39],[-102,-55],[-67,6],[-96,-16],[-100,4],[-141,-29],[-88,4],[-186,-35],[-51,-26],[-144,-12],[-163,-57],[-119,-17],[-138,-48],[-119,-29],[-45,4],[-115,-27],[-46,7],[-117,-26],[-74,-25],[-32,-31],[-51,1],[-45,-18],[-30,9],[-351,-84],[-123,-75],[-126,-32],[-359,-43],[-73,-37],[-64,3],[-181,-28],[-87,-34],[-62,-10],[-32,15],[-136,-15],[-94,-17],[-80,-5],[-63,-23],[-55,-39],[-177,-15],[-35,-10],[-150,-5],[-62,10],[-122,1],[-65,-12],[-29,10],[-160,1],[-64,-21],[-175,-11],[-93,3],[-170,-11],[-102,-24],[-71,15],[-153,-29],[-80,12],[-155,6],[-60,-28],[-27,5],[-178,-4],[-88,-19],[-74,4],[-124,-30],[-74,-25],[-95,6],[-66,-14],[-137,-9],[-85,-17],[-90,2],[-32,-10],[-125,-2],[-124,-27],[-65,-1],[-152,-30],[-120,-6],[-51,-16],[-87,4],[-58,-13],[-126,-5],[-28,6],[-185,-3],[-173,5],[-41,-9],[-147,-1],[-169,18],[-263,6],[-55,-15],[-122,-1],[-251,45],[-143,14],[-157,1],[-60,15],[-180,0],[-108,-10],[-95,11],[-138,-32],[-101,-46],[-38,-33],[-94,-23],[-81,-32],[-106,-15],[-124,8],[-97,-14],[-88,9],[-87,-14],[-67,0],[-65,-19],[-242,2],[-149,17],[-88,16],[-97,0],[-35,15],[-87,-2],[-146,15],[-172,-2],[-155,20],[-87,19],[-78,-9],[-171,0],[-81,22],[-210,1],[-288,34],[-62,1],[-176,28],[-71,-1],[-111,23],[-108,14],[-157,12],[-247,44],[-99,-7],[-236,46],[-80,-7],[-205,34],[-95,10],[-134,26],[-146,59],[-94,12],[-72,20],[-99,17],[-146,40],[-192,84],[-168,12],[-74,13],[-153,51],[-150,21],[-57,13],[-150,18],[-150,26],[-172,53],[-96,12],[-114,33],[-94,18],[-91,54],[-65,22],[-226,41],[-116,3],[-223,-20],[-95,-4],[-127,-14],[-120,-33],[-89,-38],[-117,-74],[-49,-12],[-159,-94],[-66,-25],[-60,-54],[-82,-52],[-63,-15],[-168,-66],[-76,-25],[-221,-50],[-108,6],[-111,42],[-150,24],[-127,31],[-63,-39],[-101,-39],[-115,-17],[-57,-17],[-79,6],[-134,-27],[-88,-27],[-139,-14],[-94,-40],[-139,-18],[-136,-53],[-96,-52],[-85,-55],[-56,-12],[-113,-46],[-83,-66],[-88,-50],[-77,-20],[-94,-41],[-86,-64],[-53,-22],[-63,-54],[-87,-48],[-86,-70],[-26,-12],[-149,-29],[-128,-62],[-89,-29],[-72,-2],[-83,-83],[-106,-25],[-79,-47],[-53,-52],[-141,-51],[-47,-42],[-82,-39],[-61,-49],[-73,-34],[-37,-38],[-42,-21],[-85,-76],[-79,-27],[-60,-34],[-90,-79],[-120,-36],[-86,-63],[-73,-43],[-125,-89],[-127,-48],[-37,-39],[-89,-66],[-26,-41],[-99,-58],[-184,-85],[-127,-97],[-54,-75],[-163,-100],[-47,-57],[-53,-36],[-37,-44],[-105,-60],[-79,-28],[-60,-47],[-130,-58],[-123,-101],[-76,-37],[-50,-54],[-157,-95],[-67,-52],[-36,-45],[-74,-58],[-78,-80],[-113,-73],[-85,-36],[-78,-17],[-97,-41],[-71,-78],[-80,-12],[-122,-32],[-83,-36],[-82,-7],[-148,-36],[-55,2],[-99,-38],[-55,-49],[-20,-35],[-41,-29],[-156,-50],[-139,-33],[-158,-84],[-92,-8],[-128,-47],[-44,-8],[-401,-15],[-129,-26],[-147,-18],[-59,-32],[-120,-20],[-84,-52],[-88,-1],[-144,-57],[-211,-41],[-287,-106],[-61,-42],[-60,-25],[-80,-49],[-156,-51],[-48,-22],[-87,-3],[-58,-72],[-167,-35],[-34,-23],[-92,-32],[-78,-63],[-103,-41],[-114,-88],[-149,-78],[-89,-27],[-128,-74],[-60,-8],[-109,-66],[-46,-43],[-121,-48],[-67,-16],[-180,-89],[-126,-91],[-62,-25],[-54,-51],[-49,-22],[-49,-44],[-76,-29],[-43,-37],[-186,-61],[-261,-20],[-231,-50],[-141,-12],[-49,-19],[-146,-13],[-130,-96],[-18,-59],[-86,-133],[-39,-41],[-100,-56],[-68,-56],[-85,-45],[-112,-10],[-269,-105],[-75,-61],[-142,-61],[-72,-47],[-16,-28],[-94,-52],[-202,-201],[-38,-46],[-41,-27],[-48,-107],[-41,-67],[-76,-56],[-101,-62],[-132,-72],[-225,-62],[-89,-47],[-128,-39],[-127,-114],[-185,-90],[-147,-58],[-50,-9],[-116,-49],[-153,-35],[-84,-33],[-169,-103],[-148,-45],[-88,-38],[-55,-1],[-46,-19],[-57,-4],[-319,-46],[-210,-50],[-146,-25],[-248,-9],[-153,-25],[-70,-5],[-255,-47],[-119,-14],[-80,-19],[-73,-2],[-201,-21],[-157,-42],[-144,6],[-284,-25],[-105,-15],[-110,-1],[-76,-24],[-270,-27],[-46,-10],[-115,3],[-194,-19],[-331,-40],[-206,-45],[-55,-17],[-141,-21],[-89,-22],[-155,-29],[-51,-15],[-164,-27],[-187,-49],[-115,-37],[-93,-20],[-126,-37],[-652,-271],[-63,-37],[-128,-61],[-99,-59],[-191,-102],[-68,-26],[-153,-91],[-44,-20],[-183,-111],[-292,-260],[-206,-170],[-107,-101],[-39,-52],[-114,-83],[-125,-116],[-146,-159],[-53,-52],[-100,-124],[-115,-122],[-196,-262],[-109,-182],[-60,-125],[-36,-47],[-91,-180],[-82,-199],[-50,-160],[-33,-77],[-36,-152],[0,-57],[-59,-213],[-34,-94],[-48,-97],[-18,-54],[-60,-135],[-98,-197],[-18,-51],[-54,-97],[-55,-117],[-52,-74],[-100,-192],[-102,-160],[-66,-148],[-56,-94],[-48,-147],[-57,-96],[-43,-110],[-68,-216],[-43,-95],[-5,-67],[-38,-78],[-38,-46],[-26,-126],[-35,-104],[-3,-68],[-52,-212],[-13,-93],[-34,-122],[-11,-175],[8,-70],[-15,-166],[-18,-144],[-19,-79],[7,-54],[-24,-85],[-14,-143],[-20,-57],[-36,-59],[-86,-80],[-98,-68],[-140,-42],[-18,-31],[-47,-12],[-97,8],[-50,-12],[-23,-47],[-36,-35],[20,-25],[-54,-28],[-70,6],[-83,-32],[-62,5],[-95,-33],[-27,-30],[-34,22],[-110,9],[-122,-38],[-111,-63],[-32,-28],[-58,-95],[-20,-133],[65,-12],[9,-109],[80,-40],[-39,-52],[-40,16],[-129,-45],[-128,-37],[-193,-95],[-112,-65],[-192,-123],[-74,-38],[-77,-55],[-106,-91],[-173,-185],[-120,-104],[-166,-212],[-67,-112],[-33,-135],[-47,-139],[-13,-73],[9,-62],[-25,-37],[1,-61],[-18,-43],[9,-34],[-18,-85],[32,-113],[30,-35],[54,-94],[75,-49],[-34,-23],[-59,-7],[-44,-24],[-88,-91],[-61,-13],[-49,-26],[-64,12],[-40,-26],[-142,-6],[-50,-15],[-27,-26],[-54,-10],[-65,-38],[-31,-62],[-60,-51],[-12,-29],[-44,-25],[-136,-32],[-119,-50],[-80,-58],[-136,-53],[-33,-67],[-56,-35],[-58,-75],[-11,-36],[-41,-46],[-19,-82],[18,-31],[-76,-19],[-30,-33],[-103,35],[-86,9],[-72,-30],[-52,-3],[5,-32],[-52,-24],[-33,28],[-93,6],[-90,-10],[-135,-39],[-87,-46],[-29,-30],[9,-34],[-47,-99],[-101,-32],[-36,-44],[15,-34],[-27,-100],[-22,-17],[14,-69],[-69,-88],[-28,-17],[-33,-52],[-65,-23],[-25,16],[-76,-60],[-50,14],[-39,-34],[-44,27],[-65,0],[-98,-38],[-39,105],[-26,19],[18,67],[-22,15],[20,47],[-55,56],[-232,105],[-170,59],[-243,63],[-302,50],[-74,-1],[-71,22],[-132,27],[-102,-10],[-88,12],[-135,-3],[-218,-26],[-175,-41],[-76,-51],[28,-36],[-49,-46],[-81,-53],[-63,0],[-38,-51],[-67,-2],[-27,-18],[-20,-88],[26,-38],[-76,-36],[20,-49],[-71,-39],[-36,-62],[-56,-42],[-10,-25],[-70,-58],[-94,-7],[-22,-47],[46,-60],[-47,-19],[11,-29],[-53,-28],[-54,-69],[3,-23],[-74,-76],[-22,45],[-68,16],[-63,-9],[-60,-63],[-71,-49],[-47,-60],[-85,-88],[-49,-21],[-23,44],[-52,32],[-78,-5],[-82,42],[-94,-2],[-48,-71],[-106,-52],[-36,-45],[-65,12],[-63,-34],[-147,-47],[-36,6],[-133,-73],[-123,-14],[-49,-40],[-57,13],[-18,28],[-63,23],[7,33],[92,2],[51,36],[-27,51],[77,56],[19,63],[-33,89],[-52,59],[-105,70],[-63,18],[-40,-33],[-31,34],[17,27],[63,35],[81,-11],[25,30],[12,58],[-8,87],[-55,34],[-27,52],[60,64],[-52,37],[-101,103],[23,37],[-64,69],[-6,32],[-50,48],[-36,51],[-40,-20],[-30,16],[61,41],[5,46],[-66,56],[-6,25],[-42,27],[-54,60],[-164,113],[-149,92],[-266,135],[-119,36],[-109,53],[-82,27],[-101,17],[-131,39],[-120,20],[-142,2],[-79,-15],[-19,-50],[-36,-16],[-32,-73],[-72,-30],[18,-37],[-37,-40],[32,-63],[-38,-33],[-72,18],[-153,-17],[-93,-44],[-2,-42],[28,-38],[-33,-25],[26,-32],[-50,-56],[-55,28],[-11,113],[-83,32],[-158,17],[-136,23],[-111,-3],[-115,-17],[-92,-5],[-47,-17],[-49,11],[-88,-13],[-81,-31],[-32,-40],[-59,7],[-105,-28],[-71,-56],[-90,-2],[-74,16],[-128,-10],[-104,-26],[-27,-38],[-117,6],[-81,-39],[-31,-26],[-65,39],[11,37],[-34,56],[-71,70],[-79,63],[-71,29],[-77,21],[-112,51],[-146,36],[-111,15],[-85,-1],[-92,-17],[-79,-28],[-83,-83],[26,-58],[-34,-49],[-67,-3],[-30,29],[-74,25],[-101,-10],[-38,-37],[-43,19],[-22,40],[-41,10],[-108,1],[-169,-31],[-35,19],[-92,16],[-102,-6],[-115,22],[-195,-3],[-45,-21],[6,-36],[-56,-14],[-88,32],[-90,6],[-99,-4],[-184,-31],[-95,-36],[-80,-47],[-52,-54],[-16,-42],[22,-50],[-69,26],[-73,-25],[-60,-62],[-21,-39],[0,-69],[41,-9],[24,-32],[9,-66],[28,-28],[92,-6],[-1,-44],[18,-37],[-54,2],[-20,-30],[-61,-16],[-44,10],[-28,-25],[37,-29],[-82,-48],[-6,-40],[81,-37],[-59,-34],[-56,6],[-32,-16],[-46,13],[-7,27],[45,35],[36,1],[20,52],[-2,42],[-83,25],[-63,5],[-61,41],[25,26],[-50,56],[-85,15],[-133,11],[-69,-8],[-61,-22],[-57,-39],[-46,-58],[4,-25],[-36,-47],[-117,-49],[-38,3],[-14,30],[12,60],[-39,78],[-78,52],[-28,6],[-73,-42],[-46,16],[-18,47],[-126,29],[-179,86],[-167,50],[-65,-21],[-47,54],[-351,61],[-50,1],[-200,34],[-319,4],[-214,-41],[-60,-30],[-72,-63],[20,-20],[3,-101],[-68,-21],[-20,43],[-39,38],[-114,-9],[-166,-49],[-131,-69],[-103,-81],[-200,-84],[-85,-53],[-92,-84],[-84,-112],[4,-42],[31,-26],[-11,-53],[36,-40],[1,-51],[29,-26],[52,-15],[23,-30],[-48,-23],[-18,-28],[44,-78],[-91,11],[-81,40],[-113,-39],[-14,-33],[-48,-33],[-46,-9],[-28,93],[-47,43],[-77,50],[-117,31],[-63,-13],[-38,-44],[37,-35],[-29,-23],[-69,-26],[-14,-33],[-39,-18],[11,-30],[-46,-49],[-29,48],[29,41],[-121,44],[-47,-23],[39,-107],[-54,17],[-102,-12],[16,-55],[41,-30],[-36,-28],[-74,26],[-46,35],[-6,25],[-66,2],[-63,-18],[-9,24],[28,39],[-10,33],[-74,20],[-72,-5],[-53,-59],[-16,-81],[-63,12],[-46,-25],[-45,6],[-35,69],[-66,30],[-37,-39],[-52,-21],[-23,14],[-87,-51],[-39,8],[-71,-49],[-54,38],[56,126],[-4,43],[-55,33],[-49,-14],[-108,14],[-17,-39],[-37,16],[20,52],[-23,34],[36,29],[42,-7],[88,19],[56,-23],[38,38],[27,75],[56,50],[-9,54],[-58,143],[-88,166],[-30,38],[-65,130],[-76,180],[-39,115],[-82,179],[-89,124],[-99,100],[-70,83],[-55,50],[-63,72],[-77,40],[-70,56],[-80,122],[-70,49],[-54,57],[-173,111],[-90,34],[-34,28],[-99,31],[-72,12],[-99,1],[-43,-26],[-20,-37],[39,-30],[2,-29],[-47,-19],[-52,25],[-130,11],[-91,25],[-84,13],[-130,-1],[-173,-10],[-146,-27],[-97,-24],[-105,-50],[-61,-65],[-15,-87],[-58,-64],[-42,-63],[19,-75],[85,-43],[-37,-88],[-65,-1],[-35,-35],[-55,-7],[-38,44],[-72,28],[-61,3],[-29,-35],[-45,6],[-74,-37],[-11,-69],[45,-9],[-15,-35],[-135,38],[-52,-10],[-200,16],[-86,-21],[-44,-24],[-58,-77],[-173,-20],[-92,-26],[-87,-59],[-13,-56],[-110,10],[-71,62],[-73,81],[-237,141],[1,27],[-119,34],[-80,45],[-53,17],[-141,63],[-102,27],[-112,50],[-95,27],[-50,24],[-77,14],[-130,1],[-97,-19],[-76,-76],[5,-49],[28,-30],[-52,-26],[-40,2],[-27,-52],[-49,-48],[-62,-21],[-76,-42],[-31,-40],[-19,-64],[-45,-18],[-14,30],[6,54],[38,26],[-5,31],[-75,93],[-107,92],[-171,114],[-277,158],[-70,31],[-113,67],[-164,75],[-133,67],[-143,57],[-133,24],[-68,20],[-76,5],[-34,-15],[14,-36],[-42,-44],[-68,2],[-40,-22],[-39,9],[-147,-75],[-45,52],[-58,14],[-183,83],[-182,64],[-58,7],[-61,-65],[-18,26],[-100,21],[-177,50],[-43,2],[-82,-39],[25,-44],[-36,-13],[-162,53],[-115,25],[-109,35],[-224,24],[-108,16],[-74,-4],[-98,8],[-75,-17],[-65,-35],[-25,-43],[43,-32],[-1,-38],[-52,3],[-254,69],[-146,19],[-115,-17],[-142,-35],[-62,-59],[29,-26],[0,-97],[-25,-23],[-46,6],[-59,-28],[-107,12],[-58,-29],[-5,-59],[-56,-7],[-10,-21],[-182,49],[-103,4],[-77,23],[-165,21],[-148,10],[-155,-5],[-88,-19],[-82,-48],[-29,-56],[9,-70],[-46,-21],[-11,-40],[-101,-50],[-14,-48],[44,-24],[-67,-66],[-23,4],[18,69],[-70,54],[-78,0],[-101,24],[-43,43],[-78,37],[-83,3],[-32,37],[-127,31],[-44,-4],[-60,41],[-129,8],[-100,18],[-183,-1],[-79,-12],[-41,-20],[-74,-145],[-69,29],[-78,3],[-167,30],[-71,7],[-62,-14],[-21,11],[-63,-37],[-79,15],[-125,-8],[-117,-19],[-61,-30],[-27,-53],[19,-46],[-179,39],[-83,-3],[-33,17],[-85,-26],[-86,18],[-72,-7],[-25,16],[-87,16],[-82,-3],[-107,37],[-79,8],[-176,-43],[-35,-41],[-69,-23],[-25,57],[-142,61],[-273,52],[-225,16],[-48,-13],[-42,-44],[-21,13],[-135,-28],[-87,-31],[-45,-28],[-36,-45],[29,-33],[-41,-36],[-33,-1],[-125,-34],[-43,-29],[26,-35],[-73,-1],[-86,-45],[-34,-73],[-25,36],[-79,1],[-189,33],[-122,5],[-84,-18],[-53,1],[-114,-25],[-288,-24],[-58,-20],[-84,7],[-205,-15],[-78,10],[-77,28],[-79,11],[-49,21],[-126,30],[-155,8],[-107,-13],[-87,7],[-72,-9],[-85,-34],[-45,-39],[-148,23],[-99,0],[-50,21],[-63,5],[-142,27],[-77,-1],[-122,-24],[-229,-67],[-101,-47],[-116,-94],[41,-120],[7,-75],[66,-5],[10,-18],[-76,-54],[-136,-20],[-102,-35],[-116,-26],[-159,-59],[-98,-53],[-100,-107],[-126,-64],[-52,-2],[-87,-45],[-72,10],[-82,-14],[-28,-41],[-9,-59],[-22,-30],[-119,24],[-138,15],[-62,-21],[-71,-49],[-9,-33],[-83,10],[-62,31],[-137,30],[-266,78],[-75,10],[-170,45],[-79,14],[-84,25],[-107,11],[-125,32],[-165,17],[-146,33],[-121,43],[-117,17],[-98,-5],[-124,28],[-28,-7],[-86,17],[-28,-4],[-244,34],[-102,25],[-301,24],[-91,-13],[-46,-17],[-82,-4],[-133,4],[-148,-16],[-102,23],[-117,-9],[-116,-28],[-128,-56],[-51,-8],[-66,-39],[-84,-1],[-127,-23],[-65,-36],[-26,-31],[-107,-3],[-11,39],[-67,57],[-153,28],[-77,36],[-44,6],[-217,108],[-136,6],[-41,38],[-70,23],[-180,37],[-46,-9],[-51,-34],[-63,1],[-129,-75],[-18,7],[-69,-44],[-64,-22],[-35,17],[-106,12],[-106,-14],[-39,-24],[-9,-105],[-43,-90],[-46,-30],[-84,21],[-109,-48],[14,-26],[-19,-42],[-50,-44],[-67,-15],[-95,-59],[-42,-50],[-34,-20],[-38,10],[-47,-15],[-30,24],[-88,-15],[1,44],[-60,44],[-117,13],[-132,4],[-40,-23],[-66,6],[-70,-12],[-71,9],[-98,-2],[-46,-31],[-61,24],[-303,3],[-42,-50],[-39,18],[-90,-63],[-85,-36],[-103,-19],[-18,-30],[-56,-3],[-36,-46],[-41,15],[-66,-28],[-34,-29],[-55,-76],[-7,-29],[-42,-14],[-43,-44],[-75,-28],[-10,-59],[10,-52],[-34,-37],[-33,-63],[-21,-70],[-70,-12],[-124,-128],[-33,11],[-39,-37],[-102,-2],[-44,-16],[-11,-54],[-76,-39],[-8,-61],[-40,-3],[-50,-43],[-46,-60],[-86,6],[-34,27],[-174,-40],[-80,-38],[-8,-30],[-80,-51],[-32,8],[-57,-25],[-45,-47],[-111,-68],[-26,33],[-122,-17],[-153,-56],[-93,-48],[-146,-104],[-54,-62],[-23,-52],[0,-58],[56,-11],[35,-30],[-87,-27],[-61,-37],[-108,-26],[-165,-94],[-138,-99],[-131,-128],[-93,-120],[-34,-76],[-12,-51],[7,-59],[55,-31],[67,-18],[-64,-40],[-141,-134],[-38,-9],[-34,-58],[-41,-20],[-91,-88],[-37,-14],[-64,-63],[-93,-105],[-153,-200],[-118,-189],[-99,-191],[-41,-95],[-65,-176],[-39,-143],[-65,-5],[-74,31],[-38,48],[-130,34],[-72,-33],[-10,-41],[-55,1],[-100,-34],[-34,36],[-43,-51],[15,-48],[31,-31],[64,6],[53,73],[137,-2],[95,-78],[35,12],[31,50],[33,14],[120,-12],[-45,-237],[-12,-201],[17,-203],[21,-93],[43,-111],[34,-52],[133,-3],[28,-45],[119,-57],[35,-68],[62,-77],[51,-43],[65,-25],[76,46],[168,26],[22,18],[56,2],[67,-37],[40,-91],[-64,-8],[-21,-34],[-52,4],[-123,-16],[-132,12],[-6,-36],[-33,-12],[-100,3],[-11,-34],[-50,-30],[-73,-77],[-38,-10],[-51,20],[-48,-86],[-185,-22],[-27,33],[-43,15],[-76,-13],[-98,22],[-53,24],[-29,39],[37,26],[79,24],[3,40],[71,30],[-14,108],[-33,50],[-86,74],[-37,8],[-45,-37],[-31,29],[-70,0],[-11,-33],[-40,-16],[-157,3],[-45,29],[40,62],[-42,46],[-102,23],[-193,-34],[-183,-67],[-119,-75],[-50,-44],[-33,-51],[6,-70],[41,-16],[55,4],[19,-44],[-47,-8],[-97,-112],[-58,-95],[-20,-64],[3,-38],[34,-7],[39,-57],[58,20],[27,-17],[-4,-92],[-65,-55],[-7,-38],[90,-58],[-3,-52],[-30,-15],[12,-36],[183,-55],[5,-44],[-76,-20],[-39,46],[-122,-28],[-69,26],[-74,-43],[-12,-43],[-39,-31],[-23,-57],[-2,-48],[74,-42],[-6,-20],[-60,-65],[-110,18],[-49,0],[7,55],[-53,-7],[-100,52],[-59,21],[3,32],[35,41],[46,-10],[42,28],[17,58],[-61,119],[-85,45],[-99,4],[-20,50],[-155,22],[-202,1],[-131,-14],[-167,-43],[-166,-78],[-77,-56],[-97,-99],[-7,-30],[41,-19],[-6,-51],[72,-19],[-19,-79],[-36,-47],[33,-60],[76,-40],[65,3],[-57,-50],[12,-28],[-5,-69],[-28,-21],[33,-44],[-16,-43],[-38,0],[-43,-40],[-10,-42],[28,-22],[-11,-38],[-43,10],[-22,30],[-103,52],[-96,-29],[-2,-45],[-27,-25],[-28,-72],[39,-19],[-5,-40],[-61,17],[-117,-21],[-58,0],[-3,32],[-103,6],[-35,-16],[-74,26],[87,72],[24,32],[56,22],[57,64],[-57,74],[-106,93],[-110,64],[-236,88],[-70,15],[-66,27],[-32,-1],[-107,34],[-24,-50],[-53,-12],[-10,-42],[-51,-18],[-86,3],[-53,18],[-69,-13],[-88,19],[11,62],[-45,62],[-148,82],[-76,21],[-39,23],[-58,-1],[-39,44],[-36,13],[-57,-13],[-85,24],[-31,37],[-32,6],[-72,-18],[-75,40],[-76,3],[-144,43],[-46,20],[-46,-11],[-62,-40],[-38,-11],[-65,37],[-63,3],[-204,48],[-127,15],[-268,42],[-252,18],[-341,-6],[-39,-11],[-179,-16],[-107,-21],[-151,-46],[-107,-40],[-89,-40],[-74,-77],[-25,-54],[8,-51],[48,-1],[36,-36],[11,-102],[-31,-67],[3,-59],[97,-18],[5,-34],[-86,-4],[-68,24],[-243,21],[-500,-24],[-105,-25],[-67,-38],[-55,7],[-84,-6],[-76,-36],[-77,0],[-76,-39],[-30,-50],[36,-24],[-74,-33],[-92,-12],[-82,-34],[-237,-125],[-109,-74],[-71,-62],[-98,-103],[-68,-105],[-27,-55],[-36,-126],[-1,-57],[35,-43],[11,-67],[35,-92],[33,-35],[90,-9],[9,-70],[88,-34],[70,-9],[135,-32],[-14,-58],[-38,-35],[-45,6],[-16,-34],[-80,-14],[-39,-21],[-70,-5],[-71,-92],[-53,-43],[-17,-96],[-106,-26],[-17,-35],[-39,-7],[-11,-53],[-41,-35],[-59,-15],[-20,-20],[2,-48],[-88,-3],[-30,27],[-41,-7],[-120,10],[-98,-55],[-33,-4],[-56,-36],[-42,-3],[-18,-27],[-128,-15],[-95,-28],[-55,-28],[-101,-73],[-53,-55],[-12,-44],[20,-69],[-69,-34],[-62,21],[-130,24],[-140,6],[-85,-13],[-45,-40],[-49,10],[-83,-99],[-59,28],[-61,1],[-77,-18],[-17,-48],[-63,-6],[-4,-47],[-46,-4],[-40,31],[-85,-4],[-156,-26],[-37,-15],[-7,-66],[-35,20],[-90,-14],[-13,-30],[-78,-3],[-27,-31],[-61,12],[-126,-33],[-81,-31],[-26,-23],[17,-46],[-90,-14],[-34,-19],[-60,12],[-136,-44],[-172,-78],[-183,-101],[-124,-81],[-198,-163],[-181,-196],[-107,-157],[-72,-125],[-53,-103],[-86,-233],[-65,-242],[-14,-171],[4,-114],[27,-143],[45,-49],[66,-16],[38,40],[64,-25],[70,3],[60,-24],[11,-40],[46,-54],[-60,-22],[43,-83],[-44,-43],[-37,12],[-83,-37],[-60,12],[-14,-27],[-69,-27],[26,-31],[25,-65],[-60,-55],[-50,-2],[-76,48],[-28,45],[3,32],[-50,32],[-114,35],[-145,2],[-60,-18],[-78,-6],[-24,26],[-93,31],[-44,-20],[-47,15],[-39,-17],[-104,67],[-172,-84],[-59,-12],[-62,15],[-49,-3],[-19,-23],[-51,16],[-20,-36],[47,-17],[-29,-54],[-68,-13],[-45,28],[-34,-18],[-167,3],[-139,45],[-84,-3],[-35,-30],[-34,-67],[-69,1],[-62,-29],[-35,43],[-62,2],[-87,-29],[-131,-58],[-114,-78],[-61,-95],[29,-78],[-150,-8],[-31,26],[-91,7],[-20,22],[-49,-10],[-33,-35],[-29,33],[-64,-38],[-54,-115],[-12,-120],[15,-69],[25,-44],[41,-38],[92,-30],[76,26],[27,47],[74,-49],[-4,-27],[48,-25],[27,19],[74,-28],[50,-34],[-16,-91],[32,-22],[-90,-109],[-57,-54],[9,-46],[60,-80],[-106,-117],[-16,-42],[-46,-28],[-78,-12],[4,31],[53,56],[-15,44],[-42,-6],[-142,18],[-64,82],[11,66],[-32,27],[-22,54],[-99,35],[-137,35],[-204,28],[-57,-6],[-49,15],[-209,11],[-40,13],[-91,-1],[-111,-18],[-169,-42],[-123,-43],[-125,-66],[-19,-50],[-43,-11],[-56,-36],[-36,-58],[30,-30],[-37,-22],[-87,-24],[-44,32],[-55,-41],[5,-33],[-83,-3],[-9,37],[-52,19],[-156,-4],[-52,-10],[-72,-38],[-29,17],[28,55],[-12,28],[-46,25],[-68,2],[-110,-16],[-66,-22],[-47,5],[-88,-34],[-47,5],[-36,32],[-53,-9],[-68,58],[-44,13],[-60,75],[32,68],[97,15],[88,-13],[94,16],[103,62],[7,87],[-5,81],[-86,211],[2,32],[66,76],[19,69],[-5,31],[22,72],[-42,-17],[-17,-140],[-86,33],[-27,-3],[-57,29],[-68,-6],[-135,55],[-20,-23],[4,-42],[-29,-56],[-7,-44],[36,-104],[-5,-68],[-25,-77],[9,-59],[-37,-4],[-52,-36],[21,-102],[64,-49],[-13,-23],[50,-24],[-95,-40],[-90,-23],[-47,-23],[-102,-79],[-68,-77],[-28,-87],[19,-30],[48,4],[27,-30],[-42,-49],[-9,-54],[-65,6],[-70,-29],[-65,-11],[-171,66],[-15,22],[-96,34],[-74,-12],[-136,39],[-124,-5],[-80,-49],[-28,-50],[-25,-130],[10,-73],[66,-14],[-1,-59],[94,-30],[69,0],[68,-77],[103,-13],[-4,-31],[40,-57],[34,-5],[48,-66],[84,-31],[87,-19],[29,-27],[61,7],[21,-19],[74,9],[79,22],[91,100],[16,83],[-2,54],[-110,78],[-68,23],[-45,38],[18,30],[41,6],[7,82],[-19,31],[56,13],[-8,-133],[62,-38],[22,-39],[99,16],[83,-47],[1,-28],[-52,-47],[-8,-81],[8,-77],[58,-150],[67,-45],[103,-4],[87,-39],[90,15],[48,-27],[25,15],[109,-16],[64,45],[48,-5],[66,12],[42,21],[8,34],[83,8],[138,-76],[63,-88],[-30,-25],[53,-43],[-23,-38],[-50,49],[-50,4],[-12,43],[-42,27],[-110,10],[-54,-29],[-22,26],[-163,0],[-53,-7],[-13,-47],[-63,6],[-38,-28],[14,-36],[-21,-33],[44,-35],[-57,-70],[-41,-25],[-119,-37],[-9,-63],[-96,-10],[-19,37],[37,45],[-123,48],[-50,-7],[-27,-26],[-141,2],[-10,52],[-165,28],[-68,-11],[-52,-41],[20,-68],[-113,48],[-27,69],[-57,48],[-47,23],[-89,22],[-69,-1],[-58,-27],[-23,40],[-57,56],[-62,20],[-55,31],[0,42],[-73,46],[-91,43],[-100,57],[-67,21],[-255,118],[-264,113],[-44,23],[-139,52],[-156,52],[-140,40],[-417,72],[-71,-4],[-92,11],[-39,-26],[-19,-35],[-51,-24],[-36,15],[-95,84],[-90,9],[-100,-9],[-135,-90],[-77,-18],[-61,-40],[-48,-10],[-77,-52],[-32,-60],[17,-71],[47,-35],[18,-85],[24,-32],[-18,-53],[-95,16],[-76,-47],[-17,-64],[18,-91],[-50,-45],[12,-31],[-61,-29],[-18,-47],[37,-70],[40,-31],[10,-59],[61,16],[29,-32],[-46,-119],[-64,69],[-90,17],[-19,-71],[-96,46],[-43,0],[-13,-31],[-48,8],[3,29],[-43,18],[16,79],[-25,79],[-54,14],[-64,34],[-7,46],[-44,18],[-247,160],[-200,103],[-108,37],[-48,26],[-322,110],[-36,-36],[-100,29],[-27,-19],[-10,-46],[13,-45],[-113,-1],[-106,-43],[15,-22],[-59,-24],[-54,23],[-44,-10],[-21,32],[26,91],[-70,28],[0,31],[-115,66],[-89,34],[-146,79],[-18,17],[-93,33],[-62,41],[-30,0],[-56,47],[-51,16],[-98,62],[-76,27],[-140,78],[-49,19],[-54,2],[-24,37],[-54,-10],[-195,83],[-87,22],[-140,70],[-64,-30],[-111,17],[-129,-19],[-76,-29],[-15,27],[13,41],[87,62],[194,90],[31,26],[117,37],[147,18],[103,20],[156,3],[26,-105],[100,-50],[96,-20],[48,-21],[69,-53],[103,-44],[159,-2],[85,19],[86,45],[47,-24],[92,-27],[6,88],[-103,17],[-43,-13],[-31,43],[48,8],[28,63],[81,-4],[69,-16],[41,31],[25,46],[81,54],[0,40],[-23,78],[-54,119],[-64,73],[-113,27],[-9,20],[-61,29],[-83,-14],[-71,-44],[-63,-71],[-19,-41],[-84,-27],[-16,-38],[-76,22],[-38,-18],[-86,61],[-62,15],[-30,41],[-42,29],[-88,12],[-153,47],[-83,-34],[-48,38],[-103,-11],[-24,-55],[-44,-49],[-17,-52],[13,-20],[-20,-44],[-36,-11],[-18,-44],[-125,47],[-52,-38],[-69,-14],[-8,-31],[-39,-28],[-6,-70],[15,-56],[-107,-46],[-32,-88],[9,-56],[43,-21],[-24,-40],[30,-14],[5,-61],[79,-55],[-61,-66],[-15,-38],[-102,-17],[-139,91],[-141,64],[-95,21],[-144,64],[-191,55],[-32,-12],[-47,18],[-118,-77],[-110,-30],[-65,23],[-73,3],[-36,44],[-90,14],[-59,34],[-83,5],[-62,20],[-91,11],[-127,0],[-168,-25],[-150,-53],[-127,-85],[-30,-73],[5,-48],[31,-21],[-11,-51],[-74,-18],[-36,-27],[-31,-55],[-3,-46],[60,-30],[-36,-38],[-32,-9],[-50,68],[-81,55],[-38,-7],[-95,58],[-92,44],[-112,41],[-57,6],[-139,105],[-157,29],[-90,10],[-44,-11],[-44,-39],[-26,-51],[-71,2],[-65,56],[20,20],[-53,38],[-60,-19],[-159,26],[-140,43],[-133,-44],[10,-48],[-66,-27],[-102,54],[-72,23],[-129,21],[-156,62],[-151,29],[-95,8],[-202,-44],[-90,-45],[-105,-84],[-42,-53],[-5,-48],[-51,-22],[11,-41],[-18,-29],[-10,-70],[-43,-5],[24,-92],[-29,-48],[-84,6],[-16,25],[-77,29],[-81,11],[11,34],[-87,10],[-39,-24],[-73,22],[-30,64],[-51,29],[-81,-7],[-52,-29],[-25,24],[-53,11],[-62,-19],[-4,-28],[-54,-40],[-14,50],[-99,43],[-67,-26],[25,54],[-55,67],[-88,11],[-71,-23],[-17,-22],[-62,-1],[1,47],[-35,73],[-135,82],[-108,49],[-68,18],[-122,49],[-198,42],[-113,7],[-144,-14],[-116,-33],[-55,-29],[-57,-58],[-34,-72],[61,5],[47,-26],[-39,-39],[-41,-9],[-90,-55],[-76,-11],[-97,24],[20,55],[-84,53],[-94,24],[-90,-71],[-64,6],[-108,-7],[-68,-55],[-37,2],[-33,-51],[-92,-38],[-30,10],[-20,-42],[-104,3],[-12,-44],[-89,0],[-51,27],[-54,-23],[-5,-26],[-107,-22],[-21,-57],[-47,-27],[-48,30],[8,30],[-27,41],[52,91],[-34,30],[-152,99],[-127,65],[-72,-30],[-60,17],[-58,-15],[-84,51],[-31,-15],[-46,26],[-50,7],[-8,46],[-61,-4],[-13,55],[-39,28],[-129,51],[-46,6],[-100,42],[-62,46],[-111,37],[-122,-7],[-15,32],[-41,7],[-43,-60],[-54,-5],[-31,19],[-58,-10],[-59,-36],[2,-56],[-37,-27],[-193,-14],[-40,33],[39,35],[-70,95],[-94,80],[-106,75],[-87,45],[-164,123],[-96,-4],[11,45],[-26,26],[-115,66],[-87,31],[-111,72],[-101,46],[-56,41],[-104,37],[-60,44],[-42,-15],[-42,52],[-46,6],[-25,31],[-13,60],[-94,52],[-26,-2],[-141,87],[-40,11],[-55,-14],[-96,51],[-64,57],[-222,118],[-67,18],[-131,55],[-15,37],[-37,-3],[-78,39],[-67,2],[-52,74],[-91,55],[-105,53],[-146,64],[-141,50],[-308,95],[-299,61],[-116,12],[-61,17],[-198,74],[-140,62],[-159,29],[-75,25],[-193,36],[-84,-10],[-287,-10],[-131,-43],[-95,33],[-79,-10],[-145,51],[-89,19],[-103,10],[-261,3],[-76,45],[-71,7],[-39,-36],[-39,-7],[-45,23],[-49,4],[-46,-28],[-124,-7],[8,53],[-16,35],[-58,38],[80,77],[-8,62],[30,33],[-11,43],[-43,91],[-47,73],[-19,8],[-60,102],[-51,42],[-10,44],[-53,63],[-73,70],[-135,148],[-46,4],[-43,52],[36,47],[-29,76],[1,38],[27,40],[-58,92],[-41,46],[-19,43],[-1,55],[-139,136],[-146,124],[-150,146],[-196,178],[-194,171],[-141,135],[-71,60],[-107,106],[-177,153],[-13,17],[-170,139],[-40,45],[-148,120],[-90,86],[-73,51],[-189,173],[-165,131],[-62,59],[-160,125],[-63,58],[-109,83],[-307,249],[-137,99],[-200,130],[-115,87],[-138,121],[-70,39],[-206,182],[-156,111],[-22,6],[-103,81],[-92,47],[-74,56],[-140,88],[-59,46],[-213,134],[-92,46],[-96,64],[-160,78],[-88,28],[-24,23],[-114,34],[-45,26],[-162,-119],[-91,25],[42,87],[-61,59],[-52,18],[-45,56],[-82,68],[-65,44],[-229,103],[-139,44],[-86,8],[-106,47],[-51,46],[-66,35],[-98,94],[-119,85],[-195,117],[-220,100],[-52,31],[-196,81],[-178,68],[-48,33],[-220,75],[-152,31],[-62,23],[-135,35],[-379,58],[-286,26],[-126,18],[-156,5],[-130,10],[-153,-20],[-113,-9],[-81,-18],[-85,12],[-159,-8],[-92,-21],[-68,-3],[-175,-48],[-192,-83],[-119,1],[-20,9],[-8,72],[-34,27],[42,62],[-3,54],[-37,39],[50,42],[25,-8],[140,77],[48,8],[42,33],[-6,62],[31,65],[55,12],[74,-5],[-12,43],[-61,-11],[-38,17],[-57,-1],[-112,-31],[-138,-5],[-39,68],[55,51],[90,-12],[15,62],[-64,-2],[-153,-69],[-59,-42],[-4,-65],[46,-42],[46,-125],[-38,-33],[-64,-2],[-101,24],[51,-54],[86,14],[30,-29],[26,-94],[-27,-82],[43,-73],[-6,-20],[37,-66],[94,1],[-29,-32],[-11,-122],[-31,-53],[16,-50],[-15,-104],[-45,-124],[-73,-87],[-32,-16],[-95,19],[-156,-26],[5,-56],[-20,-34],[-33,9],[13,103],[26,32],[-45,36],[-7,39],[-66,57],[-35,11],[-9,48],[-49,97],[-121,125],[-175,116],[-95,50],[-119,194],[-98,101],[-79,52],[-83,68],[-172,184],[-93,53],[-125,18],[22,67],[-24,76],[-104,26],[-9,70],[42,-2],[23,65],[3,59],[32,59],[-10,76],[-48,80],[-54,33],[77,48],[65,59],[37,81],[20,95],[-27,141],[-48,108],[-14,91],[-37,130],[-40,82],[-76,12],[27,49],[-27,123],[-27,74],[-74,115],[-31,23],[-21,52],[-77,109],[-31,28],[-74,113],[-52,48],[30,97],[-11,20],[52,57],[34,8],[28,61],[28,18],[-54,122],[-39,49],[33,105],[30,19],[-45,62],[22,34],[-10,65],[22,29],[-34,70],[24,25],[14,58],[-21,115],[13,102],[-16,61],[-54,85],[13,26],[-47,40],[-51,107],[27,30],[-24,74],[8,45],[-52,64],[-7,57],[-28,15],[-47,104],[38,4],[79,48],[44,56],[8,35],[-13,73],[-2,95],[10,62],[-20,66],[-48,66],[12,91],[-31,37],[29,55],[6,55],[-31,57],[-11,115],[-28,138],[-31,49],[2,37],[-33,49],[-7,81],[39,-22],[69,16],[34,54],[-39,34],[16,34],[94,84],[13,72],[-7,168],[11,47],[33,60],[-10,188],[33,75],[-7,56],[17,45],[-44,90],[-6,52],[-38,72],[-1,38],[-50,82],[15,45],[-28,32],[54,118],[-18,79],[-37,32],[-13,72],[13,23],[-32,100],[-39,90],[-21,81],[-22,24],[1,70],[-45,73],[-24,15],[2,61],[119,-38],[41,17],[45,44],[35,91],[8,62],[-28,46],[20,35],[41,7],[-21,103],[60,-1],[54,36],[29,38],[20,61],[37,5],[63,-16],[68,53],[35,94],[-18,42],[12,70],[34,7],[54,76],[-13,81],[-18,32],[-10,92],[-27,79],[1,41],[-22,25],[-59,164],[-42,154],[-46,81],[-4,53],[-59,137],[16,42],[57,31],[-8,79],[-26,29],[-15,130],[-44,104],[128,-8],[161,-50],[73,11],[17,-48],[-13,-47],[20,-29],[41,-13],[142,-9],[83,18],[35,-12],[46,-81],[57,-28],[-3,-46],[54,-39],[149,-41],[84,-38],[9,-34],[42,-7],[-18,-63],[65,-32],[38,-34],[3,-34],[78,-39],[16,-33],[-2,-80],[36,-37],[-10,-35],[28,-70],[-19,-34],[63,-73],[178,-154],[79,-42],[81,-23],[90,-6],[118,-34],[35,-21],[154,-42],[70,-30],[225,-55],[186,-80],[97,-27],[146,-25],[95,2],[10,-17],[96,-16],[33,3],[209,-14],[91,5],[57,-9],[128,11],[113,20],[91,-1],[52,9],[92,-12],[129,11],[142,27],[96,31],[29,0],[110,35],[70,35],[88,25],[98,5],[147,35],[48,28],[49,5],[111,45],[43,9],[115,69],[99,36],[127,72],[78,52],[55,48],[69,37],[43,47],[145,125],[67,89],[99,114],[284,288],[156,145],[78,96],[61,58],[103,109],[31,43],[97,105],[88,70],[17,36],[119,130],[70,50],[34,37],[84,126],[62,66],[106,80],[26,49],[76,37],[104,119],[82,136],[50,98],[38,29],[77,131],[72,148],[75,180],[32,99],[55,134],[76,235],[92,270],[69,126],[28,112],[84,170],[84,-19],[-35,-50],[-4,-48],[133,-15],[49,7],[118,-77],[52,45],[-44,36],[-55,-3],[18,63],[98,59],[35,39],[24,62],[59,104],[43,120],[18,126],[7,180],[-1,165],[8,43],[19,380],[-1,160],[-7,140],[10,166],[-6,44],[28,241],[0,120],[42,133],[7,133],[-3,109],[-19,209],[-26,191],[-24,248],[-43,341],[-27,154],[-60,393],[-1,50],[-58,271],[-43,164],[-68,239],[-32,151],[-3,83],[-32,236],[-42,204],[-78,245],[-26,67],[-38,138],[-56,159],[-59,144],[-15,67],[-40,295],[0,97],[-10,115],[-22,122],[-67,249],[-9,93],[-16,66],[-3,70],[-45,327],[-15,63],[-20,150],[-27,60],[-65,218],[2,107],[17,46],[-1,77],[22,84],[28,19],[40,73],[19,155],[21,37],[26,119],[42,77],[9,90],[49,81],[29,98],[30,21],[8,68],[38,40],[28,0],[42,36],[12,37],[30,15],[51,53],[17,39],[50,-10],[36,18],[214,224],[31,58],[37,35],[44,70],[23,14],[63,80],[50,100],[40,45],[29,70],[21,6],[69,72],[76,-32],[38,8],[-16,-64],[12,-25],[74,-63],[21,-84],[-21,-46],[6,-80],[-26,-62],[-2,-39],[29,-29],[-82,-19],[-44,-41],[-116,-4],[-104,-86],[-60,-21],[-155,-17],[-62,-49],[-48,-126],[25,-65],[46,-41],[-49,-38],[-112,-23],[-63,-23],[-9,-52],[-61,-68],[-54,27],[-24,-20],[29,-33],[-46,-15],[-14,-74],[13,-40],[-5,-67],[15,-36],[79,-64],[-25,-91],[18,-27],[-15,-51],[67,-109],[62,-62],[-30,-55],[3,-61],[35,-75],[73,-89],[25,-60],[5,-65],[40,-77],[30,-6],[20,-42],[-28,-65],[-2,-102],[36,-41],[4,-134],[90,-52],[-20,-70],[82,-78],[-19,-60],[16,-37],[98,-44],[64,3],[-37,-55],[-11,-79],[5,-42],[57,-69],[77,-27],[9,-24],[-17,-61],[17,-30],[119,-51],[13,22],[-27,71],[2,62],[25,38],[32,-21],[20,-71],[77,-38],[38,25],[-5,47],[24,130],[-1,162],[-21,56],[-41,54],[-86,61],[-53,0],[-17,21],[12,51],[27,41],[-6,69],[-40,54],[-7,31],[-39,60],[-61,59],[7,33],[-29,72],[-13,83],[-29,33],[-2,59],[-53,66],[-46,32],[-49,-1],[-1,48],[-19,18],[25,43],[13,91],[-30,42],[8,82],[-17,64],[-35,27],[-45,67],[-45,1],[-22,68],[-86,81],[26,104],[-6,67],[-32,34],[1,41],[58,18],[82,-27],[-7,-46],[86,-86],[86,-39],[83,-60],[105,-120],[53,-1],[140,42],[28,22],[1,79],[55,8],[69,-37],[64,-72],[99,-65],[42,-18],[88,45],[63,-10],[63,15],[80,48],[45,7],[48,45],[-23,36],[-63,57],[34,39],[14,47],[-5,48],[40,39],[11,75],[2,103],[35,31],[-10,59],[-125,31],[-21,-13],[-42,37],[-3,26],[47,26],[-14,75],[-55,17],[-7,53],[27,37],[-47,64],[-59,35],[-87,18],[-109,-8],[-80,-37],[-53,-2],[-81,-18],[-62,43],[1,40],[42,37],[-38,60],[10,123],[37,24],[-4,41],[-51,68],[25,67],[-51,0],[-50,36],[-10,67],[79,13],[26,-12],[54,17],[55,45],[152,231],[32,122],[27,57],[33,123],[4,134],[31,210],[-1,63],[17,71],[-9,119],[-31,120],[-15,154],[-44,94],[-90,100],[-28,52],[-48,57],[-112,102],[-62,49],[-54,25],[6,30],[67,-2],[56,13],[61,32],[56,3],[38,24],[62,70],[27,50],[22,71],[12,161],[-10,90],[-41,118],[-59,87],[-63,55],[-56,23],[-52,1],[-119,45],[-157,-7],[-8,18],[30,81],[-33,61],[25,66],[-10,71],[-44,63],[-66,38],[-38,43],[-70,4],[16,72],[33,-26],[113,-27],[20,-52],[101,-27],[63,11],[57,-3],[63,-19],[67,6],[87,43],[110,85],[137,133],[69,81],[49,125],[2,51],[-30,109],[-33,29],[7,29],[58,78],[36,28],[79,101],[56,104],[22,78],[8,146],[-51,152],[-12,50],[-41,-1],[-1,43],[-51,0],[-8,43],[32,18],[17,89],[-6,114],[-21,57],[-30,4],[-56,36],[-136,18],[-39,-26],[-57,23],[124,28],[81,43],[53,83],[27,77],[10,72],[-12,78],[-31,8],[-48,57],[-3,47],[42,9],[-116,188],[17,68],[-9,66],[-18,15],[-19,65],[-5,63],[-39,8],[-90,71],[64,34],[130,126],[98,19],[14,12],[42,101],[-30,70],[54,13],[45,-11],[42,-30],[69,5],[19,39],[89,96],[5,84],[82,-22],[76,-44],[128,-32],[99,-53],[24,-66],[105,58],[47,74],[13,59],[-7,91],[54,16],[44,-16],[109,54],[42,-30],[26,-61],[44,-24],[-21,-29],[-4,-89],[52,-36],[-26,-46],[8,-73],[17,-40],[31,-16],[37,-58],[18,48],[42,15],[55,66],[108,-13],[65,36],[58,61],[84,28],[14,28],[75,-38],[-1,33],[-33,44],[-100,-2],[-62,-33],[-72,-8],[-27,-16],[-42,-114],[-33,36],[-69,21],[-34,-20],[-2,-51],[-52,3],[10,72],[-48,75],[8,53],[-9,53],[-29,14],[3,59],[-20,32],[28,121],[-23,82],[-73,118],[-10,111],[-27,54],[34,35],[34,-27],[24,-49],[91,-43],[73,-18],[44,8],[64,41],[100,1],[61,27],[84,65],[7,39],[-82,136],[-9,75],[13,43],[40,19],[48,-7],[41,-48],[1,-70],[30,-45],[80,-15],[79,14],[87,30],[33,29],[5,45],[-60,-9],[20,-32],[-20,-29],[-44,-14],[-106,-9],[-59,18],[-23,29],[26,79],[-88,69],[-64,4],[-64,-60],[-13,-92],[56,-175],[28,-18],[-62,-49],[-64,10],[-267,84],[-26,13],[-58,-4],[-35,-32],[-95,-24],[-63,-73],[-50,-34],[-105,-24],[-49,-43],[-12,-61],[19,-32],[61,-22],[-22,-23],[-63,7],[-31,-17],[-30,-46],[-39,-30],[-40,-85],[-81,-31],[-87,-6],[-74,-21],[-17,50],[-46,56],[-9,76],[-56,25],[-86,8],[-37,-17],[-9,-75],[-20,-54],[39,-18],[-32,-66],[2,-47],[129,-89],[-66,-81],[-35,-29],[-100,34],[-57,-3],[-89,-42],[2,-25],[58,-35],[9,-33],[-28,-76],[-62,-20],[-70,4],[-108,-109],[-45,-56],[-79,2],[33,49],[-34,15],[33,36],[60,-3],[33,64],[35,31],[45,99],[51,71],[21,177],[-10,51],[5,110],[-17,26],[29,123],[-3,44],[27,120],[2,86],[-2,281],[-5,100],[11,9],[-2,167],[7,96],[3,208],[-15,151],[-37,196],[10,34],[-5,319],[-20,112],[-26,66],[-100,137],[-51,48],[-125,183],[38,76],[24,71],[13,126],[-14,120],[-35,143],[-14,23],[-41,171],[-61,185],[-38,90],[-115,143],[-35,80],[-15,102],[-48,115],[-36,30],[-15,43],[16,51],[-30,66],[-78,64],[-13,39],[-6,95],[-35,81],[-17,74],[-74,125],[-65,75],[-60,53],[-90,147],[-14,109],[-54,68],[-26,16],[-53,71],[-47,119],[-47,77],[-60,116],[-36,44],[-26,86],[-65,98],[-74,71],[-6,38],[-41,70],[-86,75],[-13,36],[-92,90],[-47,80],[-17,82],[-131,143],[-56,51],[-71,29],[7,31],[-44,24],[-26,34],[41,37],[-23,77],[-69,125],[-78,98],[-79,60],[-17,72],[-25,57],[-15,93],[-37,49],[-62,127],[-24,93],[-67,94],[-83,155],[-48,51],[-136,193],[-73,124],[-80,110],[-70,52],[-66,63],[-53,110],[-43,60],[-117,120],[-22,40],[-62,75],[-165,236],[-20,33],[-106,134],[-85,75],[-30,56],[-136,181],[-23,84],[-75,192],[-31,57],[-79,186],[-12,91],[-87,178],[-37,66],[-44,107],[-61,94],[-101,199],[-25,114],[-3,72],[-22,84],[-63,129],[-18,79],[-21,38],[-4,80],[-35,74],[-19,92],[-34,55],[-58,50],[-53,22],[-26,130],[-58,125],[-70,95],[-27,71],[-71,98],[-18,51],[-60,54],[4,59],[-95,201],[-21,61],[-102,132],[-68,17],[-1,30],[47,58],[-4,51],[-24,45],[6,43],[-15,32],[-44,34],[21,74],[-16,46],[-64,110],[-35,30],[-11,58],[-31,83],[-70,90],[-33,15],[-12,45],[-45,63],[-57,52],[-46,77],[-58,46],[-3,40],[-33,103],[-76,98],[-64,100],[-44,44],[-64,42],[11,29],[1,85],[-19,52],[-52,67],[-70,141],[-100,134],[-49,36],[-55,15],[-20,25],[-48,132],[-45,44],[-17,41],[-121,141],[-67,100],[-102,74],[-64,30],[-73,19],[-109,-6],[-47,-20],[1,185],[16,94],[-9,132],[-26,115],[-55,110],[-10,48],[-35,51],[-25,83],[-40,70],[-50,62],[-28,80],[-42,73],[-24,76],[-76,73],[-9,49],[-28,58],[-33,35],[2,57],[-19,37],[-4,64],[-86,221],[-65,149],[-21,29],[-84,159],[-23,131],[-32,40],[-61,118],[-49,54],[-11,58],[-40,65],[-2,43],[-30,51],[-43,23],[-56,60],[11,57],[-28,55],[-44,23],[-10,49],[18,22],[5,76],[-72,104],[-110,31],[-30,37],[22,94],[17,33],[1,63],[51,61],[10,91],[-14,49],[-62,117],[-69,80],[-112,71],[-16,42],[12,58],[-22,34],[-86,79],[-63,20],[-69,-13],[6,65],[-22,24],[82,63],[88,105],[26,70],[1,100],[-15,62],[-32,53],[-66,149],[13,61],[-17,58],[-76,120],[-27,75],[-47,88],[-14,67],[18,342],[-18,128],[-4,115],[-28,91],[-6,102],[-61,170],[9,53],[-19,94],[-78,100],[-75,47],[-132,118],[44,78],[47,15],[74,49],[78,80],[24,57],[13,111],[17,62],[-7,117],[-16,72],[-38,120],[-15,73],[-31,45],[-4,33],[-62,107],[-66,52],[-118,34],[-20,-12],[-53,33],[-98,37],[-51,-4],[-31,-20],[-27,31],[53,45],[-29,95],[10,82],[-61,35],[50,51],[9,49],[-12,62],[-24,41],[3,66],[48,54],[17,44],[-4,58],[56,41],[-14,89],[48,75],[-19,53],[3,35],[-27,51],[22,35],[-41,105],[2,76],[-92,180],[-4,79],[-76,227],[-29,127],[-38,82],[-38,43],[-48,30],[-57,14],[-77,-29],[-55,35],[38,109],[-8,112],[-81,67],[-55,14],[21,31],[-8,44],[39,22],[17,83],[-9,27],[55,137],[-11,43],[10,49],[57,37],[19,73],[-13,50],[-53,99],[-17,1],[21,109],[-21,102],[-5,56],[97,128],[15,53],[27,33],[19,84],[1,48],[41,35],[0,36],[31,112],[11,107],[19,68],[-9,74],[14,43],[-8,66],[-39,111],[-8,110],[13,51],[-18,97],[15,78],[-19,120],[12,76],[26,18],[13,52],[-12,86],[-83,163],[11,28],[-40,66],[-103,220],[1,37],[-35,222],[16,71],[-37,89],[-18,99],[15,76],[-29,251],[0,106],[16,101],[-6,105],[14,31],[-22,113],[18,137],[-2,58],[-19,87],[15,224],[18,81],[60,147],[25,166],[-4,137],[24,79],[40,86],[27,85],[26,145],[0,104],[28,84],[-7,79],[13,71],[-12,194],[37,132],[68,132],[20,60],[63,67],[52,133],[35,75],[-15,95],[15,103],[-23,110],[-69,179],[-103,234],[-54,93],[-80,198],[-48,180],[-24,65],[-119,156],[-33,81],[2,51],[46,120],[-2,138],[-15,98],[-41,107],[-16,65],[-103,234],[-118,152],[-144,127],[-37,89],[-5,112],[-23,61],[-13,70],[-87,128],[66,35],[35,59],[3,44],[-30,84],[13,52],[-30,91],[-57,103],[-16,64],[-48,80],[-21,74],[-31,71],[-58,97],[3,44],[-32,59],[-27,106],[-41,101],[-25,99],[-7,60],[-48,77],[15,59],[-20,91],[-54,115],[-26,33],[-36,113],[-67,126],[-26,157],[-28,54],[-42,42],[-79,114],[-71,90],[-62,55],[-26,39],[-135,147],[-85,112],[-126,98],[-60,77],[-76,82],[-74,62],[-68,32],[-100,124],[-140,144],[-72,51],[-11,26],[-78,74],[-34,17],[-32,42],[-102,78],[-20,31],[-63,29],[-115,101],[-57,60],[-112,99],[-10,20],[-88,85],[-107,91],[-113,85],[-80,70],[-57,33],[-140,133],[-120,145],[-75,73],[-134,155],[-190,189],[-51,41],[-127,147],[-26,51],[39,64],[-11,67],[-47,48],[-33,14],[-22,42],[-3,58],[-37,63],[38,52],[27,82],[-3,36],[-62,133],[-20,78],[-39,104],[-61,98],[-54,61],[-131,29],[-38,-7],[-28,21],[-10,42],[-66,36],[-72,6],[-113,-3],[-4,79],[35,18],[125,21],[88,45],[-21,-50],[37,-10],[85,10],[43,21],[60,70],[31,13],[-2,54],[30,16],[42,166],[-4,35],[13,92],[-4,39],[22,124],[-17,137],[-26,90],[-66,169],[-76,128],[6,92],[51,50],[17,43],[16,103],[-24,98],[-46,89],[-28,31],[10,34],[-24,51],[6,51],[-20,39],[-16,127],[-73,115],[-13,70],[-33,39],[-10,41],[-54,77],[-40,92],[-28,31],[-11,68],[-47,48],[-45,25],[-57,109],[0,23],[-103,181],[-5,63],[-33,42],[-7,35],[-40,66],[-14,67],[-43,31],[-46,55],[-115,162],[-31,58],[-71,102],[-26,82],[-57,50],[-67,113],[-43,45],[-52,76],[-33,29],[-83,105],[-31,27],[-63,85],[-105,115],[-125,110],[-134,131],[-64,36],[-51,49],[-54,82],[-54,64],[-38,-2],[-118,84],[-111,101],[-53,83],[6,42],[-40,125],[-49,59],[-49,31],[-61,93],[-18,40],[-89,105],[11,121],[-44,88],[-69,79],[-181,161],[-25,13],[-32,56],[-52,46],[-37,50],[-6,66],[-37,42],[-123,106],[-76,50],[-25,5],[-67,78],[-33,59],[-84,72],[-98,134],[-26,56],[0,37],[-41,47],[-30,91],[-59,100],[-22,24],[-94,59],[-77,38],[-257,92],[-139,57],[-113,72],[-32,12],[-30,40],[-81,50],[-65,65],[-155,76],[-44,8],[-24,34],[-52,117],[-70,104],[-102,109],[-81,101],[-212,280],[-63,72],[-62,58],[-75,47],[-98,41],[-23,35],[-27,105],[-41,113],[-61,342],[11,37],[-57,181],[-8,74],[-20,52],[-19,95],[8,26],[-25,61],[1,96],[-38,135],[-34,51],[-19,72],[-27,144],[-30,108],[-12,76],[-31,115],[-21,113],[-43,137],[14,27],[-32,35],[-7,54],[-34,89],[-42,171],[-135,403],[-99,239],[-11,45],[-76,138],[-12,57],[38,37],[-12,44],[5,70],[16,63],[50,84],[-7,120],[35,83],[11,62],[30,61],[5,116],[13,56],[35,76],[16,64],[47,113],[89,75],[27,115],[46,66],[-1,36],[24,32],[52,2],[26,55],[-3,51],[54,10],[32,29],[24,175],[34,67],[18,74],[55,-20],[68,45],[3,79],[49,37],[54,65],[34,5],[-12,39],[41,106],[-50,4],[-82,81],[46,205],[-105,-120],[9,-64],[57,-72],[26,-118],[-16,-62],[-37,-63],[-61,-17],[-37,-41],[-38,151],[11,58],[-18,68],[-34,75],[-23,115],[-37,236],[-29,81],[-40,176],[-36,118],[-51,141],[-21,36],[-49,125],[-71,136],[-20,115],[-24,25],[-6,54],[-52,158],[-50,109],[-6,47],[-23,35],[-16,129],[-47,182],[-43,100],[-25,102],[-25,61],[-111,230],[-32,40],[-10,50],[-60,113],[-20,74],[-86,175],[-49,84],[-55,113],[-80,137],[-25,71],[-29,40],[-22,73],[-56,99],[-45,112],[-48,69],[-3,29],[-95,161],[-53,81],[-24,76],[-71,160],[-29,28],[-14,53],[-24,29],[-69,139],[-36,46],[3,21],[-91,149],[-35,40],[-35,78],[-51,67],[-36,83],[-51,69],[-48,84],[-50,110],[-120,199],[-40,50],[-7,40],[-37,47],[-48,112],[-43,77],[-31,26],[-87,151],[-86,131],[-108,187],[-37,35],[-69,97],[-75,127],[-51,97],[-38,48],[-73,137],[-88,127],[-71,131],[-138,209],[-62,106],[-71,92],[-63,98],[-24,60],[-101,156],[-114,192],[-62,80],[-35,67],[-59,74],[-118,186],[-86,128],[-44,84],[-9,59],[-31,82],[-74,102],[-38,113],[-38,79],[-91,107],[-63,101],[-25,19],[-44,76],[-49,53],[-94,173],[-35,46],[-19,48],[-62,79],[-47,31],[-51,91],[-77,80],[-125,160],[-15,73],[-155,161],[-107,173],[-43,40],[-20,41],[-50,48],[-81,109],[-30,29],[-19,56],[-135,108],[-6,30],[-85,98],[-58,105],[-112,132],[-114,100],[-30,66],[-83,97],[-77,115],[-53,49],[-17,32],[-76,87],[-87,86],[-81,173],[-75,70],[-59,83],[-40,33],[-24,50],[-95,97],[-24,51],[-88,81],[-27,51],[-79,91],[-50,75],[-43,29],[-36,68],[-65,50],[-66,110],[-53,39],[-108,140],[-56,57],[-129,114],[-76,104],[-40,42],[-117,77],[-22,30],[-98,85],[-139,139],[-54,34],[-43,85],[-105,84],[-36,48],[-108,81],[-57,54],[-151,107],[-63,85],[-112,90],[-28,31],[-74,38],[-28,34],[-154,121],[-48,68],[-111,90],[-75,79],[-182,139],[-33,15],[-64,66],[-18,32],[-53,23],[-76,66],[-70,72],[-75,61],[-41,50],[-139,110],[-20,31],[-60,33],[-112,113],[-78,45],[-70,66],[-70,94],[-65,42],[-87,80],[-33,97],[-54,34],[-176,163],[-74,74],[-36,13],[-64,69],[37,41],[28,-17],[49,1],[36,40],[17,48],[-6,40],[-40,73],[-57,65],[-33,4],[1,50],[-26,85],[-32,30],[-23,82],[13,72],[62,32],[23,53],[-3,40],[-41,97],[-100,138],[-30,90],[-47,88],[-1,35],[-44,59],[-29,84],[-2,39],[-75,81],[-55,97],[-50,109],[-129,169],[-42,75],[-96,109],[-24,57],[-76,91],[-72,75],[-118,87],[-59,65],[-167,150],[-31,48],[-42,31],[-18,34],[-128,110],[-57,30],[-88,69],[-21,43],[-65,78],[-6,56],[-37,52],[-96,80],[-22,6],[-40,51],[24,81],[35,25],[45,-7],[66,-48],[43,-66],[45,-25],[45,-7],[83,-36],[12,-48],[60,-31],[36,-2],[3,-76],[49,-50],[78,-24],[45,8],[123,-21],[43,-18],[63,-3],[22,-29],[58,-22],[132,-17],[58,-29],[135,-21],[51,-38],[45,-18],[-6,-57],[53,-156],[3,-66],[-10,-91],[6,-50],[27,-91],[11,-103],[44,-1],[66,52],[15,59],[40,53],[4,63],[-25,10],[-35,72],[-7,115],[36,159],[-15,41],[-50,78],[62,49],[23,72],[35,34],[7,52],[37,94],[31,121],[7,131],[29,112],[6,136],[-44,84],[33,22],[18,62],[-49,91],[23,139],[17,18],[10,81],[-30,56],[-62,33],[14,240],[10,64],[53,44],[15,53],[-15,36],[-78,64],[27,53],[82,90],[66,107],[14,58],[59,-100],[24,-13],[-17,-41],[-12,-79],[14,-62],[61,-59],[1,-107],[-19,-38],[38,-63],[-22,-35],[35,-70],[-5,-77],[-15,-58],[-35,-11],[-5,-33],[23,-48],[81,-75],[-15,-38],[-1,-80],[24,-51],[9,-68],[46,-101],[8,-167],[10,-56],[0,-218],[15,-27],[-15,-91],[21,-259],[-21,-109],[-4,-85],[10,-42],[50,-50],[8,-90],[-73,-53],[-10,-35],[50,-56],[-9,-40],[37,-72],[-42,-71],[7,-33],[-48,-38],[-10,-34],[8,-63],[40,-45],[20,-64],[-12,-71],[2,-73],[31,-52],[0,-36],[43,-97],[9,-72],[33,-36],[3,-47],[-42,-75],[44,-94],[-10,-28],[40,-55],[-39,-55],[-53,-13],[-30,-30],[53,-54],[2,-34],[36,-44],[-60,-106],[50,-37],[32,-39],[52,-24],[26,-32],[37,31],[60,1],[40,43],[13,54],[41,32],[4,50],[35,3],[15,-39],[66,-57],[16,-85],[23,-36],[4,-84],[-62,-41],[-13,-68],[15,-69],[-32,-28],[-17,-47],[43,-61],[56,-33],[39,-4],[32,-48],[-67,-31],[4,-58],[38,-55],[5,-44],[32,-17],[80,30],[48,-8],[27,39],[-8,85],[43,-49],[65,-108],[35,-12],[5,154],[-38,43],[-97,16],[7,69],[-22,81],[12,94],[-5,95],[-39,25],[-114,5],[11,30],[-10,81],[-60,72],[-7,54],[-39,39],[3,97],[-60,11],[-10,58],[13,98],[-8,44],[-42,57],[12,18],[-17,79],[-66,28],[-65,-1],[-107,-29],[15,39],[93,50],[7,73],[64,43],[53,116],[-13,37],[31,26],[20,103],[-14,81],[23,48],[-5,77],[12,54],[94,48],[14,31],[-8,88],[-24,85],[24,39],[-15,50],[0,88],[31,30],[89,40],[56,-6],[45,-26],[22,88],[-25,85],[18,37],[-6,76],[-45,75],[6,69],[16,35],[-22,91],[25,44],[2,36],[-24,69],[40,69],[10,75],[-43,57],[33,45],[-5,36],[-31,25],[53,50],[3,35],[-36,51],[56,25],[29,59],[0,60],[-42,66],[-118,63],[-20,20],[15,41],[32,-14],[15,61],[-43,38],[34,37],[-8,91],[-76,33],[-2,59],[-35,32],[-68,30],[-55,1],[10,33],[53,28],[14,55],[31,22],[-10,83],[-41,47],[15,70],[-98,94],[37,53],[1,27],[-35,69],[67,55],[96,-105],[32,-87],[80,-127],[-4,-42],[35,-52],[-10,-48],[40,-69],[50,-43],[-2,-48],[23,-28],[-48,-132],[-2,-91],[29,-18],[-10,-91],[54,-85],[107,-81],[31,-7],[-44,-110],[121,-92],[63,-83],[102,8],[31,-80],[57,-61],[21,-39],[-51,-130],[-12,-73],[37,-63],[28,-9],[37,-45],[101,-31],[97,14],[10,-38],[31,-33],[-35,-61],[24,-41],[-12,-89],[20,-188],[22,-61],[-5,-89],[51,-68],[99,-53],[-7,-97],[13,-26],[-5,-145],[29,-77],[5,-66],[33,-48],[85,-65],[42,-60],[75,-57],[-17,-47],[37,-78],[7,-98],[-24,-37],[-3,-47],[20,-31],[-32,-112],[7,-61],[68,-74],[-25,-44],[9,-35],[81,-47],[22,-35],[58,-40],[44,-73],[-22,-49],[2,-78],[-65,-26],[-53,-62],[-9,-45],[32,-55],[50,-11],[27,25],[58,-30],[65,5],[18,-24],[-11,-39],[-2,-96],[32,-84],[-10,-49],[-30,-65],[8,-40],[-45,-100],[-30,14],[-16,38],[5,61],[-10,37],[0,107],[-52,46],[-47,3],[-42,-15],[-13,-48],[-28,-25],[20,-62],[-15,-50],[20,-57],[40,-47],[82,-16],[16,-71],[62,-88],[9,-88],[-39,-56],[-92,-3],[-26,-14],[3,-49],[-72,-12],[-8,-31],[37,-42],[8,-38],[-48,-65],[-5,-51],[-65,-25],[8,-39],[-27,-27],[-1,-50],[22,-37],[6,-60],[-51,-103],[50,-82],[40,-9],[37,-49],[33,14],[28,41],[60,-9],[59,56],[16,59],[40,50],[10,39],[-15,31],[4,50],[43,73],[-13,15],[-57,-22],[-13,28],[31,88],[30,9],[52,48],[7,40],[-56,72],[-5,106],[10,82],[-11,29],[36,28],[-16,60],[33,14],[-7,79],[70,16],[37,28],[31,112],[-28,66],[20,59],[42,11],[52,38],[23,64],[-11,82],[34,42],[-2,58],[-62,38],[-41,40],[-29,126],[-26,41],[-44,15],[-5,30],[23,39],[-8,33],[40,84],[-35,37],[-55,9],[-47,-31],[5,55],[-41,33],[-9,28],[-40,30],[-63,-13],[-10,35],[75,55],[37,-41],[41,7],[102,75],[13,49],[-15,35],[57,89],[6,56],[-15,28],[-53,34],[-22,38],[92,-6],[105,-76],[55,-16],[68,4],[45,18],[2,-46],[55,-66],[8,-107],[19,-67],[-40,-42],[-45,-85],[25,-59],[-3,-76],[58,-57],[13,-32],[42,-36],[-1,-41],[41,-110],[37,-76],[62,-22],[-87,-118],[-31,-75],[6,-80],[-23,-37],[-8,-47],[55,-94],[33,-25],[-1,-34],[30,-47],[0,-29],[53,-56],[-5,-53],[19,-29],[-14,-32],[14,-137],[12,-26],[-27,-55],[17,-26],[58,-40],[-53,-61],[-22,-121],[15,-29],[0,-91],[-24,-72],[-75,-35],[-37,-56],[20,-81],[57,-110],[80,-73],[-20,-40],[17,-28],[70,-19],[55,10],[42,-32],[8,-106],[-50,-95],[-8,-35],[-40,-36],[-18,-89],[10,-47],[-58,-24],[-20,-56],[3,-56],[-28,-41],[-25,-100],[3,-85],[-13,-33],[2,-172],[18,-52],[55,30],[12,-38],[54,-20],[33,8],[10,-49],[40,-30],[-1,-46],[36,-32],[59,-101],[28,22],[54,-18],[50,-38],[50,-18],[39,-52],[-15,-107],[61,46],[14,34],[45,24],[-40,66],[-40,20],[-42,63],[-30,27],[-47,6],[-52,86],[41,90],[4,94],[-9,88],[-25,50],[57,120],[30,21],[48,70],[-19,81],[10,62],[-31,32],[-20,57],[29,55],[-33,64],[15,61],[105,-50],[59,10],[56,65],[5,35],[-42,31],[35,85],[49,-16],[-25,-34],[18,-72],[49,-51],[5,-49],[-24,-33],[9,-71],[-27,-48],[5,-75],[27,-46],[42,-16],[38,56],[23,98],[-5,55],[-96,29],[23,47],[13,91],[-28,65],[3,57],[-17,48],[27,56],[-27,37],[11,26],[54,43],[6,51],[35,43],[9,71],[33,47],[-4,49],[32,6],[17,-33],[53,-52],[7,-26],[-40,-49],[-20,-94],[7,-73],[32,-54],[-15,-50],[50,-77],[-15,-49],[-5,-125],[-38,-83],[14,-58],[-5,-50],[-35,-41],[-5,-34],[-37,-46],[14,-92],[63,-72],[-26,-21],[-5,-64],[18,-56],[-68,-22],[-20,-19],[-17,-58],[17,-44],[70,-26],[19,-91],[5,-84],[20,-66],[-25,-133],[6,-71],[15,-34],[48,-27],[67,-9],[60,19],[22,73],[35,46],[5,49],[-16,41],[29,53],[130,-21],[-48,-35],[17,-69],[53,-22],[-43,-44],[-55,-28],[-12,-62],[4,-66],[27,-75],[78,-61],[-46,-18],[3,-43],[47,-38],[5,-72],[-17,-23],[-60,-19],[-31,-80],[25,-29],[-2,-84],[9,-41],[-15,-28],[65,-82],[27,0],[87,40],[55,46],[40,117],[40,3],[70,-22],[57,-1],[26,44],[31,-19],[3,-56],[30,-44],[37,8],[42,45],[-82,56],[-15,60],[-36,25],[-70,18],[-5,30],[142,95],[-22,94],[-25,1],[-2,-59],[-74,-83],[-3,35],[-55,44],[7,51],[43,10],[47,34],[30,69],[-10,46],[13,32],[-20,31],[-64,28],[-27,88],[35,60],[44,-38],[10,-46],[67,-29],[92,-1],[81,63],[137,-16],[54,-58],[80,-16],[20,9],[35,-55],[47,50],[95,20],[39,16],[33,35],[-7,40],[57,54],[8,44],[28,18],[53,98],[77,21],[57,-33],[37,-41],[55,3],[24,-44],[12,-63],[58,-53],[114,-32],[52,19],[62,-61],[40,-3],[66,54],[20,38],[-2,42],[-32,99],[15,83],[-25,63],[8,60],[55,45],[38,75],[57,46],[8,32],[43,33],[17,34],[70,73],[95,-1],[93,40],[37,30],[101,51],[80,69],[82,109],[31,72],[43,12],[5,37],[75,103],[51,113],[18,71],[-2,66],[28,88],[3,117],[-40,105],[-8,121],[25,64],[5,55],[-15,46],[-18,147],[-22,64],[0,74],[-13,55],[-54,109],[-35,30],[-68,97],[27,63],[-30,75],[58,-26],[-2,73],[40,47],[35,74],[43,37],[28,54],[-17,97],[-49,126],[42,62],[-11,48],[10,63],[-39,74],[-50,73],[-84,103],[-35,54],[-42,98],[-189,157],[-112,73],[-33,36],[-2,47],[-38,69],[-72,60],[-99,48],[-58,41],[-104,87],[-55,35],[-75,66],[-233,121],[-165,54],[-37,22],[-93,30],[-116,55],[-74,19],[-51,-1],[-80,19],[-81,8],[-112,40],[-58,0],[-143,31],[-55,0],[-20,20],[-70,15],[-39,23],[-88,31],[-7,28],[44,54],[-29,84],[-70,84],[0,23],[50,78],[5,57],[-42,44],[-24,56],[-150,92],[-108,79],[30,63],[-60,62],[-19,48],[-68,46],[-72,92],[-85,66],[2,30],[-33,41],[1,26],[-30,46],[19,45],[-64,54],[-103,63],[-43,11],[-67,35],[38,72],[-10,40],[-30,20],[-66,19],[-162,29],[-133,7],[-36,9],[-75,-14],[-32,23],[-23,56],[-72,41],[65,57],[52,100],[43,31],[-9,26],[-64,-26],[-24,42],[-6,50],[-52,32],[2,59],[-39,43],[12,37],[-63,95],[0,72],[33,37],[-2,45],[43,69],[-7,63],[34,39],[6,63],[-13,67],[-40,50],[-52,24],[-91,64],[12,36],[-3,86],[-33,122],[-5,69],[-21,42],[6,50],[-20,26],[31,101],[11,68],[2,82],[-40,71],[-141,97],[-82,26],[-128,62],[-80,55],[-81,38],[19,100],[50,70],[16,63],[4,131],[-20,31],[32,81],[-58,72],[-48,38],[-2,49],[-29,76],[11,28],[-61,50],[28,34],[-4,55],[-47,67],[-81,32],[-98,93],[-26,50],[-98,50],[-112,46],[-50,44],[-51,78],[-52,49],[-52,23],[19,35],[11,118],[20,-15],[43,34],[56,21],[0,27],[50,72],[12,72],[-39,70],[-15,78],[-71,23],[-33,32],[81,9],[54,-20],[29,22],[2,37],[-40,44],[-2,28],[-67,84],[-25,63],[5,81],[-35,31],[-3,40],[-83,23],[1,68],[33,35],[36,-30],[18,-38],[58,-9],[24,16],[3,44],[-28,92],[-159,59],[68,54],[8,-29],[37,-26],[48,9],[22,51],[-57,48],[-81,3],[-24,42],[-32,14],[-73,-2],[-21,-20],[-75,-31],[-17,-33],[22,-43],[61,-2],[73,-32],[-49,-43],[-67,-10],[-16,-47],[30,-41],[28,-78],[58,-31],[71,-78],[-30,-113],[10,-51],[-101,16],[-30,-19],[6,-40],[43,-25],[40,8],[70,57],[-5,50],[48,-21],[10,-84],[-29,-31],[-111,-43],[5,-36],[103,-72],[48,-19],[26,-37],[40,-97],[-25,-28],[-76,31],[-44,6],[-34,36],[23,32],[-18,63],[-51,49],[-23,38],[-55,44],[-25,49],[-72,28],[-50,42],[-13,52],[-43,76],[-23,65],[-58,31],[-49,53],[-39,22],[-81,74],[29,100],[40,63],[-18,38],[-40,34],[-8,75],[22,19],[-20,54],[20,49],[-11,48],[7,59],[31,41],[4,75],[26,41],[39,135],[19,125],[28,72],[24,107],[35,73],[6,81],[42,72],[118,45],[68,76],[55,104],[22,57],[-5,48],[35,30],[15,53],[110,172],[8,36],[38,69],[0,46],[37,70],[33,-3],[68,69],[76,29],[39,41],[26,56],[35,34],[39,144],[31,39],[9,162],[38,30],[15,68],[20,18],[81,29],[25,-27],[16,-69],[30,-40],[5,-38],[-19,-91],[53,-59],[-25,-70],[20,-63],[-9,-69],[-42,-157],[20,-83],[-10,-113],[15,-61],[28,-33],[41,-181],[-1,-48],[17,-88],[24,-71],[30,-34],[46,-19],[42,-82],[11,-43],[38,-56],[258,-119],[119,-30],[63,-9],[52,13],[66,61],[13,58],[-41,47],[-10,59],[48,-4],[63,-105],[-10,-117],[13,-41],[51,27],[-26,-142],[14,-68],[35,-51],[-17,-153],[23,-70],[35,-56],[-17,-53],[65,-112],[3,-91],[63,-57],[36,-107],[73,-106],[37,-41],[121,-102],[154,-97],[163,-74],[99,-17],[68,-42],[61,-75],[58,-122],[65,-111],[89,-99],[154,-122],[119,-60],[78,-12],[68,0],[88,21],[48,0],[0,-66],[33,-59],[7,-49],[-9,-92],[9,-78],[-22,-95],[-25,-64],[-16,-113],[29,-82],[-18,-66],[32,-51],[0,-28],[29,-69],[-6,-21],[69,-62],[136,-26],[145,-10],[59,-39],[58,-19],[30,-23],[-33,-109],[2,-54],[-19,-91],[5,-91],[-54,-88],[-10,-34],[-68,-72],[-10,-73],[-34,-28],[-58,-14],[-43,-33],[-21,-50],[-12,-96],[-47,-91],[8,-114],[29,-50],[-9,-99],[22,-22],[-3,-117],[-19,-41],[-50,-44],[9,-75],[15,-28],[-24,-92],[38,-31],[60,60],[16,-14],[-55,-44],[-28,-65],[27,-59],[-126,-104],[-61,-78],[-103,-31],[-55,-63],[-73,-70],[-40,-61],[-6,-53],[6,-91],[24,-22],[32,-66],[26,10],[-10,-84],[-35,-6],[16,-98],[26,-35],[-31,-27],[15,-54],[-68,-78],[-3,-81],[18,-67],[0,-59],[14,-54],[-2,-65],[14,-42],[7,-94],[-24,-27],[-3,-39],[34,-109],[53,-125],[27,12],[67,-125],[6,-38],[52,-108],[104,-110],[15,-25],[-7,-60],[10,-33],[-28,-79],[-52,23],[-71,-75],[-73,-9],[-48,11],[-25,-24],[161,-3],[40,33],[57,-101],[38,-30],[88,-17],[100,16],[39,15],[33,41],[56,43],[28,78],[-15,45],[3,55],[39,-21],[43,-57],[5,-94],[24,-107],[0,-41],[22,-37],[145,-25],[83,20],[130,78],[33,81],[89,92],[15,27],[67,47],[28,47],[78,78],[56,100],[50,60],[61,97],[56,68],[28,79],[37,49],[20,50],[1,63],[-14,113],[-20,75],[45,-3],[4,-228],[41,81],[40,106],[28,37],[-7,25],[88,69],[60,78],[15,36],[74,88],[35,109],[10,66],[63,25],[69,76],[48,84],[33,113],[-58,-25],[68,105],[9,67],[31,97],[0,29],[-29,81],[15,77],[-25,57],[-50,45],[13,62],[-41,91],[-4,55],[-32,94],[5,53],[-32,86],[14,39],[-40,60],[-32,20],[12,71],[-37,25],[-2,150],[-10,80],[83,102],[72,6],[44,-52],[-29,-7],[-4,-38],[29,-27],[46,-7],[76,-65],[108,-5],[107,16],[18,-72],[-5,-44],[52,-90],[11,-54],[42,-56],[-108,-109],[-43,-80],[-15,-50],[-49,-108],[-31,-153],[-28,-58],[-4,-113],[23,-56],[48,-22],[35,-32],[76,-106],[23,-89],[-9,-112],[-25,-92],[-24,-191],[3,-40],[36,-57],[-19,-69],[8,-100],[11,-51],[44,-119],[70,-85],[50,-40],[100,-26],[80,15],[55,39],[33,-12],[30,-51],[-1,-49],[65,-44],[-53,-150],[-29,-176],[-76,-195],[7,-49],[-24,-53],[13,-61],[-8,-41],[14,-52],[-14,-32],[22,-43],[86,-236],[29,-27],[71,-35],[29,-46],[80,-98],[14,-65],[-62,-32],[-9,-78],[-28,-28],[11,-28],[-27,-113],[100,-173],[123,-170],[12,-183],[-16,-73],[5,-105],[35,-167],[26,-48],[12,-56],[32,-63],[74,-89],[77,-59],[49,-52],[67,-40],[41,-54],[111,-70],[45,-40],[45,-71],[84,-73],[20,-27],[94,-61],[20,-23],[79,-53],[28,-45],[51,-23],[48,-40],[46,-67],[67,-49],[-2,-31],[26,-34],[54,-123],[79,-76],[28,-53],[82,-41],[70,-56],[12,-60],[-74,54],[-25,-11],[6,-44],[50,-141],[68,-23],[56,-1],[46,25],[45,46],[-29,67],[59,5],[40,29],[141,69],[61,54],[24,86],[46,47],[43,7],[49,34],[2,35],[54,47],[178,80],[79,50],[98,78],[54,77],[-3,41],[41,53],[39,90],[143,59],[47,28],[89,22],[88,0],[105,43],[113,82],[93,108],[34,85],[-5,90],[-54,78],[7,36],[123,95],[17,60],[66,65],[9,50],[37,34],[37,71],[-7,69],[-30,49],[-30,0],[-13,37],[74,21],[27,76],[-16,124],[-30,59],[-46,62],[-69,56],[-60,13],[-67,43],[7,69],[-31,59],[-49,57],[-107,91],[8,85],[-27,37],[39,42],[0,106],[-16,49],[-32,32],[-34,84],[-57,48],[-43,53],[8,56],[-20,28],[26,54],[-2,44],[-24,65],[-36,57],[36,101],[3,55],[182,61],[40,30],[49,68],[29,79],[32,149],[44,70],[27,128],[27,57],[61,2],[35,-75],[-34,-25],[-38,20],[-24,-30],[-13,-101],[-35,-58],[4,-40],[54,4],[4,-40],[-37,-36],[16,-82],[21,-49],[-34,-52],[44,-38],[79,7],[10,37],[46,-39],[78,-15],[28,65],[70,28],[69,43],[12,35],[-11,47],[10,55],[-14,29],[-63,62],[-49,32],[28,17],[-7,93],[-23,20],[-70,26],[-51,74],[34,24],[-36,35],[25,27],[-36,43],[-16,41],[44,73],[50,170],[-17,63],[12,28],[-23,27],[7,56],[-82,83],[-22,-3],[-46,71],[-72,59],[16,19],[12,70],[-5,41],[-47,74],[-52,14],[-52,62],[-51,45],[12,68],[-21,37],[24,37],[-10,47],[-58,78],[-91,70],[17,57],[-38,34],[5,44],[-33,131],[15,62],[29,27],[105,48],[69,15],[52,53],[63,7],[75,-48],[3,-30],[-27,-43],[7,-76],[-16,-27],[50,-13],[70,6],[78,-21],[53,-44],[45,-11],[51,21],[107,17],[111,98],[-8,17],[-83,-32],[-74,134],[0,72],[-11,56],[-32,68],[-33,31],[27,83],[-16,71],[0,61],[-13,25],[27,59],[-21,62],[8,56],[95,137],[11,53],[73,123],[40,41],[30,85],[1,27],[-47,53],[-40,9],[-16,29],[-36,-10],[-60,19],[-83,-7],[-46,25],[-59,8],[-59,31],[-31,60],[-65,28],[53,34],[-41,56],[-50,6],[-38,35],[-64,19],[-37,-4],[-76,77],[-51,97],[-9,50],[-86,91],[-58,16],[-38,58],[-40,23],[-31,55],[-71,33],[-137,104],[91,-25],[10,22],[-35,53],[-87,77],[-22,-55],[-50,49],[-55,112],[-61,68],[-179,93],[-58,38],[-26,52],[37,1],[11,-40],[56,-41],[48,-19],[32,20],[-17,38],[-90,98],[-42,4],[-23,-29],[-66,87],[3,26],[-66,36],[-48,50],[-11,63],[35,26],[-89,49],[-15,34],[10,37],[58,4],[44,35],[-56,109],[17,10],[-137,121],[-50,82],[-192,211],[-85,25],[-16,39],[-79,66],[-117,31],[6,30],[-97,35],[-46,53],[-48,28],[-129,49],[-93,54],[-37,31],[82,7],[18,-33],[51,-40],[19,12],[-96,84],[-62,140],[-48,29],[-41,92],[-49,75],[-67,78],[-23,56],[-40,0],[34,-103],[-136,130],[-58,46],[12,23],[101,-27],[-56,84],[-99,58],[-20,74],[90,-70],[26,-43],[30,16],[-78,87],[-21,40],[-58,39],[-24,82],[-30,0],[27,-82],[-28,-9],[-18,55],[-40,45],[15,50],[-33,41],[-24,98],[32,-5],[-27,108],[-30,-10],[-36,31],[-7,57],[33,15],[37,-21],[10,-48],[31,-74],[25,68],[-30,41],[-48,104],[-65,54],[-48,100],[-15,68],[-81,92],[-5,60],[-46,68],[0,28],[-108,201],[-76,92],[-8,30],[-47,28],[-38,39],[-13,37],[-96,63],[10,134],[74,-58],[58,-23],[-81,211],[-18,77],[-76,61],[-27,58],[-54,42],[-27,85],[-28,41],[-101,81],[-61,69],[-40,23],[-59,87],[1,25],[45,12],[-5,53],[64,42],[7,25],[-38,38],[-86,37],[-83,100],[0,47],[-61,73],[-35,69],[58,105],[4,80],[-40,88],[20,21],[-28,38],[18,27],[-30,83],[2,27],[-47,88],[-71,104],[-57,35],[-105,116],[-47,96],[-78,97],[35,3],[56,-44],[35,11],[-35,52],[-25,88],[-30,70],[-63,46],[-21,31],[-71,55],[-64,22],[-55,59],[-8,49],[-26,31],[21,47],[56,-47],[25,14],[-36,203],[-28,48],[-15,90],[-33,120],[-30,49],[28,29],[-36,88],[-36,-11],[-35,19],[-35,88],[9,44],[-101,125],[-33,60],[7,29],[-30,19],[-28,78],[18,27],[-87,67],[6,41],[-47,27],[-70,60],[-10,21],[-57,0],[-40,19],[-66,12],[-143,123],[-40,56],[-52,28],[-25,31],[-91,19],[-64,38],[-127,13],[-114,46],[-74,49],[-128,105],[-163,159],[-121,146],[-75,72],[-31,56],[-9,66],[-36,38],[-2,33],[-66,145],[-73,82],[-96,147],[-109,265],[-18,59],[-7,76],[0,198],[-20,83],[-12,207],[6,106],[16,62],[65,150],[31,16],[-8,46],[51,59],[4,22],[51,12],[15,57],[33,24],[87,-4],[-23,44],[-88,30],[-26,25],[-48,122],[-50,64],[-4,69],[-13,41],[-68,32],[-20,43],[-39,-27],[-51,-9],[8,-34],[-62,-41],[-4,96],[-28,-33],[-33,13],[66,65],[49,96],[-14,47],[-64,7],[-35,39],[-11,49],[41,59],[84,33],[65,1],[76,88],[41,6],[149,69],[120,15],[36,-13],[130,5],[53,13],[11,48],[-82,-22],[-104,11],[-105,38],[-74,-12],[-38,15],[-174,-70],[-31,-34],[-107,-40],[-59,-53],[-59,-12],[-81,26],[-80,-9],[-91,38],[-64,1],[-48,40],[-1,98],[-11,69],[35,68],[2,75],[33,13],[23,-25],[-38,-23],[-11,-161],[20,17],[-2,50],[49,104],[29,154],[49,78],[19,84],[-2,129],[18,50],[4,146],[-10,175],[-42,164],[-40,104],[-38,81],[-80,126],[-135,167],[-159,168],[-74,120],[-173,220],[-68,65],[-69,54],[-119,154],[-53,88],[-56,60],[-33,54],[-96,111],[-87,78],[-81,83],[-48,60],[-61,53],[-132,211],[-85,110],[-99,146],[-66,86],[-112,129],[-89,69],[-40,39],[-79,44],[-95,72],[-72,35],[-130,126],[-66,144],[-40,50],[-72,44],[-35,34],[-19,45],[-4,54],[-28,47],[-25,106],[-36,59],[-74,25],[-89,73],[-11,131],[-17,32],[1,160],[-16,159],[4,95],[-36,172],[-3,90],[-20,108],[1,66],[15,77],[32,38],[-3,96],[-12,16],[8,153],[-6,29],[29,50],[-12,57],[30,15],[21,46],[-2,149],[-25,78],[-20,112],[10,39],[-19,22],[11,68],[19,35],[-3,125],[15,44],[-1,96],[-13,35],[3,81],[-34,122],[-40,75],[-44,186],[4,54],[-18,39],[2,105],[-43,146],[-17,148],[-13,38],[20,19],[49,-20],[145,-3],[38,11],[64,72],[51,25],[156,151],[105,146],[41,88],[39,62],[8,91],[-6,118],[-8,29],[8,76],[-10,69],[26,44],[0,33],[-26,66],[-5,59],[-22,67],[-60,113],[-66,93],[-20,53],[-100,168],[-26,66],[-12,59],[95,65],[21,45],[2,88],[-14,55],[10,182],[-28,66],[-49,76],[0,25],[37,65],[49,56],[57,29],[100,15],[47,-32],[57,25],[100,150],[39,74],[6,66],[20,57],[10,71],[55,121],[14,161],[57,138],[-20,48],[7,81],[-14,69],[6,49],[-21,111],[-30,108],[-4,108],[26,23],[6,44],[26,23],[26,53],[-16,76],[21,37],[-22,44],[72,100],[34,18],[40,67],[57,43],[52,20],[103,92],[11,56],[35,41],[26,53],[133,156],[18,31],[44,128],[18,80],[5,163],[37,149],[-15,145],[41,59],[50,116],[35,23],[17,66],[23,30],[72,50],[24,74],[75,-37],[121,19],[37,23],[79,76],[48,74],[54,133],[12,49],[84,158],[-23,52],[30,80],[41,81],[32,43],[85,77],[13,50],[-15,68],[20,45],[2,75],[43,76],[-1,67],[13,103],[34,30],[55,71],[52,12],[48,33],[45,71],[13,81],[-33,53],[7,72],[81,75],[32,20],[86,1],[64,26],[140,118],[82,151],[16,16],[89,38],[226,81],[64,42],[86,42],[136,77],[79,56],[144,187],[53,26],[54,101],[84,71],[80,31],[25,-4],[53,37],[29,47],[79,35],[42,48],[40,14],[28,30],[31,64],[36,21],[47,75],[13,161],[28,42],[-20,55],[53,81],[78,37],[26,52],[32,133],[-12,82],[20,78],[-10,109],[34,131],[-32,31],[29,32],[0,101],[-12,56],[15,73],[18,26],[-24,61],[8,101],[-54,130],[-23,19],[6,163],[24,62],[42,4],[58,41],[25,73],[5,61],[3,240],[35,100],[3,106],[-22,66],[33,56],[27,129],[3,74],[-7,123],[-29,104],[-113,151],[13,87],[-7,75],[-24,58],[18,28],[-50,95],[-3,69],[-47,86],[3,52],[-33,92],[-44,65],[24,36],[38,162],[-8,106],[-37,109],[-83,64],[-21,28],[6,50],[28,84],[-13,121],[39,92],[-29,92],[25,41],[34,5],[5,37],[-13,81],[2,58],[-59,63],[-69,39],[29,21],[65,15],[111,47],[150,75],[129,100],[150,155],[57,78],[34,106],[8,63],[44,152],[23,19],[15,80],[46,42],[32,65],[24,148],[-4,104],[-17,157],[13,50],[-15,34],[23,124],[-40,107],[-50,82],[-36,27],[64,61],[4,100],[15,69],[-8,101],[-34,185],[-39,85],[-20,76],[1,60],[-17,161],[-27,59],[-123,143],[-55,69],[-40,100],[-29,154],[0,63],[-35,107],[10,88],[-15,85],[-79,194],[-75,132],[-64,84],[-12,50],[-38,79],[-2,112],[-28,96],[-63,121],[-89,133],[-63,124],[-78,97],[-70,65],[-48,69],[-72,56],[-44,20],[-57,69],[-242,157],[-66,9],[-134,-19],[-237,-89],[-66,51],[-13,40],[36,67],[-32,127],[1,27],[33,77],[88,107],[30,102],[26,12],[31,80],[-14,126],[-32,54],[-22,72],[-54,55],[-49,73],[-25,73],[-40,57],[-9,60],[49,114],[35,50],[4,62],[-16,155],[-36,63],[-56,43],[-169,69],[1,61],[68,160],[12,89],[69,124],[144,60],[88,53],[42,-20],[49,4],[48,22],[53,42],[60,102],[75,49],[86,106],[38,73],[-30,93],[-85,111],[51,14],[89,-27],[60,19],[30,27],[16,56],[41,43],[40,102],[69,100],[17,74],[81,174],[24,90],[7,103],[29,120],[2,102],[17,57],[-33,59],[11,36],[102,103],[68,147],[39,24],[5,40],[83,4],[48,21],[67,74],[19,51],[0,84],[64,59],[42,17],[79,98],[43,88],[68,109],[10,65],[35,34],[57,117],[61,72],[43,114],[18,15],[49,178],[46,47],[30,71],[36,111],[8,110],[-23,47],[20,63],[28,127],[5,81],[14,32],[54,62],[-18,35],[47,15],[52,76],[8,119],[27,47],[32,144],[30,40],[35,173],[17,42],[0,58],[57,133],[24,71],[30,55],[5,78],[29,37],[44,91],[36,49],[50,115],[43,61],[51,164],[14,73],[-10,97],[56,24],[15,99],[30,72],[47,81],[7,40],[48,90],[44,113],[34,52],[8,62],[55,177],[76,89],[5,49],[34,22],[10,48],[34,90],[12,81],[25,37],[27,-5],[50,56],[23,82],[5,99],[-13,57],[-24,28],[23,85],[43,3],[68,37],[-5,58],[30,40],[24,62],[-5,42],[36,52],[50,32],[6,22],[92,83],[40,9],[33,35],[11,62],[23,53],[2,42],[31,59],[134,119],[30,80],[47,56],[12,68],[75,68],[36,83],[5,108],[110,69],[51,22],[95,69],[57,52],[24,47],[47,58],[142,58],[46,-4],[108,95],[58,23],[86,75],[38,16],[106,19],[57,25],[89,151],[112,54],[82,26],[98,56],[110,29],[82,-41],[51,-9],[168,20],[74,32],[61,47],[59,32],[68,56],[60,28],[59,53],[66,10],[59,-43],[36,-54],[48,-125],[51,-46],[76,-44],[74,-63],[-21,-34],[-100,-51],[-31,-25],[-85,-103],[-39,-76],[-71,-115],[-63,-53],[-56,-70],[-16,-65],[-50,-35],[-29,-51],[-5,-82],[13,-42],[-36,-123],[-33,-166],[-26,-167],[-43,-127],[-5,-56],[4,-132],[23,-100],[-28,-100],[0,-50],[-44,-164],[-37,-47],[-14,-41],[-14,-96],[-22,-35],[-10,-97],[-49,-125],[-2,-108],[-22,-47],[0,-43],[-44,-38],[-44,-154],[-11,-90],[6,-101],[-28,-100],[-19,-31],[-48,-133],[-56,-59],[-31,-45],[-8,-102],[-44,-113],[-13,-92],[-41,-144],[-8,-65],[-31,-26],[-22,-47],[-23,-86],[4,-30],[-19,-50],[-8,-63],[-22,-53],[-1,-59],[-21,-32],[-31,-108],[36,-102],[-13,-72],[22,-154],[-1,-44],[16,-85],[41,-78],[55,-80],[80,-78],[101,-115],[103,-90],[24,-50],[-10,-101],[22,-94],[62,-78],[77,-75],[45,-28],[42,-49],[-10,-57],[-80,-76],[-34,-97],[-1,-27],[46,-213],[-26,-22],[51,-38],[-30,-32],[-4,-119],[-55,26],[-38,-8],[-31,-31],[-39,-132],[33,-40],[41,15],[23,91],[22,2],[37,-48],[29,35],[62,13],[38,45],[68,50],[30,6],[22,40],[-8,50],[73,48],[70,9],[109,-29],[102,6],[29,-16],[63,7],[11,-46],[-52,-89],[-3,-94],[12,-24],[19,-110],[34,-91],[44,-71],[-45,-51],[-11,-78],[-26,-38],[-34,-6],[-55,-66],[-132,-65],[-46,-74],[-32,-28],[-42,-70],[-8,-37],[-56,-95],[-100,-70],[31,-18],[-41,-31],[-16,22],[-60,-10],[47,-43],[47,-3],[87,59],[11,-25],[-27,-32],[-10,-55],[-34,-41],[-92,-1],[-78,19],[-40,-27],[-28,-39],[-17,-88],[17,-161],[33,-71],[37,-54],[-76,-159],[-14,-175],[8,-92],[89,-122],[24,-72],[54,-68],[52,-40],[-52,-20],[34,-53],[48,-36],[41,-10],[-5,-66],[34,-5],[36,-72],[30,8],[14,-61],[31,-25],[34,2],[54,-93],[7,43],[-18,32],[125,16],[48,-9],[116,16],[91,30],[63,41],[89,44],[44,40],[81,55],[57,53],[63,75],[-15,79],[-17,19],[0,47],[39,71],[68,72],[34,50],[52,-27],[-2,41],[-73,41],[-24,64],[23,29],[84,17],[58,-14],[73,5],[95,56],[73,51],[52,62],[8,26],[49,47],[98,40],[46,27],[127,22],[102,-40],[116,3],[88,22],[50,0],[95,-59],[31,-44],[-4,-88],[39,-67],[17,-107],[-42,-138],[-8,-54],[1,-144],[28,-2],[34,115],[22,3],[13,-84],[79,-16],[12,-82],[56,24],[24,-11],[-24,-53],[40,-86],[-14,-55],[47,11],[-31,140],[73,84],[129,-131],[11,66],[18,6],[37,-97],[20,99],[50,58],[45,-18],[49,53],[-2,51],[28,49],[61,-27],[24,6],[-38,66],[46,-7],[25,78],[-11,36],[35,53],[62,-9],[79,3],[68,-37],[-10,46],[-137,29],[24,53],[-47,56],[-92,91],[-14,58],[24,35],[97,-19],[18,-56],[25,20],[-12,49],[106,-22],[-5,42],[-97,2],[-77,43],[-19,61],[6,28],[79,-10],[15,17],[82,-3],[-6,43],[-68,13],[-27,69],[-15,68],[-4,93],[34,41],[37,1],[-21,62],[-7,62],[41,23],[30,-12],[110,-6],[60,-44],[113,-3],[-69,38],[-39,40],[-45,10],[-31,27],[-82,-4],[-39,51],[7,147],[22,37],[31,116],[68,42],[13,75],[40,12],[129,-11],[65,-19],[58,-56],[108,-67],[44,63],[-105,38],[-21,30],[16,70],[-105,2],[-32,11],[-86,61],[-30,31],[-8,45],[-35,26],[-1,104],[30,79],[35,34],[70,1],[-46,72],[25,51],[63,78],[29,12],[166,-52],[2,17],[-92,64],[24,31],[114,-62],[75,-57],[17,-40],[5,-111],[32,-40],[42,-22],[21,-41],[44,-40],[9,41],[-24,34],[-85,65],[-15,95],[7,35],[-26,78],[100,88],[-42,25],[-80,-19],[-134,46],[-47,43],[3,70],[-56,68],[5,26],[50,36],[26,66],[88,5],[99,-70],[63,-13],[61,30],[-57,19],[-38,28],[-36,65],[36,18],[171,-11],[-42,28],[-126,22],[-48,36],[-16,31],[-62,67],[15,52],[55,-3],[51,-62],[54,-25],[43,-3],[78,16],[69,-18],[-129,118],[-39,16],[-72,52],[-34,111],[14,78],[33,22],[-16,82],[16,59],[29,13],[69,-57],[55,1],[18,36],[5,56],[58,4],[56,-16],[63,-2],[66,-70],[40,-83],[67,17],[3,61],[-40,19],[-28,37],[-9,85],[-33,12],[-88,87],[-84,29],[-2,41],[40,17],[55,-24],[-1,43],[-55,35],[6,19],[-61,43],[-27,45],[-47,38],[-52,14],[-35,29],[-63,16],[27,86],[52,32],[58,12],[48,-27],[44,-4],[42,47],[76,4],[61,-35],[69,-5],[21,-31],[5,-45],[40,22],[46,-3],[30,-21],[28,-136],[51,-72],[-5,-49],[31,3],[-19,57],[-42,81],[21,25],[-4,62],[26,23],[-40,40],[-11,71],[69,55],[-23,62],[-41,75],[-25,90],[7,75],[21,44],[63,31],[98,-18],[52,7],[83,-86],[2,30],[-35,47],[-34,109],[-41,69],[17,81],[67,9],[13,43],[-24,67],[8,32],[50,52],[0,29],[35,34],[-29,37],[-51,10],[-57,-25],[0,127],[-33,47],[1,27],[79,50],[47,-20],[43,3],[75,-27],[40,14],[51,54],[71,-16],[37,53],[-37,76],[28,81],[25,19],[23,226],[51,78],[44,0],[3,-32],[49,-16],[96,106],[40,4],[13,32],[-69,158],[105,17],[65,51],[27,-13],[-13,-77],[69,32],[31,73],[53,26],[21,47],[37,27],[26,-6],[9,-43],[54,-88],[14,7],[-39,72],[8,93],[89,1],[45,114],[-10,70],[-32,84],[41,63],[-21,87],[15,68],[55,37],[-9,27],[37,89],[94,117],[72,50],[82,74],[74,-56],[79,-11],[74,26],[21,44],[58,60],[-18,14],[-58,-59],[-96,-49],[-58,16],[-15,78],[-29,41],[-5,65],[10,109],[-15,119],[13,47],[6,119],[21,113],[1,107],[-16,108],[59,57],[119,52],[58,53],[101,56],[26,25],[74,35],[55,-31],[38,-41],[36,2],[34,-34],[43,-18],[16,-32],[-27,-119],[-51,-50],[-36,-65],[44,-3],[79,84],[14,41],[35,42],[-14,98],[-49,53],[-68,42],[-51,-17],[-6,29],[25,27],[47,11],[63,61],[35,63],[35,37],[146,75],[77,75],[71,44],[24,3],[90,-32],[110,0],[80,15],[137,53],[82,-8],[124,18],[41,28],[77,31],[182,115],[98,84],[130,93],[57,47],[41,16],[110,97],[95,8],[48,13],[87,40],[92,71],[56,52],[25,64],[51,53],[87,23],[95,84],[38,48],[37,20],[77,17],[92,48],[70,50],[19,31],[78,35],[59,64],[25,76],[66,58],[87,-15],[111,-7],[87,14],[141,58],[120,69],[24,-4],[-8,-64],[33,1],[-1,54],[56,43],[52,19],[24,29],[77,20],[58,2],[77,-66],[34,19],[40,-48],[66,-21],[168,-40],[86,-9],[41,21],[61,-23],[11,-31],[79,6],[80,22],[42,33],[54,9],[-6,28],[92,-13],[83,31],[43,65],[101,57],[199,154],[112,105],[72,78],[58,74],[41,28],[51,51],[50,10],[63,-54],[21,-44],[55,-34],[55,-8],[79,5],[19,-96],[-8,-43],[31,-29],[45,-15],[27,16],[-82,41],[-7,91],[40,28],[85,1],[74,27],[82,66],[110,136],[76,67],[34,42],[115,70],[42,10],[58,-23],[10,-67],[45,-36],[56,-1],[62,-45],[63,-31],[-4,37],[-47,23],[-77,56],[-79,22],[-18,41],[109,81],[120,106],[58,-8],[37,-44],[45,-4],[50,-26],[-29,-56],[47,-21],[1,100],[39,28],[39,67],[39,13],[78,67],[19,45],[70,104],[32,10],[54,-61],[-38,-86],[51,0],[47,-33],[71,-4],[64,-27],[95,-14],[227,-19],[59,2],[98,18],[119,34],[185,93],[82,53],[53,56],[73,23],[44,23],[47,67],[80,30],[36,-8],[59,18],[47,33],[43,12],[93,65],[49,14],[31,48],[70,38],[35,-3],[60,-63],[192,2],[5,49],[40,71],[45,-6],[43,27],[38,3],[29,27],[-71,16],[4,56],[-44,-9],[-34,14],[-40,-15],[-78,-52],[-33,1],[-31,-38],[-60,2],[-22,-33],[-88,-19],[3,33],[30,40],[87,53],[40,-1],[53,28],[36,37],[39,8],[28,31],[25,-13],[84,57],[76,-2],[45,-44],[101,2],[50,-13],[17,-30],[35,12],[4,-87],[27,-27],[29,8],[19,-48],[68,12],[8,48],[-49,35],[-38,-3],[-47,-24],[-4,108],[106,94],[24,105],[24,31],[96,36],[36,-31],[-8,-67],[31,-38],[-41,-112],[-38,-17],[-55,32],[-37,-5],[-25,-41],[-40,-24],[7,-33],[38,6],[22,64],[42,7],[93,-44],[-3,-38],[52,-66],[14,-98],[24,26],[-9,99],[-55,48],[1,50],[45,21],[29,38],[16,141],[93,-120],[19,-41],[-59,-75],[25,-60],[32,18],[-23,44],[40,35],[48,-42],[108,-29],[72,-67],[2,71],[-24,24],[4,46],[-13,87],[22,54],[70,65],[6,59],[37,14],[113,-15],[-60,42],[-79,15],[-68,48],[-49,47],[-5,31],[34,31],[-21,25],[9,71],[46,16],[11,31],[40,22],[82,-29],[-3,64],[68,-5],[72,-70],[48,44],[-45,45],[41,20],[1,24],[39,26],[42,7],[-15,46],[-83,-66],[1,-24],[-38,-42],[19,-30],[-26,-20],[-30,49],[-61,19],[59,44],[-14,16],[-60,-41],[-11,53],[-1,88],[44,75],[64,42],[24,-72],[55,59],[-13,22],[-58,6],[8,50],[38,41],[164,124],[90,22],[40,-28],[63,29],[89,6],[71,-23],[48,-29],[42,26],[-128,86],[-29,39],[24,44],[-46,12],[-21,36],[-3,44],[26,48],[106,82],[131,122],[125,133],[73,31],[72,-27],[4,-130],[45,-13],[59,-65],[5,-34],[-42,-57],[30,-13],[28,69],[-6,43],[-61,67],[-3,75],[70,4],[25,30],[24,85],[-38,-18],[-23,-67],[-56,2],[-37,73],[-35,15],[34,57],[54,50],[121,155],[77,0],[64,-87],[20,34],[-42,61],[-45,30],[-9,33],[40,41],[39,1],[41,26],[44,-9],[24,-50],[43,-15],[-40,98],[-61,57],[78,44],[96,83],[18,34],[66,48],[72,27],[19,-75],[33,-46],[7,-63],[45,34],[-26,44],[-17,66],[32,54],[-3,85],[47,52],[34,-15],[27,17],[43,-9],[37,24],[51,-24],[71,15],[46,-2],[71,-41],[0,33],[-39,14],[-4,54],[34,31],[98,44],[66,89],[10,81],[-28,43],[60,56],[48,17],[34,37],[62,-14],[-16,-31],[6,-47],[47,58],[66,24],[69,-38],[-18,-53],[107,22],[36,34],[51,-2],[45,54],[74,-7],[59,-27],[16,15],[-24,51],[5,30],[44,64],[19,57],[-27,52],[6,23],[49,47],[46,19],[22,-29],[8,-59],[-14,-70],[6,-77],[43,3],[-8,49],[44,-14],[56,57],[13,39],[-50,69],[13,31],[56,-12],[117,16],[45,-39],[-10,-45],[10,-53],[21,-33],[77,25],[53,50],[35,-103],[11,74],[-62,89],[-61,27],[-22,56],[56,47],[54,22],[93,-3],[34,-23],[-10,-32],[19,-53],[32,-4],[-9,54],[53,-26],[128,-1],[48,131],[42,38],[-22,31],[42,100],[-2,28],[53,33],[95,24],[-93,96],[-8,99],[15,39],[75,69],[43,-14],[34,25],[32,57],[29,21],[50,-3],[59,-25],[-32,60],[-62,53],[59,156],[42,62],[27,22],[78,99],[80,40],[-53,37],[100,217],[73,35],[-25,59],[-6,53],[25,56],[47,54],[51,12],[7,44],[78,103],[146,126],[29,36],[29,84],[101,93],[39,25],[46,8],[16,-22],[-5,-69],[-46,-23],[22,-94],[45,57],[2,119],[77,16],[67,37],[38,75],[32,17],[77,10],[138,77],[51,52],[207,135],[142,83],[101,8],[58,31],[154,40],[41,35],[177,25],[168,82],[105,10],[58,24],[64,39],[96,-8],[43,14],[90,60],[48,15],[99,57],[69,33],[62,51],[36,-41],[-47,-75],[40,-122],[27,79],[-25,72],[51,27],[0,51],[72,-28],[42,16],[46,-4],[32,18],[75,13],[79,39],[86,-42],[75,-66],[34,-65],[35,-3],[-29,84],[-79,53],[-12,30],[18,53],[50,50],[76,41],[69,68],[18,60],[81,74],[55,29],[30,-59],[53,-45],[73,-10],[48,13],[103,114],[14,84],[-55,127],[16,83],[56,63],[15,97],[-8,159],[9,109],[-48,79],[34,75],[75,-9],[38,15],[43,81],[77,34],[-15,22],[-102,-31],[-110,47],[6,38],[29,23],[14,46],[-24,70],[68,80],[27,54],[18,114],[-25,77],[-1,40],[17,66],[30,36],[2,44],[48,7],[43,-39],[91,-37],[97,-62],[9,-38],[45,-70],[53,-50],[56,-34],[53,-8],[56,13],[67,-1],[57,25],[16,-27],[-38,-39],[-76,-17],[-5,-39],[-86,-61],[21,-23],[47,12],[21,30],[88,59],[70,2],[18,-21],[-3,-45],[70,6],[39,24],[65,-2],[67,-24],[178,-90],[70,14],[26,-43],[61,47],[121,37],[139,23],[56,20],[35,28],[45,65],[9,47],[49,61],[24,78],[38,25],[66,104],[46,-23],[136,-28],[51,2],[71,19],[143,62],[38,28],[74,11],[38,18],[61,71],[-13,38],[56,19],[24,-76],[30,-18],[107,-3],[107,10],[28,-11],[132,39],[53,3],[26,-16],[35,14],[58,-24],[-23,56],[14,19],[88,-7],[125,8],[53,12],[39,78],[40,-6],[103,81],[84,33],[-4,41],[35,37],[91,5],[36,25],[-80,16],[116,59],[52,38],[3,28],[48,28],[5,24],[102,75],[98,-6],[-68,43],[-35,51],[7,37],[78,109],[49,33],[45,-30],[37,2],[-55,59],[5,36],[98,23],[44,-4],[75,18],[55,-3],[46,25],[40,-7],[8,32],[55,6],[186,47],[91,9],[40,-50],[62,50],[56,16],[37,-81],[61,13],[-78,145],[113,21],[88,89],[9,19],[69,56],[52,-10],[72,74],[18,-24],[-53,-86],[-6,-56],[44,-10],[24,-47],[39,89],[-18,41],[3,79],[64,75],[45,-49],[-2,-42],[30,-82],[-7,-39],[-76,-38],[16,-84],[69,-23],[-15,-83],[49,29],[9,72],[-74,49],[81,93],[57,-26],[68,-72],[-4,-39],[32,-34],[-45,-21],[-7,-29],[54,1],[53,29],[6,32],[-61,6],[8,28],[60,16],[-24,56],[-73,11],[-42,27],[-55,66],[146,-24],[83,-2],[30,-41],[70,-42],[-2,36],[59,29],[69,72],[31,8],[42,57],[78,24],[-46,28],[-35,-2],[-46,-30],[-24,-45],[-73,-63],[-54,-8],[-106,37],[-40,31],[-33,-5],[-58,31],[-53,6],[-34,22],[1,105],[129,105],[24,47],[107,48],[22,32],[148,60],[66,-7],[62,32],[50,-24],[83,19],[-27,38],[24,60],[85,39],[27,38],[-15,64],[47,20],[34,38],[-5,31],[51,17],[47,42],[76,40],[19,21],[14,101],[157,-28],[47,12],[36,-11],[44,10],[93,57],[49,5],[36,-22],[32,7],[22,39],[-11,28],[-110,-1],[-47,46],[36,40],[-30,19],[-51,-14],[54,112],[49,19],[35,57],[33,9],[-17,44],[25,55],[36,-12],[40,12],[-19,47],[72,74],[-5,23],[33,32],[37,1],[50,49],[42,15],[14,-50],[60,-9],[26,38],[43,14],[42,76],[69,41],[-10,37],[-30,32],[-95,-64],[-123,-46],[-29,12],[9,41],[49,45],[57,107],[46,49],[61,-19],[99,42],[5,21],[57,20],[49,46],[4,42],[64,64],[-32,38],[-30,-14],[-70,4],[-2,35],[24,32],[12,55],[77,28],[25,-6],[66,40],[41,-14],[30,15],[105,-4],[40,34],[35,-9],[108,24],[92,-2],[19,-20],[40,24],[58,-10],[52,-47],[-47,-96],[-35,-38],[-77,-36],[-14,-62],[-100,-67],[-110,-142],[-39,-62],[-32,-19],[-45,-64],[-100,-101],[-42,-26],[12,-76],[-41,0],[-26,-23],[26,-33],[88,29],[10,-17],[-15,-83],[-62,-108],[-60,53],[-48,-18],[-31,-37],[80,-33],[-26,-49],[0,-45],[-24,-47],[-57,-49],[-5,-36],[-113,-52],[12,-68],[50,-38],[-18,-75],[-63,-58],[-21,-100],[-11,-122],[21,-34],[32,-11],[35,-74],[20,-97],[28,2],[37,-71],[28,-12],[73,-98],[68,-62],[37,-17],[81,-89],[150,-71],[69,-22],[83,-8],[106,-45],[38,-7],[111,-41],[86,-11],[49,4],[28,23],[44,-10],[55,16],[86,-39],[59,-2],[37,35],[124,29],[88,62],[54,24],[43,-29],[13,29],[52,25],[48,45],[72,21],[87,37],[69,14],[-86,40],[12,62],[29,40],[59,43],[63,65],[42,-23],[59,8],[57,84],[59,24],[-22,32],[100,30],[-57,16],[11,28],[36,2],[82,53],[43,56],[88,-2],[69,51],[32,-12],[89,15],[109,41],[60,1],[101,16],[6,18],[93,5],[-3,-25],[-35,-43],[-62,-53],[110,-28],[22,-85],[53,38],[43,72],[39,-9],[37,42],[51,-3],[9,77],[71,81],[53,47],[68,19],[106,7],[73,25],[18,50],[27,9],[62,51],[114,-38],[-23,-33],[-6,-57],[-47,-63],[61,-90],[84,-56],[92,-28],[59,31],[17,-28],[71,29],[77,-11],[22,32],[-10,39],[23,37],[6,49],[90,86],[-21,35],[-2,69],[28,15],[10,38],[65,29],[52,93],[61,29],[31,38],[106,63],[29,62],[27,20],[19,43],[47,-11],[107,38],[30,-53],[-57,-27],[5,-20],[-71,-36],[22,-60],[28,-36],[60,-44],[41,21],[51,2],[15,-57],[49,-89],[38,-49],[-14,-33],[38,-49],[-31,-20],[-17,-39],[-63,36],[-29,-39],[-59,27],[-51,54],[-117,35],[92,-66],[30,-81],[-38,-31],[-9,-38],[-73,-76],[-37,-13],[-29,13],[44,64],[-112,-72],[-75,-75],[21,-15],[122,49],[76,37],[41,46],[37,-12],[-31,-47],[21,-86],[-40,-23],[-29,-46],[-38,14],[40,53],[-53,35],[-28,-7],[-7,-36],[29,-44],[-30,-47],[-24,-74],[51,-23],[-10,-100],[134,73],[43,17],[-30,32],[-6,34],[-42,34],[-3,45],[61,18],[72,-59],[41,6],[11,23],[43,-8],[101,-48],[-45,-35],[-9,-32],[-47,-13],[-53,-56],[-67,-39],[-9,-91],[-42,-6],[-9,-45],[-44,-32],[8,-49],[56,64],[21,42],[29,-15],[-11,-69],[47,-41],[68,-5],[75,-69],[37,12],[-83,48],[-17,26],[-81,8],[-19,70],[59,52],[-11,50],[50,86],[46,-18],[-51,-41],[71,-66],[106,-43],[27,-69],[91,-100],[48,-16],[40,14],[86,-16],[-49,-57],[-77,-6],[-16,-34],[74,6],[57,33],[30,82],[-36,19],[-70,12],[-37,-17],[-39,11],[-24,88],[128,22],[99,-31],[134,-52],[0,-25],[47,-51],[-27,-44],[39,-45],[28,26],[-31,103],[69,-15],[88,-46],[69,-47],[75,-72],[88,-66],[46,-9],[18,56],[78,-9],[10,-59],[79,15],[5,-59],[61,33],[84,-15],[76,0],[76,-24],[42,2],[127,-47],[38,-28],[94,-9],[38,-19],[61,13],[45,-4],[75,-52],[25,0],[37,-44],[-12,-50],[-90,-47],[-27,-47],[-19,-67],[-31,-2],[-72,47],[-32,-42],[-56,-11],[0,-45],[58,26],[48,40],[50,-71],[74,9],[17,-31],[-32,-72],[8,-62],[54,27],[13,100],[-31,71],[7,44],[103,79],[63,34],[26,35],[-2,69],[-47,39],[10,52],[80,-10],[70,-72],[50,-91],[53,-52],[-23,-114],[28,-96],[-75,-116],[15,-41],[58,-40],[18,50],[-21,31],[10,71],[87,122],[43,9],[64,-46],[-11,65],[-61,13],[-59,-37],[-32,32],[32,71],[32,21],[-3,35],[-48,72],[11,99],[79,36],[20,25],[43,12],[102,3],[53,-41],[42,44],[67,0],[46,-17],[31,8],[100,-57],[-33,-67],[24,-40],[48,-25],[27,-40],[-21,-29],[39,-25],[36,78],[45,-13],[35,-57],[39,-11],[43,-45],[70,30],[-69,22],[-59,43],[-46,62],[-67,-2],[-64,28],[8,32],[81,49],[11,58],[139,32],[136,-4],[82,10],[80,22],[86,50],[99,11],[73,31],[174,6],[23,17],[155,22],[76,20],[123,44],[80,37],[31,0],[43,-26],[67,-15],[-8,-65],[-72,-109],[-4,-39],[-68,-103],[47,16],[6,41],[29,34],[51,-3],[-38,47],[35,44],[49,105],[-16,67],[-30,21],[16,34],[99,35],[113,69],[64,25],[25,-27],[69,-7],[45,-30],[46,0],[-29,63],[29,61],[29,17],[64,-1],[-2,43],[-47,73],[59,-3],[138,38],[89,18],[72,33],[137,74],[40,42],[113,9],[32,-25],[55,43],[34,-3],[-125,-97],[-44,-82],[89,-36],[16,-101],[45,-88],[-17,-65],[13,-54],[-40,-21],[-61,-81],[42,5],[92,76],[78,-1],[-8,57],[-30,33],[30,104],[83,162],[66,49],[36,-15],[-56,-70],[-1,-49],[51,-19],[-15,56],[36,23],[44,-16],[37,44],[66,125],[34,-2],[52,-69],[-1,-68],[84,-88],[5,-25],[43,-26],[52,16],[39,-13],[30,25],[54,1],[55,46],[54,0],[45,17],[73,-3],[153,32],[39,29],[46,10],[92,52],[133,37],[103,36],[33,-56],[68,-8],[68,5],[27,-49],[49,-5],[29,16],[31,-18],[32,-51],[54,52],[-63,0],[-19,72],[-49,-1],[-43,-34],[-51,60],[-55,8],[-27,-14],[-20,47],[54,95],[59,34],[63,16],[46,-26],[43,-6],[-14,47],[39,53],[58,41],[25,33],[51,21],[24,35],[83,75],[36,8],[74,69],[63,21],[85,41],[65,49],[64,27],[25,39],[114,77],[59,15],[-4,-38],[90,13],[-61,46],[-8,85],[69,169],[38,33],[74,28],[46,-34],[50,0],[27,36],[38,-31],[14,85],[-81,-41],[-50,73],[-37,-3],[-46,49],[0,61],[49,86],[36,16],[70,65],[56,22],[64,9],[45,-30],[6,-24],[45,-12],[53,27],[41,-38],[18,-37],[-16,-38],[60,-36],[31,3],[52,-46],[-27,-84],[103,112],[-51,-3],[-45,49],[54,36],[-59,19],[-23,25],[26,109],[75,46],[100,37],[6,-20],[57,11],[17,-36],[94,-23],[48,-82],[-25,-54],[-51,-11],[0,-28],[47,-46],[42,86],[17,107],[110,31],[63,-48],[46,-10],[27,34],[0,34],[29,54],[-28,25],[73,71],[-106,-12],[-8,-50],[45,-46],[-32,-44],[-46,2],[-82,74],[-38,16],[-61,-13],[-40,29],[46,37],[27,97],[3,52],[35,33],[-9,53],[-41,-29],[-48,-55],[-12,-46],[16,-20],[-14,-40],[-35,-1],[-74,23],[-41,38],[83,187],[32,25],[32,90],[7,66],[-43,82],[-10,127],[60,50],[57,-1],[29,-46],[47,-23],[5,-44],[30,-31],[21,38],[-29,106],[116,21],[81,-2],[161,30],[43,0],[149,52],[167,86],[214,130],[92,75],[80,82],[74,94],[81,131],[-3,27],[267,82],[86,50],[100,78],[119,70],[22,29],[137,51],[7,-34],[-29,-39],[35,-9],[9,87],[32,22],[5,50],[70,35],[89,61],[96,53],[45,45],[79,49],[116,52],[148,75],[41,29],[123,112],[152,167],[95,9],[58,-3],[27,-23],[0,-94],[14,-26],[-8,-44],[59,-112],[-47,-10],[-111,78],[-15,74],[-29,32],[-35,-3],[-122,-67],[-22,-53],[42,-57],[55,44],[46,0],[3,27],[-76,29],[81,62],[45,-35],[0,-35],[-26,-48],[92,-25],[44,-35],[63,-25],[16,-53],[-69,17],[-6,28],[-112,67],[-42,9],[-39,-11],[9,-44],[70,-39],[60,2],[76,-37],[20,-36],[-54,-20],[-4,30],[-100,53],[-115,-15],[-103,-35],[-56,-33],[-14,-41],[22,-16],[-17,-52],[20,-69],[52,14],[61,-4],[35,36],[56,27],[85,6],[48,26],[30,-5],[53,26],[86,-3],[29,-22],[-8,-45],[-50,-6],[-7,-65],[-51,-50],[9,-65],[27,19],[1,53],[44,27],[34,47],[79,78],[23,62],[136,26],[-42,35],[56,21],[100,-16],[81,-23],[18,-26],[54,28],[29,-43],[70,-11],[35,25],[-25,31],[38,41],[45,71],[-24,21],[72,28],[91,11],[66,30],[99,5],[47,-71],[11,-54],[43,34],[69,8],[10,64],[37,46],[52,-13],[63,-30],[30,-41],[34,9],[-34,60],[-69,44],[-191,-15],[14,36],[221,36],[39,-7],[106,36],[42,24],[93,0],[67,34],[135,98],[34,-29],[11,-37],[-22,-84],[54,-115],[62,-44],[-9,-27],[-68,19],[-48,-64],[33,-39],[19,38],[51,27],[43,-23],[31,4],[45,-33],[9,-44],[23,-18],[5,-60],[57,24],[19,44],[-4,77],[-15,89],[43,39],[31,-19],[-14,-83],[24,-17],[66,107],[44,21],[58,1],[60,30],[45,1],[80,-17],[27,-17],[40,-74],[47,-30],[-5,-55],[37,14],[9,51],[-10,46],[-34,39],[13,42],[35,-2],[-7,44],[64,60],[25,-9],[116,17],[49,21],[18,-12],[73,1],[31,-16],[-16,-68],[112,49],[18,49],[92,27],[109,-57],[61,-63],[50,-17],[110,-15],[70,5],[9,36],[125,-1],[-31,40],[-28,-7],[-68,22],[-45,38],[-17,53],[-28,24],[105,60],[89,-15],[-90,-36],[40,-54],[135,-2],[32,28],[103,18],[6,-19],[-58,-55],[-31,-54],[63,11],[50,75],[41,24],[-66,55],[32,41],[53,26],[74,52],[65,23],[77,60],[66,7],[17,-22],[-5,-75],[-42,-44],[9,-72],[47,-27],[-11,56],[9,55],[66,45],[15,79],[41,21],[70,-56],[32,10],[-36,58],[-61,47],[-36,15],[-91,-31],[-99,2],[-82,31],[67,23],[118,20],[37,19],[75,11],[170,61],[90,2],[45,-46],[-57,-57],[-55,-113],[29,-55],[25,-3],[-19,-58],[42,-35],[-27,-43],[-46,24],[-58,99],[-24,-22],[46,-109],[26,-42],[-43,-68],[-53,-13],[63,-60],[-35,-15],[-27,23],[-36,-2],[-19,-83],[37,-17],[81,52],[20,41],[8,66],[48,-5],[29,54],[76,48],[23,-43],[-29,-29],[-17,-74],[44,18],[29,-109],[28,31],[-25,62],[24,23],[68,-26],[46,-54],[31,-3],[34,-34],[91,14],[-99,45],[-74,68],[10,19],[55,-2],[176,52],[49,-23],[96,48],[65,-46],[23,-37],[34,26],[-12,46],[-37,-8],[-85,56],[-51,-11],[-67,35],[-48,1],[-152,-67],[-61,33],[18,33],[-194,92],[6,87],[85,32],[92,-2],[23,27],[11,50],[51,111],[24,-35],[-24,-95],[55,-54],[68,4],[150,27],[83,43],[161,55],[102,-5],[7,-31],[-31,-25],[-5,-43],[45,-80],[42,-19],[98,-25],[29,-30],[69,-21],[7,-22],[82,-37],[-54,-65],[74,6],[59,-18],[29,-27],[-10,-40],[-48,-57],[102,23],[24,34],[-12,66],[99,67],[-30,16],[-44,-42],[-51,6],[73,70],[99,55],[8,17],[144,49],[25,19],[139,30],[96,42],[147,75],[104,45],[161,112],[32,-9],[118,23],[52,49],[57,14],[73,-23],[84,5],[95,25],[43,-4],[39,27],[37,-7],[71,-78],[23,57],[75,-3],[83,11],[30,32],[19,-45],[29,23],[-14,49],[66,-33],[80,-20],[22,6],[73,-33],[-60,73],[-113,56],[21,15],[-7,76],[48,38],[-24,28],[-4,68],[48,77],[27,28],[-3,37],[58,95],[20,69],[30,29],[53,15],[41,33],[38,-65],[65,-24],[58,-82],[136,-36],[39,-36],[-57,-36],[-31,-73],[25,-15],[28,63],[61,49],[1,34],[-42,42],[-118,30],[-25,19],[-19,48],[-3,58],[-32,7],[17,80],[34,82],[43,68],[93,100],[121,170],[64,105],[111,164],[168,128],[57,10],[33,21],[117,32],[115,52],[126,75],[113,101],[104,111],[24,49],[93,126],[49,111],[64,125],[29,74],[75,298],[15,153],[70,177],[43,75],[21,16],[55,-9],[99,5],[69,17],[109,53],[105,11],[118,35],[80,53],[49,2],[51,-22],[38,3],[40,32],[115,45],[43,25],[102,106],[43,35],[116,155],[30,10],[22,64],[-8,38],[-51,54],[15,89],[-3,35],[43,61],[67,67],[41,16],[94,3],[74,-24],[85,-10],[31,-23],[135,-59],[100,-58],[38,-42],[83,-47],[40,-47],[-2,-42],[71,-103],[-3,-62],[12,-57],[35,-12],[45,-65],[97,-84],[59,4],[74,-41],[72,-5],[63,-24],[61,15],[79,-31],[86,-24],[72,33],[-26,50],[-170,23],[-46,19],[-35,-8],[-85,47],[-150,24],[-23,27],[-19,101],[-37,97],[-3,43],[14,96],[-6,57],[17,23],[45,164],[7,63],[73,34],[28,27],[54,21],[102,9],[72,-18],[49,10],[216,-25],[117,-34],[120,-56],[44,-35],[8,-26],[60,-2],[183,-92],[87,-20],[139,-20],[-37,-24],[175,-14],[178,-50],[84,-11],[162,-51],[35,-27],[129,3],[33,17],[80,13],[58,-2],[247,-45],[81,-28],[81,6],[105,-65],[-24,-55],[32,-54],[36,30],[12,48],[77,-13],[208,10],[70,54],[57,6],[53,-18],[47,-36],[32,-4],[43,-32],[24,-52],[69,-60],[45,-25],[-15,-55],[70,-16],[88,13],[11,25],[44,-6],[121,13],[78,35],[5,40],[57,-37],[6,-22],[92,-34],[102,-28],[16,-18],[-35,-57],[16,-34],[36,-16],[62,-81],[92,-66],[36,-39],[89,-67],[62,-20],[140,-104],[71,-25],[94,-46],[46,1],[25,-44],[65,-15],[106,-45],[39,14],[86,-22],[87,-75],[71,4],[26,30],[56,14],[68,3],[111,22],[177,47],[125,46],[218,103],[129,67],[40,12],[181,113],[97,104],[59,114],[6,53],[67,75],[-17,24],[30,41],[-40,57],[67,41],[96,37],[126,38],[-2,-41],[22,-18],[9,-63],[35,-38],[1,-72],[-23,-33],[9,-29],[52,-24],[-30,-72],[-51,-13],[-58,-63],[12,-38],[-94,25],[-17,-41],[148,3],[-2,69],[48,13],[102,59],[3,22],[44,17],[57,-43],[23,52],[38,44],[57,38],[159,19],[35,28],[25,-10],[-23,-53],[75,-73],[26,26],[-59,26],[-9,97],[-86,46],[14,35],[55,4],[-16,47],[-31,6],[-22,94],[4,47],[26,7],[12,90],[-22,32],[-110,57],[9,37],[61,10],[69,52],[74,18],[63,-16],[0,-71],[64,2],[27,-24],[-2,-30],[42,-9],[27,43],[71,22],[-33,61],[-44,118],[-35,28],[97,4],[22,-29],[-9,-35],[40,-33],[65,-5],[67,-56],[63,2],[58,-40],[135,-16],[116,-7],[109,2],[254,39],[279,88],[-14,-30],[88,-7],[39,8],[33,63],[93,27],[66,28],[146,43],[97,38],[130,35],[33,1],[197,39],[94,11],[479,123],[195,19],[184,-13],[117,-14],[124,12],[71,1],[172,20],[221,35],[276,78],[40,-27],[79,-14],[-28,56],[75,-9],[132,34],[122,20],[123,27],[103,15],[79,21],[100,10],[92,-9],[92,-30],[138,-4],[85,13],[195,-3],[55,12],[127,-1],[134,42],[151,37],[212,62],[32,3],[132,52],[117,27],[186,56],[78,30],[212,68],[74,4],[32,16],[97,24],[115,43],[119,33],[56,27],[165,64],[145,69],[48,8],[94,41],[178,62],[125,53],[72,8],[148,44],[47,-2],[77,19],[105,45],[114,39],[118,59],[130,48],[106,30],[115,50],[83,8],[192,95],[86,18],[121,38],[90,44],[85,29],[130,20],[146,57],[97,29],[60,35],[105,39],[121,53],[102,36],[243,50],[111,29],[75,10],[81,25],[163,42],[165,55],[326,140],[37,10],[211,101],[55,17],[88,41],[70,22],[238,113],[208,85],[235,111],[230,82],[121,62],[46,9],[170,78],[126,47],[139,65],[121,44],[109,56],[110,41],[90,25],[115,44],[108,66],[157,52],[8,-47],[89,68],[131,46],[102,50],[60,15],[237,104],[79,26],[179,73],[69,22],[173,84],[42,4],[119,41],[119,72],[153,71],[179,107],[211,147],[233,138],[141,60],[169,116],[41,34],[215,112],[135,94],[146,113],[57,25],[105,66],[125,61],[71,55],[121,78],[62,63],[34,18],[170,108],[95,87],[103,78],[94,49],[175,139],[221,156],[134,110],[418,378],[53,56],[163,155],[47,57],[95,97],[49,69],[93,83],[175,182],[23,33],[197,173],[72,87],[141,133],[47,60],[65,60],[29,46],[87,90],[23,39],[102,131],[86,99],[72,104],[203,239],[54,84],[123,163],[315,400],[47,87],[88,105],[43,73],[126,158],[109,165],[88,110],[87,127],[81,99],[23,51],[104,150],[33,62],[134,191],[44,55],[67,115],[51,75],[54,48],[95,160],[79,179],[47,117],[39,130],[24,105],[-15,63],[-68,28],[-8,49],[49,-6],[52,41],[62,77],[78,80],[55,82],[27,59],[38,47],[26,63],[85,126],[30,80],[55,117],[56,185],[0,28],[-35,78],[-11,80],[-68,84],[-34,31],[11,57],[36,16],[62,-19],[61,-68],[93,-38],[67,-9],[133,98],[104,-8],[54,43],[-33,23],[-34,-44],[-72,28],[-43,-35],[-115,-10],[111,175],[32,60],[47,65],[43,76],[53,128],[19,22],[-8,56],[12,122],[19,47],[10,97],[-30,60],[24,60],[43,33],[33,-45],[60,12],[69,63],[50,85],[22,97],[42,88],[34,30],[62,-74],[39,-18],[32,59],[-63,-12],[-29,19],[-14,43],[21,62],[23,109],[25,36],[59,31],[74,-13],[-6,48],[38,41],[34,-41],[9,-56],[-46,-123],[33,-11],[5,62],[38,97],[7,82],[-18,89],[-103,116],[-4,46],[55,129],[34,169],[45,75],[-51,7],[-20,42],[-6,75],[-38,65],[-71,23],[-94,99],[-60,18],[-27,-22],[-84,9],[-28,18],[-20,172],[-7,110],[3,147],[21,49],[114,66],[12,-22],[-40,-102],[43,-98],[53,-21],[-33,68],[-15,57],[132,-15],[51,7],[73,34],[71,8],[44,-12],[25,-30],[63,-32],[20,-50],[54,-42],[71,14],[85,-35],[-46,64],[48,41],[60,15],[12,29],[105,46],[39,39],[19,50],[30,-31],[43,-18],[46,-54],[90,25],[61,-15],[114,54],[88,63],[38,1],[27,-34],[-10,-70],[34,1],[8,55],[45,7],[2,28],[-58,13],[20,90],[29,59],[62,97],[35,41],[52,36],[52,11],[69,-26],[27,2],[212,170],[28,51],[45,25],[-18,-67],[30,-25],[43,39],[20,60],[-36,9],[16,58],[-3,76],[-58,22],[-22,34],[-3,52],[16,79],[-21,43],[20,69],[-29,57],[-15,58],[25,32],[-76,34],[-105,125],[-68,5],[-55,21],[-53,85],[-41,34],[-67,10],[-64,-7],[-51,12],[-99,52],[-66,9],[-5,46],[16,55],[81,3],[79,15],[9,48],[81,38],[96,29],[109,109],[100,165],[21,58],[41,59],[61,119],[46,153],[31,43],[49,41],[25,1],[72,-69],[-16,-31],[-47,-13],[-38,-72],[-5,-40],[50,-47],[18,-41],[-38,-55],[-2,-47],[79,74],[14,39],[-50,49],[-17,49],[22,20],[79,26],[77,80],[26,63],[39,48],[21,58],[36,57],[-41,62],[-34,25],[15,-87],[-54,-54],[-42,-80],[-32,-8],[-22,-41],[-39,104],[-61,33],[-32,48],[3,74],[-33,31],[45,22],[41,72],[69,91],[119,123],[47,59],[29,63],[108,56],[125,-5],[88,45],[65,-79],[15,-69],[57,-37],[27,-49],[33,-28],[80,-29],[47,-43],[49,-21],[62,-9],[132,19],[76,24],[137,29],[75,28],[64,33],[156,116],[58,37],[60,16],[140,118],[49,-17],[46,19],[180,139],[246,238],[52,72],[101,8],[74,-1],[61,20],[64,71],[89,65],[75,23],[50,59],[68,107],[58,43],[76,131],[63,28],[65,64],[104,175],[58,139],[27,47],[44,50],[30,7],[52,-16],[47,16],[41,-5],[61,-26],[59,12],[102,94],[87,56],[121,29],[189,31],[96,41],[101,76],[137,143],[90,71],[80,110],[74,131],[31,-22],[65,-9],[-22,37],[5,42],[48,73],[29,82],[38,69],[30,82],[64,56],[112,53],[27,5],[44,-61],[-92,-45],[84,-2],[-25,-54],[-57,-41],[66,-44],[90,133],[34,90],[38,52],[2,63],[-27,31],[-38,9],[-31,42],[23,50],[106,124],[113,26],[94,9],[62,53],[85,-29],[32,11],[61,52],[58,37],[62,69],[34,19],[82,22],[78,9],[186,42],[122,63],[70,10],[69,40],[112,-27],[39,34],[31,62],[49,49],[82,60],[99,55],[109,84],[59,63],[55,78],[60,56],[65,39],[68,124],[35,30],[2,54],[17,80],[43,33],[13,80],[18,43],[-14,47],[9,60],[22,35],[-21,58],[13,50],[40,56],[-18,38],[-8,63],[30,73],[9,53],[-21,54],[-11,96],[12,64],[-15,50],[1,102],[-29,76],[-40,265],[-21,68],[41,46],[-124,23],[-57,74],[-61,38],[-51,48],[-69,12],[-68,-44],[-98,-17],[-68,46],[-77,-5],[-47,25],[-79,-7],[-79,8],[-55,22],[-51,-7],[-87,32],[-67,16],[-109,47],[-35,37],[-70,1],[-107,37],[-73,6],[-69,25],[-36,26],[-27,50],[-45,-8],[0,-49],[-32,-21],[-26,-77],[-24,12],[-31,-40],[1,-28],[-51,-48],[-43,-5],[-111,-57],[-102,-80],[-66,-79],[-43,-72],[-7,-37],[53,-65],[3,-31],[-28,-41],[-55,9],[-68,84],[-53,22],[-35,36],[-30,136],[-44,25],[-25,36],[-61,16],[-71,93],[67,-13],[35,21],[82,22],[78,88],[99,181],[25,62],[37,141],[-4,81],[25,127],[1,223],[39,218],[8,141],[-4,100],[-11,108],[5,63],[-35,179],[-10,131],[-31,149],[-27,91],[-18,187],[-39,159],[8,63],[-25,76],[59,121],[-55,104],[-14,74],[23,131],[14,141],[-2,294],[6,46],[-17,168],[-3,75],[-33,110],[-41,79],[-41,52],[-57,26],[-36,-44],[-22,247],[-24,122],[-19,152],[-11,34],[-25,156],[-17,69],[-63,142],[-33,33],[-18,73],[-40,18],[-29,42],[-62,22],[-41,33],[-60,76],[17,64],[-39,52],[-31,62],[28,81],[-5,72],[5,149],[-24,154],[-2,84],[-19,72],[-20,127],[15,35],[-1,79],[-14,78],[17,46],[30,4],[50,50],[25,101],[9,101],[-10,119],[-20,122],[3,134],[-13,81],[11,40],[-2,244],[-20,137],[47,48],[12,115],[-6,144],[-13,55],[-19,197],[41,25],[77,74],[42,81],[4,63],[30,94],[11,160],[1,152],[16,82],[43,118],[19,94],[19,139],[6,113],[44,70],[32,25],[36,118],[28,41],[63,56],[88,-2],[-19,-49],[117,-25],[38,37],[51,5],[25,26],[5,66],[38,36],[9,57],[-27,3],[-50,-74],[0,-60],[-59,-28],[25,146],[47,94],[76,106],[59,126],[55,167],[26,63],[29,-51],[-38,-25],[6,-27],[69,-23],[-26,66],[62,69],[28,-13],[5,-34],[45,-15],[39,11],[-43,54],[10,52],[49,86],[-35,50],[0,36],[77,90],[59,50],[28,-10],[-53,-62],[53,3],[29,-65],[36,0],[-11,82],[43,25],[57,-10],[11,75],[62,0],[6,21],[60,35],[6,-63],[22,-28],[45,25],[2,64],[-32,16],[-1,41],[119,-4],[92,-47],[21,12],[56,-11],[16,-32],[56,12],[75,-46],[9,-32],[72,-23],[-37,64],[47,9],[-16,31],[-84,-16],[6,42],[-89,24],[-52,35],[-28,-7],[-72,38],[-38,1],[-22,49],[95,19],[113,13],[127,-36],[1,87],[-62,25],[-44,-33],[-49,35],[-17,-25],[-64,-7],[-48,29],[4,131],[41,18],[31,-34],[44,8],[6,53],[-72,-14],[-69,2],[-58,-114],[-142,-68],[-40,0],[-47,-37],[-93,-9],[-61,11],[-61,35],[-26,47],[-2,35],[20,72],[41,93],[57,82],[38,25],[70,127],[56,36],[61,60],[56,68],[25,45],[58,64],[22,6],[80,79],[112,87],[97,40],[142,74],[80,-4],[53,13],[83,43],[86,57],[85,84],[119,143],[70,129],[18,57],[43,47],[-83,94],[37,42],[128,81],[159,83],[133,74],[178,121],[92,57],[81,70],[52,14],[37,-17],[45,4],[110,46],[78,40],[45,34],[59,81],[80,61],[85,47],[18,-10],[-63,-65],[-22,-3],[-32,-72],[13,-75],[-22,-40],[-81,-83],[-95,-51],[-13,-53],[-29,-34],[8,-49],[-18,-38],[-117,-35],[21,-33],[84,-23],[111,109],[8,37],[40,39],[67,34],[28,-33],[49,47],[44,-18],[-10,-61],[-20,-28],[30,-64],[26,67],[60,9],[42,-44],[1,92],[-26,21],[-18,45],[13,65],[39,49],[29,3],[21,32],[-77,-6],[9,53],[36,63],[53,64],[17,79],[-29,107],[-25,55],[-61,41],[14,47],[-2,134],[17,104],[-8,50],[23,18],[49,-28],[-22,-93],[47,-77],[60,-50],[-14,-22],[69,-12],[118,3],[10,-22],[-23,-45],[11,-33],[36,-31],[72,-21],[34,16],[31,-30],[4,-44],[45,-20],[-31,-87],[-70,-105],[-28,11],[-13,-52],[66,2],[95,37],[43,-6],[31,18],[36,-12],[52,-72],[54,-39],[107,21],[83,-61],[76,4],[170,37],[88,13],[72,-52],[62,38],[42,-37],[13,-41],[39,-48],[66,-16],[-8,41],[-36,7],[-25,71],[-31,51],[20,34],[-93,50],[-25,63],[-81,92],[-30,21],[-19,40],[-52,33],[-13,68],[-26,54],[17,86],[15,33],[-9,43],[4,56],[-30,62],[-37,32],[-78,-43],[-32,51],[0,71],[-27,59],[-55,67],[25,191],[-24,47],[-67,25],[-33,52],[-72,61],[-10,37],[9,88],[-43,69],[52,68],[103,86],[59,40],[-55,-102],[98,-85],[-27,92],[153,-18],[49,-78],[9,63],[35,-48],[10,75],[38,29],[-25,59],[-93,66],[-29,-6],[-30,60],[-66,21],[-22,84],[68,79],[69,55],[85,115],[55,6],[45,73],[-16,56],[-36,-6],[-6,36],[-41,17],[108,93],[39,19],[121,-18],[64,9],[29,-24],[67,-16],[40,19],[63,4],[25,-34],[2,-49],[20,-17],[2,-43],[54,-32],[-9,-30],[55,-94],[-26,-45],[13,-34],[50,-41],[100,-32],[79,-6],[138,23],[173,41],[57,21],[139,82],[44,-3],[53,31],[70,65],[73,46],[20,-2],[52,-42],[16,-46],[50,-35],[62,-9],[74,20],[240,107],[31,1],[39,42],[60,128],[30,48],[86,96],[56,46],[35,52],[92,-18],[20,-14],[-12,-46],[-61,-44],[-42,-44],[-14,-40],[-42,-45],[43,-4],[43,28],[31,65],[65,53],[55,-57],[20,34],[67,36],[54,-30],[39,-46],[5,-45],[56,-11],[3,-80],[38,33],[-11,53],[6,51],[-82,65],[-49,57],[-3,31],[132,-64],[103,-91],[157,-102],[11,-81],[53,22],[61,-63],[41,-22],[11,-35],[74,-66],[78,-20],[14,11],[65,-18],[-1,36],[-92,6],[12,50],[-67,34],[13,18],[-34,61],[-56,8],[-12,52],[49,43],[46,19],[-19,43],[-32,-14],[-44,7],[-33,41],[-3,46],[67,28],[7,52],[105,-10],[4,23],[-70,-10],[-34,17],[-56,-37],[-22,-28],[-54,-10],[-21,-21],[-51,29],[-24,-25],[-37,37],[-34,88],[-28,-25],[-46,44],[-30,54],[-80,51],[-81,-24],[-83,-6],[-37,7],[-22,171],[17,68],[5,64],[-35,100],[47,2],[37,35],[47,-20],[0,38],[-68,47],[-57,4],[-100,-41],[-23,-34],[19,-37],[-39,-69],[-95,33],[-87,43],[-70,57],[37,128],[-21,56],[-43,33],[74,168],[62,87],[74,139],[91,147],[65,118],[24,55],[43,135],[21,141],[20,95],[-21,129],[34,0],[14,49],[-35,26],[42,74],[58,44],[87,103],[42,23],[125,124],[69,90],[14,-18],[-90,-106],[-33,-80],[19,-36],[84,74],[45,48],[81,12],[73,-19],[55,21],[0,21],[81,21],[140,64],[51,34],[41,41],[35,66],[41,39],[40,68],[35,95],[19,30],[86,-60],[70,-67],[61,1],[47,14],[1,42],[-58,6],[-34,-18],[-36,13],[-41,49],[-68,39],[1,50],[-55,35],[-33,46],[-49,-77],[-21,28],[109,156],[31,-17],[-12,-55],[29,-32],[46,-14],[104,3],[95,19],[118,63],[52,41],[100,151],[19,36],[15,90],[-32,103],[-27,24],[-27,-15],[-61,26],[27,62],[21,162],[-19,50],[23,85],[26,52],[26,-55],[67,-4],[15,38],[-33,31],[-44,16],[17,49],[67,85],[18,39],[96,134],[19,53],[48,89],[18,70],[-1,69],[74,-43],[61,-6],[44,-38],[22,-43],[78,-33],[120,3],[135,33],[115,51],[117,90],[33,78],[58,2],[36,-45],[-17,-46],[-56,-19],[-3,-68],[46,30],[39,-6],[20,40],[-10,42],[11,36],[-47,57],[52,35],[64,26],[54,37],[243,107],[128,86],[84,-4],[-27,-50],[-4,-88],[-60,-32],[-34,22],[-25,-33],[-36,-15],[-10,-33],[-41,-26],[48,-52],[42,-8],[36,23],[11,-40],[48,-27],[-22,-22],[15,-53],[29,-38],[-20,-67],[-34,39],[-67,-17],[-29,5],[-68,-74],[-62,-28],[47,-40],[13,-50],[42,-33],[21,-62],[123,-1],[12,-30],[-46,-58],[4,-49],[73,-70],[65,-23],[23,-28],[51,-2],[45,-40],[78,-7],[94,89],[58,-8],[33,-27],[51,41],[39,-15],[-2,-37],[-32,-43],[-75,-41],[-50,-48],[-124,-86],[-55,-30],[-56,-47],[-28,-58],[5,-69],[-50,12],[1,65],[22,23],[9,60],[-67,44],[-32,4],[-31,-33],[-96,-1],[-33,-17],[-47,4],[24,63],[-12,31],[-88,18],[-60,-8],[-30,-54],[-55,-30],[-43,37],[-88,-46],[-37,36],[-32,-43],[-50,-34],[-21,-31],[23,-41],[-20,-64],[-34,-59],[42,8],[142,-7],[21,-22],[3,-85],[-34,-40],[-38,-72],[-62,-62],[-50,-32],[-46,-72],[-58,-3],[7,-99],[-20,-39],[90,7],[50,-23],[31,-38],[83,17],[50,-41],[107,23],[30,-81],[-36,-19],[-65,36],[-82,-29],[-59,-41],[-71,-117],[-45,-143],[52,-52],[-20,-36],[-48,-37],[-56,-10],[-30,17],[-47,1],[-36,-26],[-47,-119],[-48,-39],[-14,-52],[-45,-28],[36,-23],[1,-63],[31,-30],[51,-14],[101,14],[68,-38],[47,0],[26,18],[30,-21],[-43,-99],[25,-43],[39,-31],[112,77],[20,-9],[1,-131],[-25,-23],[17,-31],[-18,-43],[-45,-13],[-39,-68],[33,-43],[10,-39],[36,-43],[22,-50],[36,43],[31,16],[41,-8],[49,35],[16,54],[38,53],[23,79],[32,41],[0,40],[39,57],[51,5],[23,-71],[36,-58],[41,-38],[88,0],[25,-18],[-22,-61],[-1,-48],[-22,-30],[21,-90],[-48,-41],[-8,-54],[28,-83],[56,-34],[28,-4],[-18,-94],[-38,-32],[5,-72],[18,-63],[38,-21],[38,-52],[20,7],[47,-40],[17,-92],[154,-44],[60,8],[54,29],[48,-42],[58,17],[32,53],[19,101],[5,90],[-9,13],[9,94],[31,1],[-7,-126],[16,-61],[-8,-24],[16,-88],[-1,-67],[-21,-51],[60,-61],[38,-21],[16,-51],[87,-36],[70,-20],[131,-13],[154,35],[40,25],[18,33],[46,25],[34,44],[-21,52],[24,24],[-29,49],[0,33],[43,15],[39,-62],[21,-59],[6,-60],[24,-85],[-27,-63],[-60,-73],[-23,-61],[-14,-113],[-32,-65],[-42,32],[-54,3],[-43,36],[-55,3],[-54,-34],[-91,-108],[-59,-36],[9,-48],[-28,-32],[10,-151],[11,-55],[29,-21],[28,-49],[-39,-126],[66,52],[14,-22],[-4,-51],[-62,-76],[52,-58],[32,-5],[75,42],[26,53],[98,2],[101,-47],[42,-46],[38,-15],[92,-87],[68,7],[67,-76],[20,-95],[27,-42],[-26,-181],[17,-34],[29,-3],[33,-31],[-12,-43],[-34,3],[2,-85],[71,-52],[40,39],[33,-25],[11,-75],[56,-52],[-20,-29],[-60,-9],[-78,45],[-36,-3],[-30,-39],[-101,-214],[-42,-122],[-9,-100],[-1,-105],[-13,-67],[55,-50],[-19,-53],[-41,-47],[11,-58],[96,29],[73,-3],[91,-29],[181,-114],[6,-41],[59,-8],[67,-32],[48,-36],[92,-48],[91,-62],[103,-85],[73,-45],[139,-108],[31,-18],[79,-212],[55,-80],[101,-117],[37,-50],[98,-76],[-4,-32],[52,-83],[150,-193],[0,-72],[28,-105],[18,-43],[1,-57],[29,-92],[15,-139],[-38,-69],[17,-55],[60,-136],[7,-82],[28,-90],[78,-49],[65,-55],[93,-111],[53,-46],[97,-102],[41,-59],[83,-78],[-5,-46],[47,7],[67,-51],[46,-77],[53,-49],[133,-244],[11,-53],[86,-278],[43,-71],[25,-64],[65,-103],[70,-93],[56,-55],[28,-45],[52,-121],[52,-210],[14,-82],[19,-50],[10,-140],[-14,-147],[-35,-78],[-8,-78],[34,-87],[58,-22],[140,-104],[75,-24],[69,-8],[90,38],[29,-19],[44,-80],[42,-17],[68,-74],[50,-70],[49,-19],[125,-23],[47,-25],[40,-137],[52,-87],[50,-101],[67,-116],[43,-30],[66,-12],[13,-17],[-20,-90],[32,-33],[57,-10],[93,-42],[79,-58],[3,-51],[29,-15],[53,1],[74,-85],[-2,-52],[-34,-28],[-7,-59],[50,-6],[33,-57],[66,23],[1,-41],[38,10],[15,-52],[-14,-119],[-27,-60],[87,6],[38,21],[66,-54],[12,-46],[-5,-54],[-31,-52],[-4,-44],[-32,-98],[15,-55],[35,12],[-25,43],[1,39],[63,102],[76,-52],[-10,-133],[4,-113],[14,-68],[-13,-28],[36,-50],[110,-64],[64,28],[95,-69],[13,-39],[28,-22],[18,-62],[38,-40],[31,-65],[-2,-28],[-46,-89],[1,-102],[-10,-94],[5,-59],[-17,-19],[32,-54],[42,-34],[-9,-82],[62,-129],[97,10],[52,56],[-3,88],[34,66],[-22,53],[-52,50],[4,24],[91,105],[-19,65],[-21,21],[-36,105],[30,58],[0,39],[24,54],[53,-9],[7,50],[-26,99],[-47,67],[16,27],[-92,76],[-39,22],[-66,70],[-15,43],[9,81],[49,53],[5,62],[-26,45],[11,102],[-9,32],[-6,134],[-24,84],[11,41],[5,118],[-18,49],[-74,48],[-56,26],[-38,32],[-41,94],[8,21],[64,22],[-1,125],[33,38],[38,68],[-9,82],[-23,38],[11,42],[3,79],[23,63],[28,38],[0,30],[38,51],[17,52],[41,14],[33,-31],[15,-68],[36,-40],[47,18],[45,77],[31,74],[3,41],[30,43],[9,82],[-2,256],[-5,68],[19,95],[78,180],[14,54],[38,31],[-20,19],[41,153],[26,160],[10,133],[-2,178],[7,110],[38,95],[27,156],[0,62],[18,38],[40,25],[65,-12],[115,14],[61,127],[-56,84],[-10,31],[-60,87],[-49,53],[-34,55],[-75,67],[-31,44],[-159,122],[-67,90],[-41,100],[-25,34],[-19,90],[-114,223],[-40,106],[11,65],[-1,69],[-19,44],[0,75],[-27,175],[-12,167],[-6,20],[-1,161],[80,52],[19,32],[93,121],[-20,20],[57,69],[70,24],[124,1],[36,30],[76,43],[102,29],[35,17],[101,23],[33,-3],[124,-61],[70,-73],[16,-115],[-12,-33],[12,-75],[2,-185],[53,-2],[30,19],[75,-27],[26,-39],[77,-34],[-7,-56],[15,-116],[119,-10],[69,48],[85,144],[38,34],[62,-58],[41,-14],[192,-154],[129,-77],[18,-23],[54,-8],[89,-82],[57,-81],[60,-20],[64,-70],[66,-133],[13,-76],[37,-61],[31,-89],[35,-162],[53,-84],[38,-31],[35,-4],[50,-73],[34,-89],[38,-17],[51,-61],[28,-57],[105,-123],[65,-38],[96,-29],[140,-53],[20,-31],[31,-112],[33,-29],[64,-2],[132,-36],[42,-53],[-11,-50],[31,-78],[92,-106],[40,-5],[166,-62],[142,0],[124,38],[152,80],[41,10],[35,71],[-127,-1],[-121,24],[-62,-12],[-66,52],[-23,81],[14,75],[-9,39],[-105,77],[-81,30],[-31,31],[-25,100],[-43,27],[-47,51],[-46,17],[-20,31],[-88,79],[-88,46],[-91,117],[-49,32],[-30,39],[-17,86],[5,28],[64,59],[10,43],[-71,95],[-22,73],[-17,142],[-30,56],[-15,76],[-21,225],[-42,160],[-53,109],[-67,96],[-3,28],[-32,50],[-94,183],[-36,191],[31,19],[110,21],[39,17],[138,23],[17,66],[-65,9],[-166,42],[-23,33],[134,84],[183,276],[7,19],[59,20],[38,26],[88,92],[58,37],[154,127],[60,43],[134,132],[161,93],[106,81],[22,64],[30,45],[43,31],[14,58],[40,59],[180,27],[51,49],[21,80],[29,25],[91,40],[37,-3],[42,28],[68,26],[56,1],[40,-22],[36,9],[56,131],[46,54],[-28,143],[-38,17],[-65,60],[27,53],[-30,33],[24,48],[35,37],[11,60],[-39,8],[-55,-37],[-67,-25],[-28,-131],[5,-49],[52,-39],[17,-77],[-11,-44],[-37,-41],[-107,4],[-43,-39],[-66,-26],[-45,13],[-104,-38],[-89,-58],[-118,-14],[-63,13],[-52,-65],[-36,-92],[-87,-50],[-64,-6],[-64,-35],[-109,-91],[-100,-42],[-85,-17],[-35,12],[-130,-43],[-69,6],[-58,-38],[-98,-105],[-103,-46],[-77,-17],[-125,-8],[-114,54],[-60,49],[-25,41],[-34,10],[-50,52],[19,26],[-42,41],[-37,-3],[-119,181],[-22,22],[-33,99],[4,91],[-9,65],[-5,142],[25,34],[-16,65],[-81,34],[-67,58],[-94,157],[-79,118],[-44,43],[-64,91],[-9,61],[-33,60],[-72,66],[-59,138],[-22,68],[21,29],[8,66],[-20,30],[-8,88],[-28,16],[-77,-2],[-18,30],[-45,3],[-151,-84],[-81,50],[-77,72],[-30,38],[-33,73],[-99,100],[-142,75],[-60,46],[-53,67],[-27,87],[-26,43],[-6,47],[-66,81],[-41,21],[-60,8],[-59,51],[17,58],[-47,52],[-39,21],[-47,4],[-24,-28],[-37,-1],[-89,22],[-105,54],[32,18],[-24,35],[-115,36],[-47,-18],[-19,-35],[-60,-18],[-40,26],[-42,-7],[-39,49],[-37,16],[-133,26],[-35,21],[-110,-22],[-31,28],[18,44],[-82,-23],[-30,-41],[-103,-3],[-17,19],[-37,-28],[-39,18],[-35,-11],[-16,29],[-71,8],[-54,33],[-14,25],[18,37],[78,7],[71,58],[-20,56],[-44,14],[-70,-22],[-31,24],[47,39],[85,2],[34,21],[52,52],[145,31],[137,-12],[18,-17],[48,12],[11,36],[72,-3],[107,37],[-5,41],[60,17],[85,1],[-4,41],[-131,4],[-63,54],[-45,65],[8,32],[33,9],[27,41],[47,-23],[56,-10],[53,11],[-62,39],[-14,34],[-50,21],[7,41],[-15,90],[13,32],[39,25],[66,-8],[43,-26],[25,-37],[42,-32],[48,14],[27,81],[43,24],[0,30],[48,14],[133,-5],[24,36],[-64,20],[-95,51],[2,53],[47,20],[64,7],[84,-33],[133,0],[-20,66],[24,58],[-30,94],[-115,92],[-40,24],[-177,80],[-41,3],[-63,-18],[-7,-39],[-41,-35],[4,-59],[-154,12],[-68,-10],[-95,-1],[-138,22],[-127,4],[-65,49],[-47,-24],[50,-20],[48,-40],[63,-82],[-12,-26],[24,-50],[31,-28],[-10,-47],[15,-48],[-28,-39],[-26,30],[-149,11],[-38,39],[-67,20],[-24,-46],[3,-35],[-71,-119],[-11,-101],[15,-96],[-73,64],[-63,117],[-76,47],[-26,65],[1,49],[16,45],[30,40],[53,2],[-37,58],[-23,11],[-31,48],[-22,71],[-34,58],[-80,-26],[-121,45],[-62,38],[-101,89],[-7,28],[-40,37],[17,52],[97,47],[4,34],[-39,34],[-115,26],[-104,-19],[-35,26],[-218,32],[-32,41],[-51,35],[26,47],[64,39],[93,-1],[55,-11],[3,-19],[-145,1],[1,-22],[154,-53],[111,-8],[37,-33],[67,41],[41,-20],[138,-32],[53,-3],[90,-42],[78,-19],[95,26],[12,59],[-68,61],[22,45],[76,-65],[31,36],[-12,27],[-65,71],[-15,33],[-72,13],[-29,55],[-42,8],[-158,54],[-33,49],[20,48],[-27,20],[-34,-38],[-50,-4],[11,43],[36,33],[28,1],[61,31],[58,-21],[17,-23],[84,-26],[46,-56],[41,0],[24,-27],[66,-12],[32,-51],[49,-13],[108,-53],[42,-5],[27,-28],[32,10],[83,-42],[44,-34],[74,-36],[-19,-47],[64,-5],[93,-26],[5,49],[176,-62],[61,-9],[1,-25],[67,-61],[105,-16],[78,-24],[44,-37],[35,-8],[75,-40],[25,23],[-98,58],[18,25],[111,-55],[195,-27],[75,-27],[98,-8],[36,-14],[185,-29],[22,29],[-3,43],[-122,98],[-73,29],[-34,-4],[-84,11],[-36,13],[-39,42],[-58,-6],[-43,34],[-1,39],[-58,-12],[-46,-43],[-82,-4],[-8,-21],[-61,7],[-38,44],[39,57],[-79,42],[24,26],[204,66],[81,-37],[152,28],[18,24],[43,-10],[36,22],[35,-15],[-1,-31],[98,-5],[12,-31],[135,-1],[19,19],[50,-15],[91,5],[54,27],[18,37],[-35,53],[3,27],[-103,27],[-60,39],[6,34],[35,30],[-109,11],[-16,30],[-99,51],[-4,15],[-94,5],[-98,21],[-12,21],[-79,48],[-56,7],[-23,18],[26,37],[-93,30],[8,19],[-45,29],[-75,-9],[-110,70],[-39,-10],[-46,17],[-126,29],[-74,-24],[-52,56],[-64,24],[-96,20],[-50,67],[-54,-16],[-107,38],[-47,0],[-44,21],[-165,38],[-33,84],[-70,11],[-6,31],[-90,59],[82,25],[51,4],[36,-24],[53,-7],[31,14],[99,-21],[83,-31],[93,-61],[141,-55],[73,-19],[77,-40],[60,2],[43,-12],[78,-2],[40,-19],[66,2],[16,48],[-43,17],[-45,36],[-122,17],[-41,30],[-56,22],[-36,1],[-16,29],[-34,8],[-55,62],[65,-11],[75,30],[-93,17],[-82,29],[0,28],[-150,28],[-52,22],[-53,-7],[-26,42],[-39,15],[-83,10],[7,29],[-20,71],[24,19],[70,-23],[69,-59],[39,-46],[67,-27],[73,6],[88,-28],[189,-12],[84,-29],[-35,-66],[91,-45],[-21,59],[24,40],[190,-27],[157,-37],[82,-41],[28,-35],[-15,-52],[-77,-26],[-79,9],[9,-29],[103,-26],[48,-26],[34,-35],[68,-2],[110,-53],[32,38],[77,53],[43,-21],[30,-36],[31,18],[101,-31],[48,15],[93,-51],[81,-18],[42,-20],[95,-10],[66,29],[-74,42],[57,6],[62,-26],[26,34],[36,4],[116,87],[43,6],[12,29],[-8,49],[-131,-23],[-73,-5],[-5,44],[93,36],[-40,37],[-60,-29],[-12,30],[87,15],[22,25],[-77,33],[-120,17],[-84,27],[-181,139],[-75,37],[-23,36],[-63,43],[-34,36],[-23,58],[50,18],[-71,103],[-38,21],[-39,1],[-8,57],[46,14],[40,-25],[68,-18],[44,3],[125,-12],[69,-42],[-94,-53],[8,-67],[53,-88],[98,-58],[54,-5],[72,8],[-9,22],[-56,53],[5,25],[-62,52],[-12,45],[50,-4],[128,-49],[68,-43],[118,13],[28,15],[34,-23],[41,9],[56,-8],[19,38],[76,-2],[89,-15],[10,22],[-166,95],[-73,67],[44,12],[-42,54],[120,-26],[35,26],[-81,70],[-67,-14],[4,85],[-45,45],[13,29],[-95,28],[-137,-2],[-51,62],[19,56],[-57,27],[-45,34],[-59,19],[-74,85],[-79,21],[-117,9],[-31,41],[-34,-4],[-105,88],[-34,38],[-48,81],[-62,2],[-81,47],[-20,-37],[4,-109],[15,-32],[42,-32],[13,-45],[68,-39],[11,-22],[-14,-52],[-30,-13],[-65,26],[-41,5],[-31,-27],[-47,23],[-24,56],[-32,-31],[-65,43],[-67,-25],[42,-23],[-18,-44],[-144,75],[-18,21],[-124,67],[-54,17],[-64,36],[-18,45],[-120,138],[-33,17],[-46,55],[29,35],[-38,154],[47,28],[65,-32],[89,-96],[91,-15],[20,27],[75,44],[17,-47],[41,30],[-34,37],[0,34],[49,42],[8,36],[106,8],[6,50],[-88,84],[-146,9],[-24,34],[42,14],[65,-6],[25,-15],[33,28],[25,-33],[58,-21],[82,-69],[45,-15],[145,-74],[62,-10],[-65,58],[-62,36],[-48,47],[30,9],[16,77],[-26,20],[-26,-42],[-48,-16],[-73,10],[-45,23],[-24,-24],[-27,60],[-41,-5],[-41,53],[103,4],[34,37],[61,38],[-54,21],[-15,27],[-50,-7],[-19,-45],[-72,15],[-47,58],[3,59],[-94,37],[-33,-3],[-42,46],[80,32],[145,9],[32,-42],[-42,-25],[21,-24],[33,11],[66,-3],[60,8],[55,39],[-63,54],[-89,1],[0,25],[-52,22],[-131,37],[-73,-38],[-28,8],[27,52],[-6,42],[36,33],[-23,58],[16,20],[-7,68],[-76,36],[-79,70],[61,27],[64,-28],[35,55],[51,-9],[22,13],[24,66],[140,70],[93,-59],[41,18],[3,32],[41,0],[49,-27],[-1,48],[38,13],[18,-25],[45,-2],[-7,34],[42,7],[68,-64],[42,2],[69,-79],[37,-17],[20,-31],[62,-15],[21,34],[-102,79],[-75,94],[63,-7],[75,-45],[56,-18],[46,-34],[150,22],[28,38],[-17,48],[27,11],[45,-13],[-18,68],[22,19],[73,-17],[1,-47],[55,-53],[57,25],[-93,44],[42,87],[64,-27],[115,-14],[-12,-83],[43,46],[11,29],[61,-5],[2,47],[28,-2],[37,-31],[26,-44],[-10,-26],[-53,-34],[42,-35],[7,-34],[36,-8],[15,-27],[-8,-73],[17,-22],[5,-105],[-8,-70],[36,18],[-22,37],[15,124],[-21,53],[47,10],[108,53],[-75,64],[38,44],[-73,45],[-18,37],[66,10],[61,-63],[26,-57],[33,-15],[62,-52],[28,10],[-67,62],[-10,31],[-78,55],[16,10],[76,-9],[48,-37],[62,16],[-49,69],[-50,6],[-18,52],[-7,71],[-96,45],[-46,50],[-56,8],[17,48],[163,-103],[138,-62],[106,-135],[15,-81],[25,0],[5,48],[22,16],[66,-31],[17,-51],[49,31],[82,-42],[12,-38],[28,4],[139,-95],[31,-49],[38,-87],[42,-12],[23,-45],[46,-40],[12,-41],[74,-115],[62,-36],[66,11],[34,-30],[-74,-22],[11,-20],[67,22],[48,1],[44,-30],[66,-112],[-29,-40],[-60,11],[-39,-7],[-54,48],[-35,-25],[-42,-7],[-31,35],[-60,46],[-51,-1],[44,-84],[42,-40],[-39,-23],[-126,63],[-69,68],[-19,-41],[2,-62],[50,-49],[-6,-46],[35,-12],[23,22],[46,-61],[39,-1],[-6,39],[50,5],[-2,-36],[44,-38],[29,-48],[-1,-54],[59,-93],[-39,-24],[32,-50],[-28,-47],[2,-47],[-42,-19],[-36,12],[2,37],[-21,24],[-11,65],[10,39],[-14,55],[-20,18],[-62,-6],[53,-50],[-18,-44],[15,-15],[-21,-94],[-63,18],[12,31],[-47,75],[-33,-8],[-52,-45],[1,-45],[-49,5],[-31,24],[-52,-23],[-64,21],[-168,7],[0,-26],[-34,-19],[-4,-40],[127,-110],[101,-44],[37,2],[48,-18],[37,-64],[44,-24],[104,-36],[2,-75],[17,-31],[45,12],[11,38],[-18,26],[11,53],[59,-75],[85,-79],[-16,-28],[36,-18],[-2,-48],[-35,-22],[-57,21],[-34,-1],[61,-64],[76,-53],[20,-28],[61,2],[22,15],[-73,41],[-9,27],[33,48],[124,-96],[34,-36],[59,-20],[51,-50],[33,-5],[33,-35],[27,9],[42,-30],[53,10],[41,29],[22,70],[62,13],[47,-21],[140,-46],[27,-53],[73,-73],[-45,-15],[-67,21],[-5,-26],[46,-96],[24,62],[31,-12],[-22,-40],[4,-43],[-32,-85],[8,-41],[42,6],[-1,60],[17,45],[39,2],[36,-36],[31,3],[40,-29],[35,-72],[-4,-34],[-48,-54],[-64,-39],[-46,24],[-8,-30],[49,-10],[-8,-31],[59,-40],[30,-5],[42,-34],[-12,-40],[-30,-33],[-48,-6],[-74,51],[-142,10],[-64,22],[-158,162],[-15,-44],[89,-108],[-8,-25],[47,-29],[-12,-95],[-68,-5],[40,-50],[-15,-55],[27,-9],[29,-83],[-17,-117],[137,-269],[-1,-34],[-34,-28],[67,-23],[32,-38],[30,-5],[63,-40],[17,-38],[48,16],[-35,87],[-5,92],[19,47],[-32,89],[-42,59],[77,16],[25,27],[32,-13],[84,-73],[55,51],[44,5],[19,-73],[43,-77],[55,-15],[10,50],[-32,180],[-89,105],[-12,83],[90,-7],[13,18],[-20,50],[-31,41],[-18,123],[30,39],[3,100],[-51,36],[-88,101],[23,17],[165,-78],[-2,-42],[75,27],[-93,79],[-75,30],[27,20],[-53,58],[1,23],[77,-19],[55,1],[112,-27],[24,-20],[95,-39],[-209,149],[-42,18],[-71,74],[-24,69],[-25,34],[-1,78],[-21,58],[-42,55],[-7,92],[84,19],[79,-79],[7,-78],[41,-163],[82,-104],[71,-40],[26,-34],[42,-14],[103,-84],[156,-87],[30,-32],[138,-79],[59,-23],[46,-40],[78,-50],[42,-12],[130,-72],[45,23],[72,-33],[38,71],[-34,65],[29,16],[-22,121],[-46,74],[-11,70],[-30,31],[-11,61],[-31,-6],[-59,64],[-48,10],[10,31],[-92,27],[-42,52],[-32,22],[8,58],[-33,10],[-60,60],[-1,69],[-116,104],[-84,63],[66,78],[100,10],[32,45],[37,-27],[26,4],[-26,57],[32,23],[38,-27],[58,62],[66,-16],[90,-2],[51,-34],[56,26],[34,-46],[58,-24],[23,19],[47,-19],[-2,-29],[98,-32],[-56,61],[-24,41],[-102,13],[-30,38],[-72,39],[-31,-13],[-52,68],[-114,29],[-69,69],[-103,47],[66,49],[-25,31],[-25,-28],[-83,82],[48,32],[-81,33],[-25,-35],[-51,29],[-52,77],[-67,67],[-76,21],[-31,-13],[-17,49],[-34,22],[7,38],[-30,8],[-18,66],[-54,58],[-15,72],[16,12],[71,-70],[73,-21],[1,-47],[29,-15],[19,41],[45,-38],[13,22],[76,-55],[33,-85],[39,-35],[54,-5],[132,-54],[155,-77],[58,-51],[53,-88],[34,79],[99,-13],[11,-35],[61,-14],[27,-32],[-14,-35],[93,-32],[-12,68],[49,20],[48,-27],[15,-39],[81,14],[1,-44],[92,-70],[-42,71],[3,28],[83,23],[90,-42],[36,23],[28,-34],[87,-52],[34,-33],[-25,-17],[7,-32],[44,-18],[65,2],[50,16],[14,-46],[54,-46],[27,12],[-34,87],[51,-18],[72,25],[54,-23],[52,22],[70,-6],[39,-17],[73,6],[60,-36],[117,-30],[59,-23],[42,7],[209,-24],[-10,-39],[42,-44],[54,6],[84,-39],[29,-41],[69,-23],[20,-32],[33,8],[41,-43],[78,-8],[72,-54],[12,-24],[68,3],[136,-42],[-2,-36],[-36,-7],[4,-72],[28,-30],[-45,-40],[-4,-65],[73,-40],[47,-7],[32,-42],[70,-54],[42,-44],[-24,-21],[-5,-48],[-50,-28],[-9,-37],[83,-65],[-22,-39],[89,-38],[-41,-66],[108,-117],[17,-79],[-99,-32],[-34,-35],[57,-11],[1,31],[45,13],[25,-41],[45,-28],[-22,-31],[38,-37],[-44,-42],[-34,-6],[22,-41],[69,70],[88,-96],[25,-55],[-12,-34],[30,-28],[37,-7],[28,-36],[101,-16],[0,39],[77,11],[59,46],[80,-9],[22,21],[73,19],[98,-55],[66,-15],[77,17],[39,-35],[69,25],[93,-35],[3,-60],[74,-27],[55,48],[-21,31],[25,37],[109,7],[-3,-24],[41,-51],[25,26],[64,2],[85,41],[-5,-45],[17,-46],[46,-71],[26,-22],[29,19],[26,-38],[-24,-39],[9,-23],[-31,-29],[3,-34],[-65,-4],[-27,-22],[-126,6],[-7,-22],[80,3],[39,-24],[-32,-28],[14,-23],[-64,-50],[-98,-44],[65,-90],[43,-12],[-16,-32],[30,-31],[30,3],[30,82],[31,17],[72,9],[12,22],[50,-30],[103,13],[31,-6],[52,22],[8,29],[37,28],[28,-12],[42,31],[70,-38],[-4,32],[-42,19],[8,39],[67,28],[19,24],[78,26],[95,6],[101,-18],[26,-20],[48,-87],[-15,-37],[-43,-18],[13,-38],[66,-34],[-6,-35],[44,-12],[16,-56],[59,-65],[21,4],[26,-57],[-50,-55],[10,-72],[-42,-54],[-97,-104],[64,-2],[29,43],[78,-95],[31,13],[72,-47],[10,-66],[-56,-55],[9,-41],[-25,-42],[-47,-50],[-42,-16],[-102,9],[-30,-25],[-12,-50],[64,-13],[20,-30],[54,-1],[28,-23],[-9,-33],[83,-33],[49,38],[24,34],[83,16],[10,41],[46,21],[-11,98],[40,20],[-17,55],[49,-17],[-15,90],[44,57],[-12,33],[-42,36],[11,61],[152,12],[31,16],[79,-13],[108,-42],[59,-15],[81,37],[-9,44],[-56,46],[-23,-15],[-41,46],[-71,9],[-45,46],[-58,28],[-70,5],[-34,42],[-36,-4],[-56,-47],[-72,-8],[-19,-18],[-62,4],[-85,101],[-33,12],[-48,81],[-36,-7],[-40,55],[-1,37],[26,17],[16,58],[-6,33],[39,75],[-12,27],[-53,28],[-14,41],[23,62],[-5,111],[-13,51],[-75,72],[-86,57],[-79,18],[-68,-10],[-61,-31],[-30,-41],[-31,-9],[-115,2],[-180,-53],[-45,12],[-33,-9],[-20,59],[-43,39],[100,0],[-16,61],[66,64],[-21,67],[31,42],[10,46],[-16,47],[19,35],[77,-14],[45,55],[5,59],[54,16],[24,73],[55,66],[71,70],[33,66],[-6,18],[62,69],[34,-8],[60,97],[84,10],[76,-61],[-14,-29],[55,-6],[12,-44],[-21,-74],[21,-122],[53,6],[-1,-40],[102,7],[-2,45],[34,6],[29,-21],[57,53],[31,-6],[-10,-50],[17,-40],[62,-6],[0,-56],[-55,-39],[-26,-64],[1,-35],[78,-65],[91,-21],[78,39],[10,50],[64,3],[1,-57],[33,-47],[-13,-86],[17,-42],[-13,-37],[128,14],[50,13],[-9,-54],[68,48],[67,5],[9,18],[61,-30],[28,27],[83,18],[37,-20],[85,51],[56,21],[42,-42],[64,-44],[59,-15],[114,5],[36,12],[135,-8],[59,-30],[85,2],[26,11],[152,26],[254,-73],[236,-20],[75,3],[32,13],[99,14],[110,66],[66,21],[361,18],[29,-2],[141,13],[131,1],[166,17],[218,5],[149,37],[48,18],[118,-4],[102,37],[107,50],[35,10],[73,-7],[103,-52],[131,-47],[116,-59],[73,-26],[85,-42],[60,-14],[81,-62],[53,-55],[31,-7],[18,-38],[90,-63],[117,-42],[84,-40],[126,-3],[162,36],[114,35],[76,-16],[117,1],[128,13],[60,-7],[81,26],[211,79],[51,-16],[45,4],[55,54],[-2,62],[-39,70],[24,68],[-4,50],[34,82],[66,33],[50,5],[59,-17],[20,-39],[107,-18],[36,8],[36,38],[2,112],[60,68],[7,40],[-56,10],[-17,-60],[-82,-86],[-122,-1],[-36,17],[-86,-1],[-104,-69],[-32,-85],[-37,-53],[-3,-73],[-30,-74],[-36,-30],[-75,-34],[-7,-15],[-68,12],[-88,62],[-101,21],[-58,-15],[-27,-31],[-18,-51],[-101,42],[-128,-3],[-113,-28],[-80,9],[-47,38],[-72,28],[-94,7],[-119,-35],[-20,-53],[-38,1],[-59,55],[-18,57],[-62,66],[-84,108],[-116,103],[-150,49],[-236,45],[-110,29],[-42,19],[-185,-7],[-109,43],[-21,25],[-56,98],[-4,31],[-52,59],[-191,91],[-84,51],[-54,5],[-84,-9],[-70,-44],[-73,-23],[-106,35],[-131,27],[-132,12],[-122,61],[-29,0],[-179,52],[-42,-3],[-118,11],[-140,-3],[-97,24],[-21,24],[-66,22],[-99,-4],[-81,17],[-67,-16],[-239,-27],[-40,-18],[-64,-8],[-129,-56],[-102,-36],[-102,-14],[-57,-46],[-54,32],[-19,-20],[-71,-34],[-51,5],[-28,-50],[-55,-9],[-36,-32],[-90,-25],[-28,50],[20,21],[-1,44],[-30,34],[-92,-35],[-48,71],[-37,13],[-92,-107],[28,-16],[-85,-50],[-45,30],[-28,-41],[-44,-25],[-71,30],[-44,-40],[-45,14],[-22,-30],[-54,15],[-133,13],[-65,-2],[30,37],[-19,31],[-36,-13],[-31,22],[-7,53],[25,22],[9,46],[-34,15],[7,73],[-52,27],[-39,-6],[-11,-35],[-40,-37],[-30,9],[2,56],[31,41],[16,58],[32,49],[-8,21],[37,140],[-14,62],[47,63],[-64,91],[-43,25],[21,52],[-49,16],[-18,28],[3,40],[-71,65],[137,33],[30,77],[-9,45],[42,57],[30,88],[25,37],[-37,21],[-18,31],[11,78],[-25,35],[-48,1],[-99,74],[-25,-2],[-89,67],[-49,-4],[22,61],[23,16],[-3,45],[21,29],[34,-11],[75,56],[-9,49],[23,32],[61,26],[30,34],[-21,101],[-81,18],[-34,40],[-6,61],[47,2],[29,21],[77,4],[-20,100],[-23,56],[28,22],[42,3],[32,-25],[72,-33],[34,-30],[120,-34],[46,22],[44,-49],[41,-23],[32,42],[-11,51],[24,61],[14,88],[36,38],[39,170],[66,131],[30,219],[-49,112],[39,47],[-3,35],[-73,45],[-4,79],[10,47],[-2,69],[-15,27],[1,125],[27,132],[43,-17],[-14,-65],[45,-58],[45,-29],[54,-1],[31,-26],[36,32],[-1,69],[23,12],[36,-33],[106,-15],[34,-40],[13,-43],[-6,-58],[35,-62],[-6,-40],[-63,-38],[-31,2],[-36,-58],[-37,-19],[-58,5],[-24,22],[-35,-29],[64,-24],[0,-35],[68,4],[67,-33],[34,-81],[139,-81],[33,-58],[27,-106],[23,-44],[65,-84],[151,-136],[68,-125],[38,-83],[0,-33],[-86,-66],[-26,-8],[-98,-108],[29,-13],[34,58],[69,41],[47,49],[27,-11],[-70,-141],[-19,-14],[8,-58],[59,82],[-1,28],[34,58],[38,7],[1,-61],[34,-53],[36,20],[-17,34],[13,57],[63,-6],[54,-58],[33,24],[-75,104],[-70,66],[15,119],[23,-7],[103,91],[31,10],[25,70],[42,50],[23,3],[32,60],[17,56],[63,11],[31,39],[-3,25],[47,70],[-5,35],[20,41],[40,-1],[77,-30],[72,-38],[40,4],[40,-20],[130,3],[96,-9],[92,35],[124,77],[38,42],[151,111],[-6,25],[49,30],[91,4],[89,13],[31,59],[-43,-1],[-16,-22],[-43,23],[-52,3],[-43,18],[-31,-22],[-103,-42],[-6,125],[-59,-10],[-5,-118],[-66,-118],[-69,-62],[-54,-25],[-141,-10],[-46,36],[-12,68],[14,24],[-16,193],[4,102],[-17,73],[-20,146],[4,94],[-6,94],[17,120],[-2,78],[-32,7],[-13,61],[-23,19],[12,78],[80,-9],[31,-22],[50,-11],[-2,33],[-42,1],[-19,46],[-38,38],[5,90],[-36,21],[3,42],[-31,46],[-18,57],[38,51],[71,-15],[-9,63],[-31,15],[-9,65],[11,31],[34,23],[8,34],[35,20],[69,4],[31,-37],[38,16],[48,-39],[25,3],[109,-37],[73,-6],[28,-19],[40,3],[84,40],[54,-22],[23,-35],[1,-56],[-33,-27],[-32,-70],[53,0],[51,43],[-5,62],[16,27],[-10,43],[-26,13],[-18,42],[-63,20],[-90,-30],[-38,5],[-82,100],[-19,-5],[-110,60],[62,8],[-8,29],[-47,-24],[-66,5],[-27,-18],[-46,23],[-4,90],[50,94],[-2,46],[-68,9],[-10,19],[13,63],[46,21],[69,-16],[26,42],[-33,15],[30,43],[39,4],[23,52],[-19,42],[29,26],[70,33],[13,42],[31,28],[-39,22],[-30,36],[14,73],[-14,32],[-70,7],[-44,38],[-26,49],[31,84],[96,-2],[-5,43],[93,35],[22,-1],[81,52],[-11,14],[25,59],[71,24],[121,114],[23,74],[52,29],[22,36],[52,3],[79,-42],[9,-30],[41,-8],[59,-71],[9,-36],[31,-28],[0,-102],[33,-39],[3,-43],[36,-22],[59,12],[52,32],[-2,19],[-75,18],[-45,42],[-9,36],[15,37],[-5,60],[-28,56],[36,26],[14,47],[74,-6],[-43,49],[-10,31],[50,12],[54,43],[-28,28],[64,33],[90,-14],[71,25],[61,47],[26,-25],[22,40],[-22,68],[-37,20],[4,46],[-36,28],[-26,85],[23,56],[68,21],[70,0],[47,-18],[25,-26],[33,-4],[57,-46],[125,11],[-1,71],[-181,106],[-34,-1],[-40,36],[-45,-17],[-28,50],[59,80],[-99,10],[-80,70],[-30,38],[-19,54],[6,77],[59,70],[70,34],[-36,37],[-51,-38],[40,113],[-47,-1],[2,-37],[-25,-92],[-38,18],[-89,16],[16,-32],[73,-21],[-47,-120],[-10,-59],[-36,-11],[-43,-34],[-115,-1],[-53,33],[6,78],[42,34],[-4,58],[50,47],[12,31],[47,53],[35,66],[85,78],[33,52],[-45,0],[-22,-39],[-100,-91],[-59,-22],[-25,-27],[-25,-56],[-73,-92],[-7,-28],[-50,-52],[-136,-75],[-193,-60],[-43,-20],[-76,-19],[-39,1],[-45,73],[-25,-33],[57,-91],[-50,-70],[-124,-62],[-75,-47],[-126,-128],[-26,-37],[-17,-65],[-92,-111],[3,-36],[-19,-52],[-37,-62],[-53,-49],[-12,-52],[-24,-38],[-33,-12],[-17,-37],[-55,-22],[-51,-121],[-77,-121],[11,-14],[-22,-90],[-40,-80],[-20,-63],[-79,-65],[-22,-63],[-20,7],[2,-84],[-11,-35],[-32,-37],[-28,-76],[-42,-37],[-22,-38],[17,-50],[0,-48],[-57,-64],[-45,-87],[-12,-77],[-42,-61],[-59,-29],[-37,-97],[-56,19],[-16,-41],[13,-66],[-71,-69],[-22,-59],[-143,-126],[-36,12],[-16,50],[-10,78],[-57,-3],[18,86],[41,61],[-36,72],[5,53],[37,72],[-14,22],[30,174],[60,43],[70,5],[-6,22],[41,68],[49,13],[-24,38],[-63,-12],[-43,-36],[-45,-7],[-35,11],[-56,-15],[-27,20],[-9,81],[-25,-1],[7,72],[-29,-10],[-51,-93],[-14,-93],[-76,0],[-4,114],[44,-16],[9,68],[-24,84],[29,93],[-10,73],[0,93],[21,23],[-59,50],[-20,59],[32,20],[39,-20],[28,-51],[44,-9],[-27,79],[35,63],[-9,41],[-76,1],[-5,50],[-27,26],[30,32],[6,39],[-35,56],[-85,14],[-6,50],[-89,-2],[15,128],[-64,-24],[-11,113],[18,80],[9,103],[-25,134],[13,22],[1,111],[-17,24],[-69,-19],[46,-27],[12,-29],[-59,-30],[7,-123],[-41,-107],[-38,-24],[-34,24],[-15,-57],[-29,-43],[30,-28],[-6,-60],[9,-87],[-34,-31],[-15,-59],[7,-38],[-38,-105],[-29,10],[-62,-8],[-35,37],[-28,76],[0,45],[-26,38],[-11,57],[-28,-12],[-23,-79],[11,-77],[-37,5],[-26,-97],[-17,-20],[36,-30],[-11,-28],[-73,5],[-4,46],[-33,117],[-8,68],[9,21],[-22,160],[4,57],[-13,52],[11,48],[-6,59],[1,151],[27,13],[13,61],[-2,65],[-40,92],[-2,44],[-33,83],[-62,126],[17,45],[-44,61],[1,83],[18,53],[31,29],[-39,118],[-31,-55],[-58,107],[17,51],[-10,63],[-59,115],[-33,107],[20,24],[55,-87],[14,-63],[46,-23],[17,50],[85,41],[32,0],[2,53],[50,-7],[23,-35],[52,-15],[19,-27],[64,-35],[-34,69],[40,66],[-76,-20],[-30,45],[-33,13],[12,33],[-16,36],[-44,-17],[-17,-56],[-41,-38],[-16,-43],[-44,-26],[-27,10],[-9,151],[44,24],[11,119],[-37,61],[-35,76],[-5,66],[-25,27],[17,34],[-15,46],[-32,47],[-41,-3],[-15,22],[-51,-70],[-54,-28],[-36,-4],[-75,30],[5,34],[-25,43],[55,47],[49,-4],[19,91],[41,1],[23,-38],[-1,-41],[39,-23],[40,0],[34,65],[0,-102],[30,31],[20,-42],[40,9],[7,-40],[-13,-42],[35,-22],[30,-64],[53,-8],[33,44],[14,49],[32,-34],[16,49],[0,78],[-21,64],[18,97],[20,56],[-8,49],[-28,64],[-10,58],[39,59],[37,-25],[16,-32],[-22,-33],[30,-28],[-9,-45],[37,-52],[24,-60],[-18,-48],[53,-106],[28,3],[3,52],[24,22],[42,3],[41,-30],[104,-45],[26,25],[-1,84],[-21,68],[20,26],[98,-8],[50,-23],[-7,57],[-65,-6],[-41,22],[-76,16],[-30,47],[33,13],[-50,59],[-47,-9],[14,92],[21,55],[-42,54],[-2,59],[18,39],[-7,52],[59,27],[12,25],[59,35],[17,41],[86,14],[11,-36],[-27,-65],[7,-59],[68,3],[18,-22],[48,11],[44,-10],[19,22],[110,-41],[79,2],[34,-13],[42,-40],[58,-82],[53,3],[-81,56],[-25,57],[-33,27],[-75,8],[-44,-11],[-77,27],[-32,51],[-67,-44],[-42,-14],[-36,37],[-48,23],[17,50],[34,38],[-59,46],[-58,10],[-66,-24],[-13,-43],[-41,-22],[-52,-10],[-38,8],[-19,84],[18,30],[-38,83],[-23,12],[-37,-31],[-88,-99],[-7,-42],[-29,-24],[-53,-8],[-33,-39],[76,-108],[1,-31],[-40,-8],[-33,50],[-53,2],[-14,54],[24,37],[28,71],[31,41],[39,132],[67,64],[24,47],[59,28],[13,30],[36,23],[17,36],[6,66],[-36,78],[19,31],[-22,53],[-41,52],[-43,-4],[-47,49],[43,30],[22,46],[54,38],[48,-51],[81,-30],[62,54],[4,56],[43,53],[-5,43],[25,30],[54,-22],[61,0],[-1,-90],[37,36],[32,-23],[30,57],[55,-34],[-34,87],[-7,91],[-36,59],[18,62],[29,32],[76,37],[44,-36],[-3,63],[39,37],[59,6],[29,26],[57,23],[28,-5],[47,-54],[2,-37],[56,-37],[22,-55],[-26,-63],[50,-50],[2,66],[32,26],[23,110],[-63,-19],[-60,140],[-43,38],[10,84],[-94,-52],[-37,-3],[-47,-44],[-27,-43],[-113,-93],[-155,-60],[-29,40],[29,66],[-70,-50],[-71,-22],[-5,38],[39,47],[2,24],[39,41],[46,12],[70,65],[91,37],[31,32],[65,35],[25,38],[43,19],[68,12],[79,-26],[36,27],[81,-1],[76,-67],[44,-5],[-13,44],[16,34],[-10,51],[119,33],[25,-10],[34,-61],[-1,-144],[34,-12],[28,42],[-3,35],[37,40],[34,-33],[-31,-63],[41,-23],[122,-11],[115,-29],[24,-20],[31,-89],[-2,-59],[40,6],[56,27],[68,16],[52,-4],[37,-21],[85,14],[19,-21],[-37,-93],[12,-29],[-8,-66],[29,-62],[32,25],[59,-26],[31,-41],[87,17],[-13,109],[53,93],[37,18],[66,-37],[66,-9],[40,15],[23,37],[61,-35],[-29,-46],[23,-47],[-45,-22],[2,-50],[48,27],[39,-15],[-8,-66],[32,10],[40,-30],[16,58],[-4,34],[33,30],[-30,24],[-63,-22],[-15,15],[15,50],[64,27],[9,37],[64,14],[-18,37],[-41,-6],[-30,16],[-77,-5],[-14,31],[52,53],[-31,13],[33,54],[-33,20],[-38,51],[36,52],[-8,71],[37,13],[11,26],[-50,42],[-62,14],[14,46],[39,18],[84,6],[-10,35],[-32,10],[9,66],[66,86],[8,-50],[24,-12],[27,69],[-25,61],[40,39],[-47,15],[33,59],[51,0],[58,79],[17,37],[45,-28],[9,-35],[62,-45],[-80,-26],[32,-47],[-60,-62],[-3,-17],[37,-56],[-43,-24],[5,-41],[-53,-20],[55,-100],[31,-28],[11,-43],[28,9],[44,-28],[0,-27],[63,-74],[28,39],[28,-29],[49,7],[33,-93],[29,32],[67,15],[0,-122],[-36,-51],[58,5],[25,26],[-14,59],[18,81],[40,33],[-17,38],[16,38],[29,24],[65,15],[-54,28],[26,114],[-42,-16],[-36,-32],[-85,13],[22,34],[-53,33],[-20,36],[13,164],[-17,75],[-33,77],[28,38],[22,68],[89,43],[31,-36],[28,37],[-1,53],[-22,38],[-71,21],[-33,41],[26,60],[37,52],[43,32],[13,31],[45,-6],[51,28],[22,-17],[78,81],[44,-24],[20,36],[106,10],[69,73],[60,16],[77,163],[47,2],[38,19],[147,2],[8,22],[-70,6],[-72,-9],[-49,13],[-42,-6],[-20,44],[-31,20],[-8,36],[-60,-39],[-34,-3],[-86,-53],[-53,3],[-41,29],[5,67],[29,38],[15,78],[-94,-41],[-4,-52],[-40,-56],[-82,-32],[-35,0],[-63,24],[-73,-63],[-40,-6],[-50,12],[-32,-25],[-36,29],[-28,62],[1,91],[64,9],[-41,90],[-51,42],[6,91],[36,53],[31,-95],[51,-9],[45,27],[1,67],[31,30],[78,-69],[94,3],[24,-37],[31,-9],[49,56],[43,27],[25,32],[84,45],[9,45],[-13,30],[-124,33],[-71,53],[-2,50],[73,74],[-9,32],[-76,13],[-33,-25],[-77,-13],[-75,20],[-69,6],[-44,-53],[-20,50],[17,40],[37,-15],[67,33],[38,47],[-15,81],[-69,55],[47,42],[-7,44],[-41,47],[23,19],[41,68],[-40,81],[65,17],[46,-20],[-1,-47],[-56,-49],[0,-19],[53,-40],[57,33],[-16,-88],[31,-11],[32,-35],[27,10],[65,-23],[32,-32],[37,6],[53,36],[-20,64],[-39,69],[-5,103],[43,47],[54,-71],[41,17],[46,-8],[55,-45],[23,-46],[73,-85],[77,2],[28,-10],[27,-46],[66,-56],[87,-53],[36,14],[62,-62],[19,-6],[12,-66],[38,-24],[27,17],[30,-69],[2,-38],[65,7],[-26,-125],[-42,-55],[-14,-67],[-31,-72],[-80,-68],[-32,-8],[-45,-42],[-33,-8],[-80,-43],[-71,-53],[32,-29],[61,21],[31,-9],[24,-55],[80,-29],[31,12],[-15,71],[65,147],[88,60],[57,61],[30,9],[80,76],[73,90],[-53,140],[32,59],[49,23],[121,-42],[53,-53],[-20,-12],[51,-46],[72,-14],[46,-32],[55,-70],[60,-38],[7,-44],[-31,-40],[51,-21],[77,14],[59,-24],[57,34],[-111,66],[-67,82],[37,24],[17,-34],[45,14],[-39,58],[60,-3],[67,29],[88,84],[85,-25],[-7,-21],[-155,-110],[8,-25],[-17,-49],[20,-34],[81,-53],[50,-71],[20,-71],[-4,-31],[-47,-44],[-65,-12],[65,-91],[15,-59],[42,-24],[58,39],[92,-10],[3,-33],[65,29],[37,-40],[50,25],[0,19],[-61,66],[2,22],[58,33],[42,-13],[42,-56],[154,-83],[63,-10],[-12,-27],[108,-4],[33,-32],[42,-18],[27,-59],[5,-41],[29,0],[46,-44],[45,-11],[57,-33],[10,48],[46,4],[59,-41],[4,-20],[-36,-67],[19,-22],[48,-7],[28,-81],[-97,-16],[-45,29],[-3,-57],[49,-18],[58,18],[45,-29],[62,-4],[1,89],[-10,47],[42,-4],[16,25],[88,-34],[36,-74],[-26,-95],[31,-72],[73,-2],[28,-16],[16,-62],[33,-52],[-2,-25],[61,-52],[42,10],[18,28],[-10,74],[39,37],[20,-30],[-6,-97],[12,-34],[48,-28],[90,-24],[39,-67],[93,-111],[53,-20],[-17,-96],[-32,-48],[-35,-95],[-56,-56],[-60,-40],[-38,-3],[-30,-34],[-106,-18],[-21,-17],[-99,-46],[-79,4],[-56,-11],[-8,-38],[27,-45],[24,36],[175,20],[13,16],[60,14],[78,-6],[-48,-60],[-59,-24],[-63,-39],[-84,-36],[-51,1],[10,-53],[44,34],[22,-4],[96,39],[88,52],[65,28],[90,52],[43,5],[11,-50],[-1,-131],[-34,-99],[-63,-49],[48,-24],[41,38],[12,37],[31,-3],[24,-66],[76,66],[-7,39],[-74,-25],[-16,32],[9,110],[21,72],[32,63],[33,26],[41,9],[44,28],[45,7],[57,-44],[60,-119],[9,-104],[-12,-69],[-32,-121],[-31,-68],[-58,-101],[-30,-17],[-63,52],[-17,-64],[43,18],[39,-26],[-46,-84],[13,-40],[-9,-48],[23,-70],[42,21],[-37,107],[8,40],[51,27],[25,31],[3,53],[48,35],[48,66],[15,-45],[-15,-38],[34,-46],[23,34],[63,-50],[24,18],[-56,40],[-45,111],[12,63],[38,46],[58,46],[23,-6],[67,-57],[13,-32],[34,15],[-41,61],[101,-2],[-18,61],[-41,-6],[-77,74],[-14,69],[37,94],[63,52],[40,56],[80,43],[45,45],[45,15],[61,-1],[51,17],[37,-28],[40,4],[41,-26],[85,-3],[56,-54],[37,-4],[67,-38],[27,-31],[59,-6],[87,-60],[46,-19],[42,-44],[45,-25],[19,-35],[31,-18],[64,-61],[68,-24],[78,-75],[5,-50],[-35,-53],[38,-15],[91,-58],[90,-38],[51,-13],[20,-43],[83,-67],[30,-43],[49,-32],[83,16],[58,-25],[42,-41],[77,-28],[68,-38],[63,-59],[66,-49],[30,-50],[51,-41],[-13,-16],[43,-66],[44,-46],[58,-5],[7,-30],[58,-33],[59,-18],[68,-38],[112,-42],[53,-35],[37,-10],[19,-40],[57,-11],[8,-18],[74,-36],[57,-41],[2,-45],[53,10],[52,-29],[52,-44],[107,-28],[72,-64],[8,-46],[42,-46],[46,-24],[142,-96],[177,-102],[47,-19],[72,-48],[29,-37],[75,-33],[174,-113],[39,-39],[28,-9],[120,-93],[63,-22],[72,-72],[116,-42],[-2,17],[-84,27],[-56,32],[-49,56],[-84,38],[-51,60],[-59,24],[-113,91],[-36,14],[-67,54],[-67,31],[-45,50],[-80,46],[-77,28],[-141,101],[-85,49],[-97,69],[-28,53],[-3,46],[-61,27],[-159,135],[-38,19],[-32,70],[-77,-14],[-116,76],[-29,34],[-67,-18],[-72,69],[-66,34],[-46,45],[-28,55],[-26,9],[-118,128],[-48,20],[-18,31],[-38,-44],[-49,11],[-51,65],[-16,40],[-59,56],[-62,40],[-30,-2],[-78,59],[-57,55],[-4,63],[-17,33],[-61,33],[-63,19],[-60,36],[-44,-13],[-66,53],[-51,28],[-48,44],[-13,35],[-53,16],[-61,51],[-44,22],[-52,53],[-5,41],[-46,45],[-7,36],[-118,36],[-76,83],[-104,97],[-51,15],[-33,-8],[-48,20],[-8,21],[-50,15],[-89,69],[-46,49],[-25,4],[-29,38],[-34,6],[-16,28],[-109,50],[-67,42],[-8,71],[16,46],[34,23],[79,170],[37,129],[18,33],[34,171],[1,85],[12,22],[-36,51],[57,62],[22,40],[-16,19],[-6,60],[12,81],[21,47],[71,71],[156,111],[92,46],[109,27],[89,-6],[97,8],[34,46],[8,37],[55,31],[214,52],[-27,98],[-57,-75],[-36,-26],[-51,-8],[-29,13],[-50,-16],[-40,-37],[-29,6],[-57,-24],[-25,22],[46,49],[32,53],[-7,20],[-70,-88],[-26,0],[-23,-40],[-53,-3],[-26,-26],[-13,70],[-26,-28],[20,-28],[-46,-21],[-201,-73],[-48,-31],[-83,-21],[-30,41],[29,81],[75,121],[58,31],[55,-17],[13,17],[-87,24],[-2,25],[58,144],[-4,43],[89,85],[-8,12],[-75,-78],[-22,-11],[-2,114],[28,54],[35,28],[-14,56],[26,159],[15,41],[-33,10],[-3,-44],[-30,-47],[2,-103],[-47,-96],[-20,21],[-6,56],[-34,56],[-25,19],[-77,98],[36,119],[-16,40],[-37,-125],[-67,124],[-47,68],[-7,-46],[43,-53],[61,-141],[77,-110],[-8,-16],[51,-38],[14,-35],[4,-66],[-12,-19],[-52,20],[-26,44],[-22,-71],[51,10],[39,-34],[-33,-161],[-32,-51],[-47,-45],[-61,-34],[-84,-19],[-107,-1],[-74,22],[-64,66],[-72,91],[-153,10],[-48,76],[48,63],[18,68],[-57,-28],[-31,0],[-33,94],[-19,-85],[13,-44],[-28,-67],[-21,-13],[-19,-50],[-55,-35],[-76,-36],[-22,-37],[-32,16],[-42,-40],[-63,-17],[-50,-2],[-83,-93],[-39,-16],[-58,13],[-50,-22],[2,-52],[-36,-43],[-77,-31],[-86,10],[-58,-75],[-88,0],[-34,-47],[-37,-27],[-97,2],[-60,-41],[-32,-50],[-97,25],[-47,-34],[-14,-31],[-48,-22],[-35,-46],[-57,10],[-55,37],[2,50],[-72,24],[-42,44],[-71,50],[-21,86],[25,16],[44,-21],[83,-17],[-35,47],[15,43],[-17,38],[-33,17],[9,45],[-19,23],[-77,-87],[-7,-24],[-53,-7],[-112,145],[139,127],[-68,7],[-65,-51],[-54,1],[-44,63],[0,43],[37,43],[5,72],[49,14],[37,33],[-3,59],[24,69],[41,18],[39,76],[73,43],[59,3],[25,46],[-46,73],[39,56],[34,-14],[29,19],[48,-16],[7,-31],[-31,-41],[47,-22],[1,-62],[56,40],[-8,43],[51,25],[-45,60],[11,23],[103,40],[44,2],[16,40],[-144,-2],[-32,29],[18,33],[76,60],[25,3],[29,52],[-42,10],[11,52],[26,28],[46,7],[11,21],[73,9],[22,-47],[37,-5],[137,57],[44,47],[43,13],[-3,33],[65,53],[58,6],[25,-18],[10,-47],[43,12],[45,-37],[3,-25],[-75,-61],[46,0],[63,19],[147,-125],[34,-51],[134,-55],[11,88],[-39,72],[20,68],[20,16],[111,29],[24,-8],[44,31],[-7,54],[23,15],[25,-41],[35,18],[45,98],[13,118],[-14,27],[51,33],[26,-32],[42,-1],[69,59],[41,25],[20,65],[-14,26],[-55,21],[2,50],[97,5],[36,-19],[101,-25],[-7,45],[-39,10],[-3,31],[-39,52],[22,85],[-51,-34],[-48,25],[19,84],[-49,-11],[-82,-69],[-108,4],[-3,-41],[-26,-28],[-47,8],[-57,-11],[-40,32],[6,54],[38,75],[-76,0],[-48,-28],[-26,24],[-6,-93],[-21,-31],[46,-10],[39,-83],[0,-22],[-100,-78],[-32,-84],[-79,-85],[-62,-39],[-71,3],[-56,14],[-29,50],[21,87],[26,31],[23,83],[59,23],[23,43],[-25,15],[-96,-58],[15,63],[-38,8],[-30,-39],[-66,-25],[38,80],[-78,60],[-30,-1],[20,-71],[7,-62],[-23,-40],[11,-71],[-71,-19],[-39,-71],[-1,-101],[65,-47],[13,-44],[32,-31],[-24,-34],[-79,37],[-113,19],[-42,42],[-64,13],[-22,21],[-32,69],[-40,-37],[39,-112],[-31,-34],[46,-22],[-3,-41],[-109,-84],[-47,3],[-27,-33],[-39,-15],[-17,-28],[-37,-7],[-44,40],[-35,-76],[-29,2],[-76,-45],[-67,-78],[76,-16],[-7,-61],[-33,-39],[-89,-36],[-37,5],[-79,-55],[-26,4],[-10,-60],[-85,-26],[-37,4],[-21,46],[-47,8],[32,40],[38,-4],[-7,44],[55,80],[48,58],[37,67],[-43,-8],[-127,-58],[-70,-43],[-24,-33],[-39,47],[-14,60],[14,90],[-5,28],[20,78],[45,-3],[3,48],[43,39],[57,-7],[26,85],[-25,31],[-50,15],[-36,-14],[-69,25],[-40,72],[1,56],[45,17],[39,-13],[85,31],[-5,36],[88,84],[69,37],[53,78],[-33,22],[-60,-3],[-173,-82],[-45,2],[-15,-27],[-37,12],[-58,-28],[-24,-28],[-61,1],[-9,37],[68,74],[38,70],[-49,-2],[-94,-82],[-52,-24],[-17,59],[-37,-19],[-12,-49],[-63,-59],[-14,37],[46,81],[-8,66],[42,34],[23,41],[-50,19],[-84,59],[39,16],[22,-29],[37,5],[68,79],[38,-9],[30,-39],[48,119],[105,39],[74,-19],[-17,126],[-2,63],[41,53],[50,-5],[91,10],[42,24],[29,53],[51,12],[36,62],[154,-29],[28,9],[40,57],[-1,53],[54,-28],[99,-70],[11,-24],[45,27],[14,78],[57,-64],[27,-89],[55,-26],[33,-32],[51,-9],[42,12],[12,35],[-19,52],[34,53],[42,-7],[-28,-119],[96,0],[27,63],[48,-6],[60,-165],[22,-21],[79,-24],[61,22],[36,92],[44,-87],[11,59],[-10,64],[20,48],[-9,44],[24,32],[45,22],[26,-10],[36,-103],[9,148],[11,51],[21,33],[68,-24],[62,8],[-4,29],[36,58],[-3,53],[95,-78],[28,-71],[61,-68],[13,-36],[57,1],[33,54],[-19,84],[54,7],[20,30],[11,72],[-3,50],[24,53],[36,22],[75,89],[-25,63],[-50,23],[-46,-6],[-28,28],[-57,10],[-31,34],[23,78],[35,43],[23,64],[-56,5],[-74,-30],[-20,41],[-53,48],[9,93],[29,21],[31,-10],[37,43],[-27,58],[-70,-24],[-6,-36],[-37,-31],[-47,42],[34,38],[3,39],[65,57],[23,36],[7,60],[-42,60],[-23,3],[-3,60],[9,59],[30,96],[43,48],[-36,56],[-78,-14],[-37,60],[-24,18],[49,39],[53,-10],[17,-65],[41,-3],[44,25],[21,-12],[2,-84],[53,-57],[28,14],[77,135],[49,1],[42,-24],[47,-79],[42,56],[63,64],[55,-4],[22,23],[40,-5],[10,42],[74,40],[42,-38],[26,-68],[57,-16],[20,31],[40,8],[59,-59],[3,-19],[-79,-13],[-39,-31],[-24,-77],[-6,-105],[-40,-39],[-50,-28],[10,-21],[-53,-47],[-26,-42],[-54,-37],[-23,-33],[-43,-5],[-23,-44],[7,-108],[103,-64],[47,-10],[115,72],[22,-5],[31,-46],[-57,-40],[-30,-59],[5,-94],[23,-19],[-54,-72],[-14,-47],[39,-10],[48,9],[62,-19],[136,-7],[60,52],[-2,33],[-29,25],[-8,58],[43,81],[15,-6],[57,84],[2,41],[-24,18],[5,51],[38,5],[30,-40],[87,-19],[70,-44],[60,-19],[51,-60],[36,-63],[13,-56],[-44,-17],[-57,-5],[-14,-41],[-25,-136],[-14,-25],[6,-59],[-9,-54],[28,-25],[-17,-40],[4,-53],[66,-46],[73,-33],[24,-32],[49,-28],[32,-85],[-27,-13],[-1,-99],[29,-86],[54,-131],[47,5],[19,-39],[45,-51],[32,-4],[41,-32],[-14,-59],[73,-37],[29,39],[84,53],[16,54],[33,28],[-35,34],[60,84],[31,-27],[34,3],[74,-20],[30,14],[9,46],[86,59],[99,21],[99,43],[48,-19],[62,-41],[46,43],[-64,-3],[-35,33],[-46,4],[64,89],[50,-42],[12,23],[-55,32],[91,68],[54,4],[26,19],[86,4],[18,-104],[40,-7],[-17,56],[26,28],[30,-10],[92,32],[111,-18],[31,53],[58,-9],[-22,-162],[79,-14],[16,52],[26,9],[8,86],[84,64],[35,-40],[68,15],[12,-19],[-13,-87],[-20,-31],[0,-39],[-34,-36],[-3,-60],[-32,-47],[-27,-66],[-11,-64],[21,-98],[20,-28],[42,-4],[27,16],[45,-3],[27,-32],[34,-6],[46,42],[28,-13],[5,-34],[40,9],[29,35],[24,-81],[-21,-33],[54,-5],[57,-35],[40,3],[76,24],[70,-86],[78,-48],[52,30],[-22,64],[-45,47],[-16,51],[43,33],[31,-19],[44,7],[27,36],[33,9],[14,-35],[48,-62],[40,-13],[38,8],[91,-37],[62,11],[48,33],[1,67],[46,31],[101,-4],[73,-45],[118,-58],[17,-16],[79,-21],[101,-48],[72,-1],[53,15],[60,45],[84,2],[106,31],[40,24],[64,-18],[173,9],[150,-40],[89,-47],[33,16],[20,84],[7,112],[-28,44],[-130,14],[-90,-11],[-72,20],[-66,57],[-51,9],[-88,-1],[-31,-12],[-107,-2],[-68,9],[-185,-4],[-54,-34],[-178,16],[-45,31],[-7,77],[-143,58],[-74,20],[-6,43],[-41,16],[-62,50],[-60,-17],[-54,7],[46,59],[44,19],[56,-17],[33,-59],[37,11],[3,29],[-48,13],[-5,24],[51,29],[58,-20],[44,49],[52,40],[51,18],[50,46],[61,31],[23,56],[-56,48],[4,65],[30,41],[-47,32],[-88,-15],[-91,13],[-88,-5],[-87,-37],[-11,53],[-27,52],[20,64],[54,22],[11,46],[24,37],[27,-8],[37,-45],[34,-13],[65,38],[-45,34],[32,24],[99,40],[48,-19],[7,49],[59,25],[56,-70],[60,13],[17,52],[61,59],[29,68],[53,29],[92,76],[60,-1],[27,42],[80,12],[120,41],[46,60],[51,-10],[-3,56],[-25,54],[71,77],[60,14],[25,-18],[8,-44],[97,-5],[37,43],[-70,-3],[-50,58],[17,43],[-115,-18],[-38,-49],[-33,-11],[-38,19],[-67,-25],[-20,-93],[-21,-1],[-39,-87],[-123,-35],[-70,-46],[-86,-21],[-37,1],[-10,53],[-24,55],[-47,17],[-10,56],[-1,118],[-57,0],[11,-60],[3,-100],[26,-101],[-35,-84],[-69,-49],[-159,-42],[-84,-6],[-58,41],[15,53],[-32,78],[-16,72],[-49,30],[-28,56],[7,52],[-35,32],[0,53],[-66,10],[-16,-85],[-20,-43],[-45,-21],[-54,5],[-42,-25],[-44,88],[-54,15],[-40,-27],[-51,-6],[-23,25],[15,81],[25,28],[-12,66],[-50,13],[-46,-32],[-19,-35],[-42,-25],[4,-80],[-78,1],[-15,-50],[-25,-23],[-117,28],[-84,97],[-21,-87],[-58,46],[-13,35],[-29,11],[-82,-31],[-18,-25],[-52,72],[10,99],[-9,25],[-54,27],[-14,56],[59,27],[20,27],[45,-14],[69,-1],[38,-15],[41,41],[-10,70],[91,56],[1,32],[-58,6],[-43,-13],[-59,5],[-54,-54],[-103,47],[-48,31],[-80,5],[-36,-24],[-11,-50],[-47,-14],[-14,-49],[31,-73],[-40,-18],[-33,21],[-19,-35],[-38,-13],[-30,34],[-39,153],[6,44],[59,52],[24,143],[-60,32],[-45,-19],[-48,18],[-39,-1],[-56,-68],[15,-85],[-28,-73],[-65,-32],[-34,25],[-32,-90],[-55,25],[-15,-45],[-62,18],[-60,-3],[2,99],[-23,44],[-3,47],[-31,38],[-10,49],[32,11],[39,-23],[-6,60],[52,-10],[40,-48],[18,81],[24,7],[-10,58],[5,59],[-55,4],[-1,46],[75,60],[12,-43],[43,-4],[37,14],[-4,96],[34,4],[75,-49],[5,75],[66,46],[46,-64],[-11,-57],[67,-21],[5,73],[18,113],[-1,40],[85,110],[44,-72],[-11,-35],[41,-52],[-22,-84],[-28,-30],[-10,-40],[73,-22],[46,-26],[23,-60],[43,17],[37,-16],[33,15],[40,-25],[4,44],[46,0],[34,-27],[43,-76],[25,-16],[41,33],[-34,56],[55,57],[38,-2],[57,31],[13,54],[-14,40],[-83,25],[-29,24],[-3,49],[-40,22],[0,62],[43,-29],[71,63],[32,-6],[27,-39],[43,-20],[-1,53],[-68,51],[34,14],[38,-46],[53,34],[27,47],[-16,72],[68,13],[25,37],[78,1],[65,40],[-166,22],[-120,-3],[-36,-38],[-63,17],[-12,70],[26,31],[-6,53],[-68,-6],[-57,-43],[-60,28],[-33,61],[31,37],[-21,69],[-25,42],[-34,17],[-11,-58],[-87,-102],[-15,53],[-43,1],[-18,31],[18,32],[-41,10],[-16,-44],[-73,-73],[-43,49],[-3,50],[-24,36],[-61,33],[-39,-43],[33,-45],[-8,-40],[-30,-20],[26,-71],[-26,-38],[-34,3],[-51,28],[-42,-3],[-33,46],[-31,-16],[-17,78],[14,40],[36,32],[29,66],[13,75],[25,33],[-6,62],[52,23],[21,24],[-28,25],[-48,-12],[1,-38],[-35,-35],[-44,-101],[-79,-56],[4,-40],[-23,-11],[-52,63],[-28,-22],[5,-44],[-36,-36],[27,-34],[6,-43],[-48,-62],[-27,17],[25,50],[-53,-13],[-48,39],[-39,-42],[-23,25],[15,103],[25,41],[-36,62],[-34,34],[-74,6],[-15,26],[-9,65],[-46,18],[-25,-28],[-70,-5],[-35,23],[21,34],[-39,90],[48,0],[-17,48],[117,-56],[-13,134],[-32,84],[-6,83],[45,66],[63,40],[75,-11],[-22,53],[3,37],[-29,32],[-51,-45],[-63,0],[-23,40],[37,48],[-48,30],[-20,-34],[-91,-59],[-7,65],[73,33],[-18,23],[-44,-25],[-33,48],[-55,-40],[-62,-100],[-58,-20],[-8,81],[27,50],[-77,65],[-3,38],[-23,35],[-39,11],[-60,-35],[4,-58],[-34,14],[-32,71],[-35,48],[14,44],[-57,137],[67,73],[31,13],[25,39],[46,17],[-6,37],[40,17],[-3,31],[30,32],[23,-7],[9,-49],[67,9],[21,28],[57,-52],[76,17],[37,-31],[-5,-52],[34,-14],[26,-56],[43,13],[-10,115],[68,-14],[-14,39],[-69,34],[-5,41],[-34,22],[-6,41],[-45,86],[4,54],[30,35],[-3,62],[60,32],[108,-33],[55,37],[-23,69],[46,19],[54,-88],[6,-59],[34,-28],[9,-59],[36,-41],[60,110],[-14,60],[32,4],[-30,72],[25,36],[-86,67],[4,61],[-15,26],[33,43],[21,169],[61,32],[-9,-91],[14,-18],[44,41],[26,53],[57,63],[80,26],[19,-27],[63,-41],[4,-90],[37,-12],[29,-35],[40,-101],[83,-49],[8,-34],[46,-22],[80,7],[8,42],[-61,65],[-11,33],[-40,44],[-27,81],[51,3],[3,52],[-18,37],[49,100],[71,13],[59,-46],[62,-10],[18,61],[25,27],[73,-12],[28,25],[27,-9],[132,-1],[47,-21],[81,66],[-13,40],[-84,50],[-26,61],[-57,65],[-43,17],[-29,40],[-51,3],[-33,-26],[-34,-82],[-22,-28],[-74,19],[-59,-2],[-104,68],[-25,34],[-32,2],[11,45],[-22,44],[-72,15],[-29,28],[1,59],[58,-2],[13,27],[62,-32],[31,3],[30,48],[-91,68],[-21,84],[31,28],[20,62],[48,-3],[20,48],[25,4],[55,-32],[14,36],[54,-7],[54,38],[11,43],[38,64],[66,1],[46,16],[37,32],[47,-14],[40,7],[0,32],[-34,13],[-10,76],[35,68],[36,37],[37,-32],[13,-75],[40,-59],[39,-37],[85,7],[93,-114],[-2,69],[17,25],[-17,81],[5,87],[36,32],[98,45],[47,-37],[17,-30],[60,-26],[40,22],[-21,102],[-25,35],[28,53],[40,12],[-4,50],[-48,36],[-42,2],[-12,109],[50,39],[-45,78],[41,22],[8,47],[60,37],[105,4],[43,22],[37,75],[42,-22],[-43,-36],[-2,-58],[-31,-68],[15,-38],[-12,-50],[-50,-38],[-12,-34],[29,-62],[-19,-14],[-9,-56],[43,-69],[-21,-83],[37,-33],[-8,-46],[71,17],[36,-28],[-17,-54],[2,-60],[-86,-49],[-11,-35],[-57,-88],[27,-29],[69,-11],[110,38],[-14,28],[41,48],[52,30],[14,28],[57,-11],[36,69],[25,-5],[3,-50],[49,-16],[13,57],[-6,43],[44,10],[19,-26],[-3,-44],[63,-8],[17,38],[-49,72],[-11,39],[4,87],[49,80],[46,28],[47,0],[83,-73],[-54,-71],[15,-50],[-13,-53],[45,2],[25,-41],[3,-56],[46,-69],[13,-45],[-18,-18],[40,-58],[-6,-45],[-25,-57],[-36,-49],[-74,5],[14,-47],[38,6],[57,-12],[47,10],[47,-44],[-12,-49],[68,1],[84,-85],[-3,-96],[-50,-41],[-29,9],[-8,-54],[-57,-37],[-14,-70],[18,-9],[33,-63],[44,26],[7,37],[79,101],[45,-2],[80,35],[16,58],[-13,36],[-27,21],[-9,112],[-31,-6],[-28,37],[-15,48],[-49,34],[-10,62],[52,23],[19,-27],[105,-43],[79,-12],[29,-33],[63,-34],[7,21],[-46,87],[-45,28],[-6,54],[-60,100],[28,69],[73,13],[12,28],[54,-27],[35,6],[26,63],[27,27],[8,61],[33,30],[-84,38],[14,78],[-39,56],[3,37],[45,64],[-31,40],[-3,34],[25,32],[58,18],[56,-8],[37,9],[22,-30],[-25,-22],[37,-62],[-8,-22],[54,-51],[-7,-49],[17,-33],[68,-73],[34,34],[-32,41],[-14,42],[46,20],[2,94],[-42,28],[4,31],[55,60],[-69,10],[0,65],[-40,30],[16,48],[65,-8],[43,43],[-56,30],[50,24],[96,-10],[23,-19],[60,0],[26,39],[33,0],[33,35],[-1,28],[50,85],[74,-29],[-13,-66],[62,-56],[26,-74],[-33,-37],[73,-12],[52,118],[39,31],[88,1],[43,-28],[90,-8],[35,-29],[-13,-94],[-18,-25],[-7,-88],[-115,7],[-51,-45],[-18,-65],[44,-48],[35,-12],[-25,-68],[-20,-17],[-46,6],[-70,-10],[-24,26],[-34,-17],[-36,-80],[34,-23],[10,-59],[44,42],[99,9],[75,17],[50,-6],[46,-44],[-8,-66],[54,25],[12,37],[65,27],[119,2],[93,-14],[27,-19],[41,16],[84,-11],[68,-26],[-24,50],[-133,18],[-54,29],[-34,3],[-72,34],[-34,28],[-5,93],[18,51],[74,60],[-19,40],[39,47],[43,28],[74,-36],[3,-63],[20,-59],[40,28],[41,97],[43,34],[22,54],[-31,52],[63,33],[26,-3],[78,63],[-85,14],[-35,42],[-8,92],[-34,-6],[-17,-44],[-45,-24],[-17,-38],[-35,-3],[-46,34],[55,52],[22,2],[34,74],[-77,0],[11,31],[49,6],[68,-20],[-11,75],[19,106],[-34,32],[-31,84],[24,31],[-40,25],[-5,35],[36,62],[11,59],[32,31],[13,45],[-30,38],[-12,44],[45,71],[-9,50],[42,29],[71,10],[29,80],[-7,54],[63,20],[52,69],[14,46],[4,79],[-51,39],[-4,89],[55,54],[8,61],[-45,-5],[-65,-49],[-38,-16],[-31,86],[-75,90],[-76,6],[-38,18],[-77,68],[19,36],[-25,31],[-3,90],[88,50],[-18,26],[6,43],[85,58],[17,30],[-14,57],[-24,-3],[-26,41],[-67,29],[-12,33],[-57,78],[-29,-2],[-35,107],[28,26],[4,41],[-21,70],[74,39],[70,164],[-26,53],[65,31],[41,81],[-19,79],[-57,37],[-33,36],[-54,5],[-1,25],[-38,38],[-70,-15],[10,99],[26,11],[38,-37],[79,104],[-3,41],[30,11],[35,-39],[15,-69],[28,-37],[37,-13],[66,-63],[23,42],[-6,99],[-28,48],[-7,53],[-75,15],[-36,41],[20,15],[57,-7],[56,-33],[27,-51],[40,8],[25,43],[29,3],[65,66],[122,11],[52,-32],[3,-55],[-14,-22],[-69,-1],[6,-53],[57,-7],[46,32],[30,-38],[45,-5],[8,-87],[-11,-69],[34,16],[29,-32],[37,4],[21,65],[-30,50],[14,63],[39,-51],[9,-49],[34,-10],[46,-58],[-23,-94],[52,37],[29,-12],[33,23],[15,-42],[-22,-15],[31,-104],[9,-90],[23,-23],[-32,-30],[12,-31],[38,5],[42,-22],[51,23],[26,-15],[45,19],[51,-16],[47,-55],[22,21],[44,-6],[39,-25],[-8,-44],[42,-65],[34,-18],[84,30],[75,107],[41,75],[-29,51],[2,47],[60,3],[43,-13],[54,22],[28,-37],[-28,-27],[-51,-17],[-39,-50],[28,-30],[-12,-33],[-90,12],[-15,-56],[37,10],[55,-21],[34,-157],[-59,-54],[-1,47],[-44,-9],[-9,-55],[-39,-4],[-9,-91],[-43,-4],[38,-43],[-74,-23],[-21,37],[-51,-2],[52,-100],[62,16],[108,43],[37,42],[45,25],[10,-67],[-89,-65],[58,-34],[22,-59],[-30,-28],[-77,24],[-60,-26],[-51,-3],[-63,-53],[-39,3],[-1,32],[-66,54],[-9,-56],[-27,6],[-15,70],[-104,41],[-2,27],[-46,-6],[-78,45],[-29,5],[-86,-73],[26,-70],[83,-43],[-46,-51],[-2,-70],[60,46],[37,-41],[-15,-15],[12,-62],[-27,-2],[-37,-56],[-54,4],[13,-45],[1,-168],[-42,-11],[-1,-26],[-141,21],[-33,-24],[-15,-52],[27,-57],[-10,-37],[66,-16],[55,-52],[-5,-26],[35,-24],[9,-35],[-37,-43],[-8,-38],[74,-37],[54,-62],[-11,-45],[-92,6],[-28,-18],[20,-37],[-45,-93],[28,-40],[-24,-50],[40,-55],[33,3],[101,-60],[56,-6],[7,-38],[2,-105],[-16,-28],[16,-32],[-26,-30],[13,-35],[80,14],[25,-87],[3,-115],[-14,-42],[69,-58],[0,-85],[-22,-22],[7,-80],[-70,-124],[-19,-102],[0,-56],[-17,-67],[4,-40],[-19,-114],[-18,-33],[-22,-101],[-39,-100],[-23,-26],[-28,-68],[-45,-142],[-65,-87],[-17,-89],[-47,-47],[-46,-31],[29,-72],[-9,-75],[-37,-69],[7,-100],[15,-57],[-17,-71],[-46,-48],[-16,-75],[28,-60],[34,2],[26,107],[19,33],[22,75],[34,35],[20,62],[23,16],[34,73],[23,89],[42,41],[30,184],[76,124],[-5,61],[53,80],[-6,38],[11,72],[26,67],[67,115],[17,6],[25,102],[-2,80],[81,113],[49,95],[15,71],[-13,24],[25,63],[-23,45],[25,46],[52,36],[11,53],[-14,22],[-3,63],[30,37],[71,60],[21,-16],[50,40],[32,0],[107,39],[80,-15],[21,-59],[40,-36],[87,11],[57,50],[74,6],[20,63],[46,35],[74,12],[80,-99],[28,7],[13,84],[60,63],[48,-31],[53,28],[41,-15],[37,36],[-25,58],[33,38],[-3,43],[29,35],[37,18],[5,31],[-36,22],[11,37],[102,5],[86,-31],[48,-64],[-36,-53],[-52,-30],[-60,-108],[6,-25],[-45,-53],[-5,-72],[59,-33],[59,16],[72,65],[120,47],[64,59],[58,2],[100,50],[36,6],[94,62],[21,-113],[71,-100],[-3,-59],[-49,-6],[-108,13],[-80,-17],[-60,-43],[-59,24],[-45,-13],[-68,-63],[-29,-56],[-37,-106],[86,-16],[-28,-51],[77,-52],[36,-4],[21,-43],[-10,-56],[21,-56],[35,-29],[0,-25],[85,-94],[76,-12],[26,-53],[-70,-66],[-37,-15],[-52,8],[-53,28],[-37,-5],[-40,-57],[9,-31],[33,-35],[54,-16],[67,-45],[76,-29],[41,-40],[13,-63],[-8,-29],[-48,-28],[-61,4],[-51,17],[-27,-17],[-57,-91],[-14,-73],[5,-57],[29,-18],[60,28],[60,-12],[-34,-41],[20,-35],[79,10],[34,-18],[-25,-48],[9,-64],[-14,-83],[20,-40],[37,-3],[34,-32],[40,-14],[60,73],[50,23],[53,4],[95,-6],[45,-68],[35,-26],[-22,-33],[26,-99],[41,-40],[94,53],[34,-12],[20,-56],[56,-48],[60,-152],[45,-145],[-13,-81],[29,-13],[49,14],[2,64],[20,91],[73,110],[41,-12],[56,-56],[-42,-34],[-38,-7],[-15,-31],[107,2],[97,57],[1,60],[-42,59],[-11,39],[-25,14],[7,44],[43,107],[5,65],[-22,95],[-29,56],[-68,74],[-40,69],[-23,20],[6,38],[-21,74],[-38,34],[-38,-3],[-35,47],[-44,0],[-52,35],[-5,49],[-27,29],[31,68],[61,29],[22,35],[17,69],[43,16],[20,-20],[56,25],[-2,81],[-32,10],[-22,34],[45,45],[102,32],[34,52],[117,-25],[31,-33],[23,9],[36,-31],[31,58],[-42,19],[66,88],[34,10],[13,-55],[37,5],[52,101],[0,19],[63,9],[8,-29],[68,-12],[4,-63],[28,-37],[-37,-122],[19,-13],[7,-57],[83,20],[12,33],[43,0],[16,-72],[34,-15],[30,-55],[29,6],[45,-50],[97,15],[60,42],[22,44],[-42,67],[46,12],[-8,39],[22,16],[43,-8],[25,45],[-94,76],[-14,43],[75,19],[33,37],[37,19],[52,-3],[48,-91],[109,-71],[28,6],[56,-42],[57,-28],[65,31],[-6,16],[52,57],[-8,42],[-48,29],[26,50],[-63,48],[-8,69],[-18,34],[9,56],[100,-25],[39,21],[-4,38],[-101,94],[-13,31],[22,81],[1,169],[-46,-40],[-36,14],[-18,33],[-59,3],[-46,18],[8,47],[-17,48],[-56,44],[-26,50],[41,56],[-66,37],[32,34],[2,81],[-36,79],[31,32],[-93,114],[-18,44],[3,35],[38,66],[-99,-54],[-60,7],[-41,-31],[-49,37],[-36,-4],[-20,-34],[-122,-38],[-33,31],[21,77],[-20,53],[-21,11],[-5,45],[-35,9],[-10,60],[-33,12],[-2,52],[37,2],[35,-32],[2,-37],[42,-16],[24,16],[37,-12],[33,-42],[29,69],[57,10],[44,-22],[17,-28],[35,7],[80,56],[-31,100],[31,28],[56,-17],[-4,42],[17,40],[59,40],[37,1],[25,-50],[29,2],[17,47],[52,68],[43,32],[35,55],[82,85],[89,15],[13,-24],[55,3],[42,-33],[34,32],[48,-32],[32,-2],[131,130],[36,-86],[24,38],[-8,42],[53,24],[13,50],[-55,18],[4,38],[-44,-2],[-20,-25],[-57,-4],[-39,50],[25,72],[-51,19],[1,31],[34,17],[22,43],[49,-7],[65,-37],[67,7],[16,59],[4,65],[-75,50],[10,88],[-25,86],[-35,30],[-99,57],[-4,42],[15,31],[-57,51],[-50,95],[-12,112],[-44,82],[-29,17],[3,33],[-26,72],[-54,19],[31,45],[37,29],[117,-1],[37,15],[38,76],[65,52],[63,-13],[47,13],[39,-29],[56,6],[25,-48],[52,43],[92,27],[41,37],[84,2],[24,11],[28,-45],[40,29],[74,27],[15,25],[71,65],[20,54],[29,19],[5,31],[-30,25],[-20,58],[23,41],[54,1],[49,-49],[64,59],[-1,38],[46,162],[28,14],[9,39],[-31,26],[15,52],[37,6],[10,44],[38,26],[-49,25],[-28,-4],[-46,42],[-16,49],[-31,25],[-34,57],[-35,23],[109,42],[23,-16],[66,76],[91,4],[25,29],[41,18],[-132,29],[-76,75],[-25,66],[13,29],[-8,97],[-82,6],[-49,47],[-27,-22],[-23,41],[-64,23],[-27,37],[6,99],[-32,30],[-42,109],[-71,60],[-94,127],[-74,45],[-51,44],[-43,12],[-40,-24],[-42,-56],[-96,-68],[-93,56],[-60,79],[-65,-21],[-30,8],[-13,55],[-55,-10],[-83,-65],[-86,-34],[-54,-45],[-49,-67],[-80,-56],[-42,-18],[-58,9],[-99,41],[-48,47],[-123,84],[-48,78],[-28,76],[-107,1],[-40,16],[-31,87],[34,67],[-27,58],[11,23],[-67,28],[-58,13],[-14,33],[-72,63],[12,48],[54,49],[-12,53],[36,152],[-37,67],[8,61],[-39,30],[-32,-2],[-34,41],[3,44],[64,40],[13,36],[65,30],[32,-93],[-8,-73],[-21,-40],[15,-17],[46,29],[75,-57],[5,-28],[45,-40],[32,-88],[41,-24],[61,1],[83,-34],[7,-60],[-13,-23],[-52,-22],[-12,-50],[-49,-35],[34,-15],[-17,-84],[8,-32],[-16,-54],[49,-36],[-13,-53],[18,-57],[69,-9],[-12,108],[-32,28],[47,82],[25,9],[4,47],[51,33],[31,-21],[38,87],[34,37],[-42,47],[39,70],[7,46],[-30,31],[-8,39],[35,14],[66,-66],[48,-27],[28,-31],[-12,-29],[-59,-47],[20,-34],[-19,-61],[76,5],[36,72],[29,31],[66,-13],[48,24],[27,34],[-14,48],[10,49],[-28,39],[-73,18],[-37,22],[-7,28],[27,47],[-46,53],[-69,50],[-53,-23],[-78,2],[-53,21],[-33,33],[25,70],[68,11],[81,30],[30,-26],[26,7],[-19,63],[40,18],[97,-28],[22,-31],[66,44],[63,-12],[80,-34],[-3,-32],[31,-82],[4,-88],[29,-43],[-3,-70],[12,-32],[-30,-61],[38,-20],[39,-116],[-41,-87],[49,-62],[56,-9],[2,56],[53,42],[74,-27],[63,-56],[22,-33],[47,4],[42,-30],[13,116],[-32,63],[-46,0],[-14,36],[-70,34],[-20,53],[39,74],[49,25],[-17,44],[-59,50],[22,56],[67,61],[-97,99],[-36,14],[-3,28],[60,34],[49,9],[61,48],[47,-16],[59,32],[1,36],[-61,53],[-86,-22],[-31,-46],[-28,-13],[-69,-4],[-19,-33],[-30,24],[-42,100],[34,34],[-89,23],[-37,69],[-52,-23],[-56,32],[-84,33],[-28,-12],[-40,56],[-65,12],[-41,26],[81,34],[1,31],[-73,45],[-51,-4],[-19,33],[-54,-20],[-63,65],[4,68],[-46,29],[-74,-13],[-28,-89],[-75,60],[0,19],[-43,66],[85,25],[43,-6],[49,19],[59,49],[118,-5],[-35,-37],[11,-26],[86,-94],[43,-31],[20,-44],[52,-45],[66,-7],[75,9],[-3,59],[45,20],[38,38],[-6,40],[-30,56],[84,34],[33,55],[-16,27],[53,57],[81,43],[0,60],[65,59],[46,75],[37,-3],[20,-40],[59,-22],[-41,-60],[-69,-24],[-18,-25],[-7,-85],[-30,-19],[-17,-57],[81,-24],[108,17],[68,36],[10,-25],[-120,-75],[-10,-57],[-57,-25],[-44,-43],[-35,-18],[-43,-61],[51,-30],[26,46],[29,-8],[65,39],[54,48],[4,50],[25,50],[37,18],[26,-31],[112,-6],[-50,-65],[-4,-22],[60,-38],[104,-21],[78,-65],[28,2],[20,38],[-5,38],[31,100],[-37,31],[19,24],[6,102],[58,-19],[111,22],[74,69],[38,6],[31,-28],[2,-29],[-40,-27],[-36,-4],[-9,-44],[17,-55],[41,45],[47,16],[21,-22],[-34,-43],[6,-41],[-38,-75],[-45,-32],[-60,-87],[3,-34],[-55,-16],[-66,18],[-40,-19],[-51,-67],[-34,-10],[-25,-32],[-29,-82],[97,16],[35,48],[66,-7],[50,-56],[46,-22],[100,19],[41,-52],[-47,-75],[-31,3],[-54,-42],[-46,-22],[-57,-62],[-126,-34],[46,-31],[-5,-51],[-54,-50],[-31,-60],[-80,-40],[-34,-75],[-45,-23],[-50,4],[-33,-28],[-26,-58],[17,-52],[-1,-84],[86,59],[28,-30],[27,65],[-41,31],[37,29],[52,9],[55,28],[37,48],[82,38],[24,38],[111,60],[36,42],[32,65],[27,19],[35,-13],[49,25],[40,57],[73,-3],[41,32],[34,0],[26,31],[-4,50],[107,59],[34,44],[91,-21],[114,15],[52,-12],[108,38],[23,-22],[6,-67],[20,-22],[8,-62],[65,-56],[-34,-49],[-96,30],[-24,35],[-47,28],[-87,-6],[-93,8],[-20,-40],[-67,-48],[-56,-5],[-29,19],[-65,-22],[-47,-42],[-39,-16],[-35,-41],[-51,-33],[-77,8],[-46,-33],[11,-44],[-59,-81],[-79,-49],[5,-32],[31,-31],[80,-11],[66,43],[31,38],[49,-3],[37,38],[72,6],[69,-19],[28,-35],[39,-4],[27,19],[-14,40],[32,28],[154,18],[-5,47],[34,21],[36,-33],[-23,-66],[8,-53],[63,-53],[37,-5],[48,15],[21,-31],[73,10],[12,-79],[45,-37],[4,-26],[-38,-53],[-63,-136],[-83,-35],[-66,-20],[-92,1],[-57,-13],[-25,21],[-60,5],[-73,-91],[-60,-24],[-20,-23],[-51,-22],[-60,1],[-62,-15],[-27,31],[-25,-6],[-21,-43],[-51,-46],[-71,-41],[20,-20],[33,-93],[24,60],[51,37],[48,-16],[50,31],[67,-11],[63,6],[27,-19],[74,15],[88,35],[-12,-34],[-99,-93],[-39,-20],[-39,-40],[-52,3],[-54,-87],[23,-31],[-30,-30],[-14,-70],[-52,-27],[26,-42],[-18,-40],[15,-24],[-9,-82],[25,-16],[27,40],[37,98],[45,43],[7,53],[29,46],[79,56],[26,0],[52,41],[35,0],[16,44],[66,34],[43,2],[89,28],[31,27],[41,8],[22,-39],[-31,-16],[31,-63],[-20,-21],[-44,3],[-30,-34],[-18,-55],[47,-61],[6,-72],[31,-27],[30,15],[45,-13],[3,-52],[44,-19],[-5,-35],[-105,-37],[-7,-25],[64,-6],[13,-31],[-46,-25],[-64,-3],[-37,21],[-41,-5],[-26,-22],[-59,-21],[4,-32],[-30,-31],[-43,-15],[-69,16],[-106,-25],[94,-78],[14,-42],[48,26],[95,0],[48,9],[78,-2],[17,-36],[-58,-59],[-69,-26],[-9,-25],[-50,-53],[-4,-42],[-42,-45],[-27,-53],[-42,-11],[30,-47],[35,11],[33,-69],[55,-62],[10,-65],[83,39],[52,-21],[69,-7],[104,6],[7,25],[91,12],[39,-10],[16,25],[44,14],[24,26],[65,-31],[-12,-45],[-73,-51],[16,-41],[119,14],[13,-16],[-23,-43],[-49,-38],[3,-24],[-35,-29],[16,-87],[81,-53],[8,-42],[-55,-18],[-73,78],[-78,23],[-20,-31],[-9,-79],[-53,-20],[13,-42],[-36,-51],[4,-54],[-25,-31],[-101,-52],[54,-54],[36,40],[65,2],[47,-55],[4,56],[20,49],[51,66],[61,8],[96,-44],[14,-50],[46,-18],[-14,-37],[19,-26],[58,-14],[70,92],[32,15],[14,43],[59,69],[45,93],[-19,88],[48,-3],[3,-92],[-15,-22],[-3,-83],[-21,-50],[-30,-19],[-26,-80],[7,-33],[52,-3],[65,68],[-11,50],[64,78],[-26,38],[49,10],[37,-67],[78,-66],[55,21],[5,-24],[40,-34],[6,-33],[49,16],[-35,54],[30,50],[6,38],[31,6],[-6,58],[14,56],[-14,29],[70,62],[3,43],[37,23],[37,1],[23,-24],[5,-38],[82,-12],[60,96],[90,40],[31,34],[75,21],[84,-31],[72,17],[25,48],[-65,46],[-67,108],[-56,63],[-33,-6],[-36,33],[0,25],[-40,41],[-68,-26],[17,45],[-30,23],[-47,-15],[-48,57],[4,46],[-26,10],[20,75],[-34,69],[-48,15],[-51,-15],[2,-59],[-12,-57],[-34,-31],[-55,-8],[-22,100],[-37,75],[40,33],[-24,20],[-29,-23],[-34,2],[88,92],[28,15],[-15,91],[14,18],[97,48],[23,-5],[0,100],[-25,45],[2,41],[-24,41],[37,55],[103,11],[117,-22],[39,0],[80,36],[66,-6],[7,123],[45,39],[-59,72],[1,201],[-8,47],[-116,68],[-10,47],[62,31],[34,29],[181,-39],[27,21],[36,-16],[57,1],[103,36],[41,-43],[137,17],[54,-56],[60,-7],[39,34],[-42,68],[-48,8],[-28,33],[-4,41],[24,62],[31,29],[42,108],[-14,63],[36,37],[75,18],[85,-4],[52,37],[123,-7],[72,87],[3,82],[43,82],[8,37],[95,87],[52,-2],[22,-17],[20,-59],[-11,-69],[-20,-30],[39,-78],[31,7],[80,-45],[58,-14],[82,9],[40,34],[-7,31],[28,59],[23,-11],[60,29],[40,-48],[100,44],[93,138],[0,25],[35,69],[-8,81],[23,52],[-37,29],[14,87],[57,-11],[6,-49],[53,-42],[72,3],[74,42],[152,148],[40,58],[28,74],[40,31],[34,53],[27,-94],[57,-23],[96,-75],[52,-6],[29,37],[102,51],[28,33],[64,-2],[43,-116],[-55,0],[-5,37],[-29,25],[-29,-25],[-5,-31],[33,-41],[-48,-50],[-35,35],[-20,-42],[-79,-1],[-74,-60],[-87,-10],[-90,-93],[-99,-187],[-53,-66],[-109,-87],[-16,-43],[-38,-40],[-3,-54],[-55,-49],[-48,20],[-114,16],[-52,-24],[-29,-29],[-25,-52],[-1,-53],[20,-36],[37,-9],[5,-28],[-55,-52],[26,-72],[42,-39],[62,-115],[-83,-16],[-30,13],[-69,-17],[-61,-93],[-112,-112],[-41,-16],[-17,-43],[-69,-41],[-8,-27],[-55,-21],[-26,-28],[9,-38],[-58,-33],[41,-17],[7,-159],[17,-47],[85,-42],[60,-12],[51,-27],[86,-13],[-3,28],[52,35],[12,55],[56,9],[89,-27],[40,54],[63,51],[57,9],[109,61],[32,103],[31,39],[111,-94],[6,-81],[16,-21],[-26,-38],[-36,-22],[-46,23],[-94,4],[-56,-79],[-59,-6],[-51,-21],[-22,-67],[-12,-75],[9,-82],[30,-57],[-26,-45],[17,-66],[26,-48],[26,-19],[57,2],[37,-21],[-4,-57],[39,-40],[60,-38],[-9,-85],[6,-46],[51,40],[37,-19],[49,-3],[96,48],[15,42],[29,24],[125,-8],[38,16],[47,-47],[29,-11],[48,69],[-11,32],[32,34],[38,-3],[79,14],[11,-60],[51,-46],[6,-86],[-18,-36],[-57,-9],[-41,-50],[-37,-72],[5,-61],[40,-41],[-3,-35],[-40,-44],[39,-107],[37,-39],[16,-45],[-23,-75],[-7,-121],[-41,-33],[-2,-42],[27,-40],[38,-19],[75,-97],[47,-18],[79,32],[43,3],[71,-17],[39,-44],[69,-48],[49,38],[-14,49],[-9,92],[13,74],[-15,40],[1,69],[52,47],[9,49],[31,29],[-1,88],[-11,53],[-45,56],[11,41],[35,12],[34,-19],[56,-2],[35,12],[24,-47],[41,-41],[40,-9],[48,-41],[128,31],[69,39],[-21,34],[30,34],[-6,53],[78,31],[-9,106],[19,92],[-22,53],[-43,31],[51,34],[-30,44],[12,37],[-32,70],[21,50],[46,73],[64,41],[19,66],[29,26],[-5,72],[-54,23],[-17,23],[55,48],[-65,30],[6,81],[-42,18],[-23,29],[-5,87],[12,25],[-43,22],[-36,35],[5,38],[89,54],[32,-31],[48,-12],[17,-27],[68,-5],[19,-88],[32,-23],[18,-40],[33,-20],[56,-57],[28,7],[37,-81],[91,-4],[12,72],[-34,58],[46,13],[47,-185],[-35,-30],[-47,-151],[8,-109],[24,-63],[49,37],[14,-65],[31,7],[33,34],[83,14],[20,66],[41,48],[113,5],[33,79],[-1,53],[-18,41],[-57,79],[-60,22],[46,45],[1,36],[45,43],[43,12],[51,-54],[52,9],[44,45],[17,72],[-5,54],[42,38],[22,89],[-3,44],[-51,32],[-97,-18],[18,43],[134,12],[48,49],[55,6],[20,65],[40,30],[63,6],[26,53],[-13,50],[-60,50],[-47,88],[-3,54],[37,74],[-10,57],[-99,2],[81,51],[85,-13],[-22,31],[-40,6],[-69,-27],[-65,-9],[-44,-22],[-68,-67],[-52,-88],[-49,-33],[-26,27],[-79,17],[-43,23],[-24,-8],[-52,36],[-69,9],[-41,63],[20,35],[-56,47],[58,36],[-38,24],[-9,49],[-30,28],[23,35],[53,47],[20,54],[48,61],[10,54],[-35,57],[32,36],[60,-1],[54,-78],[23,-54],[40,-59],[55,-114],[58,-12],[64,46],[45,17],[62,-44],[62,11],[61,60],[31,-4],[26,38],[-39,55],[-4,48],[-33,34],[6,57],[33,24],[71,-41],[76,22],[44,-25],[40,2],[21,-36],[-3,-35],[62,4],[97,51],[72,82],[135,-29],[-50,-31],[25,-32],[39,17],[50,-20],[60,-41],[12,-74],[-44,28],[-56,-16],[-15,-21],[77,-51],[2,29],[47,12],[26,-28],[108,78],[-9,25],[89,17],[49,25],[26,31],[77,60],[37,11],[91,-25],[142,18],[91,-45],[69,-18],[37,-69],[108,-4],[29,-46],[-13,-41],[0,-60],[46,-34],[156,42],[81,70],[56,27],[-21,48],[-71,62],[-39,45],[-55,21],[-66,78],[-54,26],[-59,54],[0,25],[-59,49],[-128,76],[-86,44],[-6,49],[-151,62],[-37,-26],[-37,8],[-10,42],[22,44],[-20,42],[-71,6],[-106,-18],[-45,5],[-26,45],[-28,-34],[-43,10],[-80,-13],[-26,-49],[-36,47],[47,74],[15,69],[-34,71],[-26,4],[4,106],[-45,41],[8,55],[-13,42],[-44,66],[-5,46],[-86,75],[-30,47],[-65,22],[-52,75],[-46,20],[-54,60],[-67,143],[3,82],[-9,37],[-54,60],[-65,130],[-11,77],[37,53],[9,68],[-8,34],[-38,48],[-97,27],[-76,92],[-20,47],[23,49],[48,0],[111,34],[85,56],[30,69],[32,-21],[-2,-33],[-39,-12],[-15,-44],[34,-36],[134,42],[17,35],[34,-2],[66,-52],[30,-56],[35,0],[38,60],[-19,31],[3,49],[29,40],[36,1],[57,-22],[64,20],[49,55],[80,23],[27,22],[34,-16],[20,-80],[-10,-40],[74,-55],[53,-8],[23,-41],[-3,-51],[10,-71],[-28,-26],[10,-44],[-56,-100],[70,-5],[54,-69],[31,-20],[63,-8],[-11,96],[9,71],[49,74],[71,28],[63,-5],[87,-49],[91,-3],[37,20],[-3,49],[-68,62],[-79,42],[-100,140],[-34,26],[8,56],[-28,35],[9,50],[-22,37],[30,34],[41,16],[91,-6],[46,-58],[49,7],[23,19],[-6,87],[11,24],[61,28],[92,0],[56,-68],[55,-1],[104,-69],[-22,-65],[14,-20],[85,-4],[34,11],[38,-35],[55,18],[68,-6],[36,-22],[58,-74],[89,64],[63,23],[36,0],[41,37],[-24,23],[-14,44],[-36,31],[-40,-28],[-28,31],[-95,5],[-43,43],[-2,49],[-74,35],[-28,42],[30,27],[60,-37],[90,15],[59,32],[61,-20],[106,0],[42,-39],[88,-21],[38,28],[5,49],[47,12],[34,-16],[8,-68],[36,-6],[20,-47],[88,-57],[35,12],[85,8],[6,-21],[-39,-35],[-38,-9],[-1,-49],[47,-48],[31,1],[2,-78],[23,-55],[-12,-44],[9,-43],[70,-68],[51,-38],[6,88],[-19,31],[28,39],[-2,108],[27,31],[53,-58],[-51,-45],[6,-41],[47,-44],[-9,-51],[57,-12],[-52,-78],[69,6],[0,-28],[35,-12],[39,18],[6,56],[-25,25],[41,21],[65,-51],[-16,-68],[44,-31],[60,3],[36,-22],[-2,-29],[30,-18],[-73,-40],[-43,6],[-43,37],[-44,-137],[-63,-14],[-3,-25],[-48,-48],[-13,-31],[67,9],[47,-28],[86,22],[67,46],[42,-17],[-15,-54],[-28,-26],[48,-19],[51,0],[15,-43],[38,15],[28,47],[-22,30],[23,53],[-11,20],[9,68],[67,12],[29,37],[-17,48],[23,9],[52,-39],[-4,-41],[-26,-25],[46,-131],[37,-27],[11,-29],[-71,-18],[-10,-34],[-53,-16],[-7,-65],[-37,-44],[-1,-46],[26,-47],[39,-30],[50,23],[65,12],[64,118],[131,50],[46,-2],[26,-36],[47,3],[26,-22],[-3,-70],[-14,-61],[13,-58],[-74,-89],[-64,-13],[-44,20],[-32,-44],[0,-35],[113,-20],[41,-18],[-58,-52],[-10,-67],[18,-92],[-38,-41],[-52,-9],[-22,-37],[4,-38],[-23,-106],[41,-6],[22,78],[21,27],[116,25],[98,29],[60,62],[30,-6],[64,13],[52,33],[26,-2],[37,-75],[-4,-42],[-25,-67],[-37,-4],[-27,-34],[6,-38],[60,-44],[39,-12],[37,-69],[-48,18],[-35,-24],[-31,4],[3,-53],[-32,-25],[-9,-38],[-49,-10],[-5,-48],[53,-41],[44,11],[40,59],[53,-40],[45,-80],[-57,-115],[28,-40],[62,12],[12,-18],[63,-13],[25,11],[21,-38],[-49,-84],[-70,-70],[9,-57],[26,-18],[10,-41],[74,-22],[20,49],[41,31],[2,-49],[45,-29],[81,-28],[13,-54],[65,-25],[34,13],[-14,39],[-10,82],[24,43],[37,-25],[39,-6],[26,44],[-36,40],[-32,85],[64,37],[28,47],[-3,49],[24,54],[-12,28],[24,77],[22,25],[81,19],[58,36],[45,7],[48,-19],[27,34],[-12,56],[-51,34],[-103,14],[52,99],[109,6],[38,34],[74,2],[45,38],[15,-11],[-23,-64],[8,-26],[37,-9],[2,-49],[18,-23],[13,-60],[-31,-27],[-21,-47],[3,-47],[-18,-49],[-55,-40],[1,-33],[55,-124],[8,-54],[-16,-28],[20,-31],[51,2],[41,95],[51,-4],[5,-87],[42,-57],[45,-13],[-27,103],[46,156],[37,25],[60,-36],[97,27],[27,20],[-9,37],[49,37],[-5,53],[12,131],[31,26],[0,28],[27,47],[27,93],[60,71],[54,-3],[6,-45],[41,-19],[26,15],[91,10],[78,45],[25,-6],[33,-40],[15,-50],[55,-64],[36,-3],[83,-54],[8,-68],[-21,-66],[-89,-90],[43,-3],[64,33],[84,1],[41,-39],[1,-37],[69,-76],[74,16],[-9,-48],[45,-88],[50,-41],[67,-38],[87,-19],[83,19],[96,-44],[116,54],[36,55],[31,87],[-23,42],[5,31],[-31,51],[-77,30],[-73,2],[-48,34],[-49,61],[10,87],[-28,69],[59,9],[84,36],[46,2],[32,50],[23,-2],[60,40],[70,-5],[23,13],[78,-42],[21,-112],[51,-53],[66,-16],[22,-23],[14,-50],[55,9],[16,-41],[-44,-59],[35,-32],[51,23],[42,1],[37,-25],[104,-16],[30,-54],[60,-74],[71,-36],[-1,-47],[28,-28],[15,-46],[33,-1],[21,46],[5,62],[30,36],[39,-13],[38,111],[33,13],[58,-14],[6,-61],[-32,-63],[13,-65],[-39,-54],[2,-58],[71,-9],[101,-69],[69,-6],[-4,-73],[50,-57],[79,44],[29,-22],[16,-103],[38,-19],[64,-61],[24,-135],[-18,-53],[-65,-62],[-76,-34],[-83,-106],[19,-45],[60,0],[64,-89],[-15,-34],[-41,-40],[-42,-82],[-37,-91],[45,-61],[59,-51],[30,-2],[30,36],[38,5],[37,38],[25,-33],[-3,-34],[61,-31],[18,25],[38,1],[-1,-41],[20,-120],[-14,-67],[42,-21],[25,-48],[32,59],[31,6],[15,37],[-13,41],[27,121],[27,39],[45,-21],[57,-78],[58,-20],[72,-43],[89,36],[-30,55],[20,13],[61,-47],[51,8],[-20,-73],[-24,-30],[-46,-7],[11,-38],[-85,-33],[-31,-24],[-7,-36],[15,-34],[39,17],[55,-49],[13,68],[45,29],[25,-6],[16,-41],[34,20],[16,32],[49,-21],[36,21],[49,-33],[-10,-46],[-46,-21],[35,-26],[-10,-57],[-49,-50],[-44,-77],[-85,-62],[0,-48],[22,-33],[133,78],[56,62],[55,37],[-3,32],[20,52],[32,-14],[-9,-47],[30,-22],[3,-41],[25,-15],[74,21],[22,55],[84,-83],[51,-36],[-15,-34],[28,-23],[-27,-61],[34,-47],[68,7],[18,-32],[53,2],[49,-47],[-7,-46],[51,-1],[11,-37],[40,-15],[5,-28],[57,-17],[42,10],[-2,-51],[74,11],[17,19],[122,11],[65,-33],[42,-95],[-5,-31],[53,-45],[42,-57],[19,14],[46,-32],[71,-30],[24,4],[40,-27],[57,-5],[18,-42],[-88,-101],[60,8],[26,-40],[51,9],[38,-39],[67,7],[66,-34],[64,-65],[3,-57],[-33,-21],[15,-32],[-15,-60],[-33,-41],[9,-45],[34,-29],[114,11],[-45,-38],[14,-25],[38,4],[79,63],[24,-90],[43,-70],[6,-51],[40,-44],[-11,-36],[12,-36],[-14,-70],[-21,-20],[63,-50],[68,6],[17,-57],[29,15],[42,-21],[60,-2],[9,-44],[73,-74],[6,-33],[38,-54],[3,-89],[18,-31],[88,10],[57,-66],[17,28],[63,-32],[-9,-36],[16,-40],[102,-93],[37,-26],[126,-43],[52,-42],[-2,-69],[44,-103],[81,-112],[100,-99],[24,-101],[-38,-71],[-34,7],[-88,-38],[-48,-43],[-17,-55],[-32,-11],[-24,-69],[-20,-26],[25,-35],[63,40],[41,89],[21,27],[106,47],[38,-9],[16,22],[52,-35],[-38,-56],[5,-54],[35,-65],[10,-46],[-17,-38],[24,-81],[6,-112],[45,-9],[24,34],[34,-30],[9,-31],[45,19],[52,76],[46,4],[-2,-103],[36,-73],[37,-42],[71,48],[73,-9],[72,-80],[-15,-119],[-28,-45],[22,-65],[-1,-81],[-17,-38],[-60,-53],[-20,-88],[60,-81],[3,-46],[28,-4],[44,-39],[44,24],[49,-48],[23,-51],[7,-56],[24,-82],[63,-100],[52,-34],[5,-43],[26,-28],[37,-10],[73,45],[34,-2],[12,36],[70,55],[82,3],[69,67],[52,-80],[-7,-42],[30,-89],[26,-47],[37,-21],[97,-93],[6,-31],[38,-18],[53,13],[148,-68],[21,22],[65,-18],[28,78],[59,-23],[75,-81],[15,-55],[98,-116],[36,1],[43,-27],[12,-73],[-73,22],[-52,-16],[-6,-32],[-36,-20],[-3,-67],[37,-63],[-50,-4],[-37,-58],[-10,-80],[-20,-34],[38,-28],[49,-56],[28,-52],[106,7],[85,-70],[-53,-76],[6,-65],[23,-40],[71,-18],[63,-38],[39,11],[31,33],[49,7],[68,67],[36,15],[71,7],[65,69],[-10,122],[-18,32],[73,82],[59,-60],[-14,-14],[30,-51],[16,-55],[76,10],[28,-21],[64,-14],[42,17],[65,-83],[52,-7],[45,-23],[44,-63],[33,7],[66,-58],[23,-36],[174,-182],[21,-49],[77,-100],[114,-58],[34,-49],[19,-85],[-35,-49],[-31,0],[-25,-99],[8,-61],[81,-62],[85,44],[97,29],[-18,87],[26,3],[133,-126],[75,-22],[-22,-59],[25,-15],[60,14],[42,-38],[35,16],[34,-25],[36,25],[34,-34],[37,-8],[89,-52],[28,-35],[10,-65],[45,-59],[-33,-33],[-5,-40],[-40,-66],[45,-31],[39,48],[58,19],[73,7],[69,-53],[19,-36],[-45,-29],[1,-40],[30,-14],[47,-101],[62,-43],[134,-43],[173,-43],[103,22],[27,44],[43,39],[53,1],[61,-35],[44,0],[64,-24],[30,-44],[40,-17],[9,-42],[28,-42],[-22,-53],[-73,-27],[-8,-63],[41,-93],[62,-32],[34,36],[14,-59],[-17,-38],[-33,-15],[0,-40],[-54,-42],[-26,3],[-37,57],[-59,49],[-106,117],[-43,4],[-50,-14],[-130,-78],[-16,-85],[11,-68],[-52,-144],[-48,-192],[-12,-105],[18,-112],[40,-119],[35,-67],[44,-32],[47,-65],[-1,-23],[50,-44],[19,-34],[-7,-44],[16,-48],[-36,-27],[-141,-18],[-54,-1],[-93,-35],[-168,10],[-122,-29],[-64,-35],[-66,-72],[-46,-31],[-76,-22],[-85,-39],[-63,-43],[59,-126],[109,14],[106,-11],[-28,-41],[-25,-78],[-59,-120],[-92,-167],[-67,-203],[-13,-62],[-66,-144],[-26,-38],[7,-23],[-28,-53],[-18,-62],[-1,-46],[19,-53],[44,-50],[0,-73],[23,-14],[-20,-107],[6,-52],[-10,-108],[12,-101],[-41,-10],[-39,-58],[-9,-63],[-20,-31],[-57,-50],[-16,-39],[-6,-158],[-19,-91],[48,-72],[-89,-80],[-5,-79],[64,-61],[-4,-55],[50,-48],[3,-38],[-62,-31],[-47,-7],[-34,-40],[-12,-41],[10,-39],[-60,-37],[-64,-76],[-34,-30],[-47,-89],[-15,-61],[-4,-98],[36,-142],[44,-69],[21,-56],[-15,-41],[-9,-122],[14,-93],[39,-103],[45,-42],[92,-58],[48,-48],[2,-76],[-34,-116],[-64,-107],[3,-64],[20,-150],[-23,-65],[-8,-63],[-47,-41],[-19,-40],[-59,-57],[-9,-56],[40,-63],[51,-27],[-12,-38],[-44,-9],[3,-34],[62,-35],[3,-47],[-48,-22],[-37,-40],[-5,-47],[17,-45],[55,-58],[38,-21],[-19,-52],[49,-101],[-11,-31],[-83,-21],[-58,-43],[-73,-113],[-36,-37],[-91,-33],[-67,-8],[-45,24],[-74,84],[-54,47],[-74,30],[-27,-68],[42,-12],[49,-34],[81,-117],[58,-45],[112,-46],[-19,-150],[43,-173],[60,-106],[121,-151],[69,-122],[40,-141],[4,-90],[-8,-83],[-48,-191],[-13,-11],[-19,-120],[-57,-192],[-22,-53],[-99,-181],[-40,-65],[-142,-273],[-51,-75],[-50,-42],[-151,-46],[-39,-24],[-42,-67],[-49,-1],[-19,-17],[-59,-8],[-23,12],[-32,-48],[-52,-31],[-88,-98],[-68,-28],[-76,-44],[-14,-28],[48,-32],[36,42],[77,3],[32,41],[62,56],[54,70],[149,25],[30,11],[104,-2],[188,5],[88,24],[103,63],[104,105],[146,92],[98,94],[59,94],[11,75],[25,104],[36,50],[59,105],[77,116],[57,161],[18,102],[6,137],[35,111],[11,137],[11,37],[-1,190],[-20,121],[20,69],[19,109],[-1,63],[28,38],[-3,57],[14,150],[-10,292],[-18,103],[-21,66],[-84,175],[-37,68],[-38,46],[-51,38],[-46,21],[-74,16],[12,24],[-9,76],[79,25],[87,38],[26,47],[-3,37],[-32,50],[-34,15],[28,63],[-1,116],[-25,24],[11,35],[65,12],[28,37],[-11,76],[19,77],[41,66],[71,54],[45,-24],[18,-38],[50,-57],[116,-90],[113,-54],[147,-57],[65,-43],[122,-94],[167,-158],[179,-259],[104,-126],[206,-188],[21,-11],[85,-85],[45,-87],[153,-133],[61,-37],[48,-54],[6,-33],[-33,-56],[0,-42],[72,-58],[26,-67],[49,-40],[42,-50],[98,-70],[54,-100],[-16,-91],[-34,-107],[24,-72],[14,-83],[8,-228],[13,-75],[65,-160],[13,-96],[32,-78],[34,-30],[31,-48],[12,-96],[-79,-173],[1,-83],[53,-117],[57,-83],[56,-60],[21,19],[91,-86],[32,-44],[57,-19],[45,-37],[-11,-104],[36,-67],[54,-54],[55,-28],[39,1],[69,47],[32,40],[-46,32],[-49,-44],[-42,-10],[-38,34],[-10,119],[-51,85],[-36,33],[-79,26],[-39,77],[-46,57],[-78,37],[-29,25],[-40,95],[2,101],[21,127],[37,109],[26,158],[34,65],[-31,50],[-98,41],[-30,74],[-8,122],[-20,93],[-9,112],[-1,191],[12,38],[51,90],[29,122],[-3,134],[18,57],[4,103],[-101,205],[-40,106],[-93,135],[-68,90],[-63,68],[-73,56],[-232,153],[-96,70],[-48,57],[-60,155],[-74,162],[-31,41],[-58,105],[-35,107],[-6,61],[11,111],[33,125],[-5,93],[18,109],[-25,96],[-23,259],[8,95],[-14,42],[-46,83],[-87,115],[-106,99],[-58,38],[-3,25],[-43,40],[-3,44],[28,161],[39,135],[55,110],[9,46],[62,107],[114,259],[68,125],[17,75],[42,127],[47,64],[73,44],[76,35],[84,12],[42,29],[24,-12],[27,40],[124,77],[70,19],[54,-15],[52,30],[48,41],[70,24],[19,27],[32,-14],[26,-42],[96,-102],[79,-75],[47,-70],[24,-75],[81,-161],[42,-131],[96,-180],[59,47],[-37,65],[-4,26],[-51,145],[-128,279],[-41,65],[-65,82],[-153,164],[-36,68],[11,126],[22,121],[5,115],[23,39],[124,59],[66,64],[51,9],[57,-34],[37,-40],[39,-153],[2,-65],[-8,-138],[12,-77],[32,-122],[27,-72],[99,-221],[21,-27],[47,-110],[35,-161],[50,-159],[30,-67],[79,-109],[9,-25],[-4,-70],[29,-47],[40,-137],[149,68],[-42,32],[-17,36],[-17,78],[-55,122],[-54,278],[-17,175],[9,139],[-20,48],[201,-67],[38,-22],[147,-120],[45,-53],[84,-122],[61,-76],[83,-91],[38,25],[-73,113],[-12,40],[-35,31],[-131,197],[-53,65],[-107,76],[-120,66],[-125,95],[-28,32],[-34,6],[-62,51],[-41,84],[2,45],[33,153],[25,72],[26,9],[5,122],[-14,84],[4,119],[8,35],[-12,62],[17,30],[-19,113],[-1,82],[27,122],[79,9],[31,-32],[55,-30],[9,-27],[73,-78],[66,-94],[42,-71],[66,-144],[40,-55],[61,-50],[53,-87],[122,-111],[46,-7],[91,-62],[32,-62],[15,-117],[48,-123],[68,-114],[91,-87],[77,-107],[64,-64],[97,84],[-25,22],[-58,103],[-124,106],[-31,44],[-35,106],[-34,130],[-49,118],[-29,37],[-65,115],[-26,66],[-35,121],[9,38],[-35,53],[25,77],[5,53],[-68,131],[-12,41],[-40,71],[-71,56],[3,53],[150,-10],[90,-48],[57,-73],[47,-87],[154,-256],[56,-74],[82,-88],[23,-39],[109,-149],[77,-95],[54,-55],[36,-60],[127,-110],[137,-81],[77,-56],[40,-71],[-8,-67],[18,-65],[90,-86],[-14,-117],[44,-103],[62,-31],[27,31],[-53,50],[-8,44],[39,50],[7,65],[-34,113],[-100,212],[-47,29],[-37,42],[-148,106],[-45,41],[-162,208],[-60,127],[-4,69],[40,94],[55,93],[-25,32],[-51,119],[-43,58],[-16,84],[-99,90],[-48,63],[-71,109],[-128,148],[-26,73],[-65,48],[-89,94],[-65,36],[-75,65],[-195,96],[-91,55],[-52,7],[-66,-20],[-31,-24],[-51,28],[13,44],[-20,36],[118,80],[14,34],[48,40],[48,-9],[59,7],[80,26],[132,68],[100,-49],[15,-24],[59,-8],[9,-75],[34,-25],[50,9],[133,64],[23,21],[74,23],[149,34],[20,63],[-8,31],[84,33],[28,49],[77,-18],[25,-47],[29,-3],[119,48],[141,81],[91,2],[65,-16],[50,-25],[58,-61],[37,-3],[65,46],[50,-15],[9,34],[-107,35],[22,42],[166,104],[71,-2],[37,-49],[69,-69],[99,-18],[45,-28],[45,-60],[46,25],[25,-37],[3,-46],[72,-38],[79,-12],[23,-27],[9,-92],[45,45],[73,-15],[28,31],[32,-47],[89,15],[47,-26],[7,41],[27,28],[36,-4],[68,-50],[59,64],[-76,74],[-40,22],[-83,14],[20,26],[85,14],[100,3],[104,-17],[199,-81],[109,-14],[244,4],[52,-7],[155,-47],[13,-33],[62,-36],[18,-46],[27,13],[82,-53],[88,-36],[75,-46],[78,-73],[-2,-31],[31,-30],[-6,-29],[41,-46],[92,-67],[122,10],[29,21],[61,10],[69,-31],[61,16],[52,2],[38,-22],[187,-42],[25,-40],[43,14],[120,-16],[43,-45],[72,-21],[61,-5],[66,-18],[15,-27],[41,-19],[61,-7],[104,-41],[129,-9],[40,-10],[22,17],[90,-9],[64,-23],[39,24],[117,24],[298,27],[155,3],[59,-10],[35,-21],[55,-56],[68,-25],[35,19],[83,-22],[43,-77],[49,-16],[30,22],[39,-2],[26,-26],[48,-17],[127,-11],[24,48],[39,2],[38,-46],[-4,-39],[36,-16],[103,18],[56,-24],[42,14],[125,0],[121,-24]],[[19918,278937],[-52,3],[30,44],[22,-47]],[[136323,355945],[-56,24],[36,25],[20,-49]],[[153496,369079],[-23,9],[9,44],[28,-3],[-14,-50]],[[145899,356596],[-57,78],[18,6],[39,-84]],[[7767,225573],[-30,46],[31,9],[21,-36],[-22,-19]],[[141510,360691],[-50,40],[38,19],[12,-59]],[[155047,370897],[-7,25],[34,22],[34,-19],[-61,-28]],[[57808,300179],[-32,36],[21,19],[35,-22],[-24,-33]],[[138342,353639],[7,59],[34,-18],[-41,-41]],[[164248,373044],[-30,7],[-18,36],[26,17],[36,-45],[-14,-15]],[[38907,295396],[-79,16],[18,31],[61,-47]],[[148339,360108],[-50,58],[43,-3],[7,-55]],[[147128,358125],[-29,1],[-91,31],[1,19],[98,-34],[21,-17]],[[155576,368257],[-31,10],[10,55],[23,-8],[-2,-57]],[[129507,126867],[61,39],[14,-26],[-75,-13]],[[164309,380850],[-40,66],[17,12],[32,-66],[-9,-12]],[[160453,377885],[-63,62],[37,6],[26,-68]],[[127533,127418],[-32,22],[23,26],[41,-26],[-32,-22]],[[167287,382623],[-3,37],[64,-12],[-11,-24],[-50,-1]],[[139962,354414],[-57,4],[9,32],[43,-6],[5,-30]],[[169487,385134],[-1,84],[34,-23],[-1,-46],[-32,-15]],[[49185,303247],[-18,77],[29,4],[-11,-81]],[[138692,124651],[18,47],[38,-34],[-56,-13]],[[158436,371201],[3,48],[36,-13],[-39,-35]],[[117829,127874],[-56,7],[32,37],[24,-44]],[[139545,356673],[-47,-36],[-29,16],[67,35],[9,-15]],[[166231,382119],[-15,53],[63,-34],[-48,-19]],[[185957,387467],[-38,-13],[-19,35],[25,19],[32,-41]],[[135401,355750],[-27,51],[46,-4],[-19,-47]],[[155678,369950],[11,68],[32,-19],[-43,-49]],[[51729,304018],[-89,44],[35,18],[41,-31],[13,-31]],[[165835,382811],[-35,-21],[-8,55],[26,7],[17,-41]],[[137263,126401],[-11,18],[58,34],[20,-29],[-67,-23]],[[159929,373195],[-24,10],[-13,41],[25,14],[28,-27],[-16,-38]],[[157009,375360],[-14,34],[19,21],[45,-26],[-50,-29]],[[53759,300463],[-15,67],[32,10],[6,-49],[-23,-28]],[[21571,286402],[-34,32],[42,18],[23,-34],[-31,-16]],[[140927,358082],[-74,36],[17,23],[57,-59]],[[139767,344010],[-83,55],[10,15],[70,-39],[3,-31]],[[135988,127062],[-59,12],[60,45],[-1,-57]],[[142339,351768],[-38,18],[-3,28],[36,14],[5,-60]],[[40798,296500],[-65,28],[14,29],[35,-4],[16,-53]],[[165334,381858],[-40,32],[-52,-13],[-6,29],[64,5],[34,-53]],[[44757,297868],[-3,58],[51,-32],[-48,-26]],[[157692,376030],[-40,14],[0,49],[39,-10],[1,-53]],[[154538,372690],[17,50],[37,-3],[-1,-37],[-53,-10]],[[34499,290278],[2,44],[29,64],[31,-4],[-62,-104]],[[150501,356688],[-60,19],[6,49],[48,-39],[6,-29]],[[158535,373856],[-22,47],[39,8],[23,-24],[-40,-31]],[[146580,360245],[-29,18],[-7,86],[38,-24],[-17,-38],[15,-42]],[[141370,360755],[-12,34],[-39,12],[26,37],[43,-33],[-18,-50]],[[186221,391186],[-13,53],[50,9],[-11,-44],[-26,-18]],[[21714,283024],[-41,46],[43,29],[16,-49],[-18,-26]],[[156441,372154],[-76,28],[28,21],[48,-49]],[[151705,369421],[-39,53],[37,16],[25,-30],[-23,-39]],[[143579,359184],[-91,66],[20,13],[79,-63],[-8,-16]],[[131756,351202],[-13,27],[59,19],[8,-36],[-54,-10]],[[56302,112971],[70,-44],[-57,-17],[-30,22],[17,39]],[[152772,367082],[-21,28],[6,68],[28,9],[-1,-92],[-12,-13]],[[151998,362297],[-5,63],[13,42],[30,0],[-4,-50],[-34,-55]],[[139028,354620],[-88,29],[47,35],[41,-64]],[[145225,357808],[-12,-21],[18,-46],[-51,-5],[6,41],[39,31]],[[126576,127027],[19,45],[48,-19],[-67,-26]],[[140117,359889],[-37,23],[8,53],[45,-10],[-16,-66]],[[139413,357429],[-56,20],[39,32],[17,-52]],[[171349,384197],[-28,8],[42,69],[31,-24],[-45,-53]],[[161047,374567],[-31,9],[-17,34],[22,27],[38,-30],[-12,-40]],[[156351,370583],[-49,22],[45,26],[4,-48]],[[119439,127950],[-11,-53],[-43,13],[10,48],[44,-8]],[[160896,380193],[-17,43],[37,58],[36,-23],[-56,-40],[0,-38]],[[166717,379480],[-72,50],[34,41],[38,-91]],[[150537,357406],[-43,13],[9,38],[42,-7],[-8,-44]],[[57203,300523],[2,-44],[-48,-2],[-7,50],[53,-4]],[[163960,379211],[-42,3],[-1,34],[34,16],[55,-33],[-46,-20]],[[20110,284024],[-39,41],[23,19],[45,-12],[-29,-48]],[[49680,302460],[-24,7],[-10,43],[34,22],[22,-28],[-22,-44]],[[145487,357080],[-38,31],[3,27],[65,-2],[-30,-56]],[[163261,378333],[50,53],[15,-31],[-65,-22]],[[121957,124026],[-4,-40],[-58,26],[-13,48],[75,-34]],[[130250,127866],[-19,36],[41,21],[22,-40],[-44,-17]],[[76374,117662],[-1,33],[52,15],[6,-38],[-57,-10]],[[159222,355808],[-42,-24],[-62,-16],[9,37],[49,12],[46,-9]],[[168826,385580],[-23,-32],[1,-46],[-43,5],[37,83],[28,-10]],[[149490,357593],[-20,11],[43,75],[31,-15],[-10,-39],[-44,-32]],[[162510,378539],[-40,58],[25,21],[33,-54],[-18,-25]],[[147939,360363],[-33,9],[-7,59],[28,7],[28,-40],[-16,-35]],[[161268,371956],[-3,31],[43,38],[33,-23],[-23,-27],[-50,-19]],[[166023,379978],[-3,-39],[-59,-3],[11,48],[51,-6]],[[141492,357918],[-24,11],[5,44],[28,20],[34,-22],[-43,-53]],[[146728,349955],[-9,12],[89,77],[7,-19],[-35,-50],[-52,-20]],[[36480,151295],[37,-40],[-52,-8],[15,48]],[[150715,369952],[-55,22],[39,37],[47,-34],[-31,-25]],[[12458,193371],[14,53],[28,-11],[13,-71],[-55,29]],[[66667,302893],[-45,35],[43,27],[24,-52],[-22,-10]],[[127377,124263],[7,20],[86,9],[-27,-45],[-66,16]],[[143109,355827],[-42,34],[95,-1],[-19,-29],[-34,-4]],[[82221,314394],[-31,65],[25,40],[26,-56],[-20,-49]],[[210972,377145],[-28,58],[76,-3],[-20,-54],[-28,-1]],[[160554,380959],[-15,46],[5,85],[28,-21],[-7,-95],[-11,-15]],[[163399,376128],[64,57],[17,-26],[-40,-54],[-41,23]],[[36391,294652],[-42,22],[-12,62],[38,4],[-3,-44],[19,-44]],[[194985,385725],[-57,52],[8,26],[45,-7],[4,-71]],[[164882,383796],[-32,5],[-26,35],[36,37],[22,-77]],[[29421,289081],[-34,12],[-16,37],[32,10],[37,-15],[-19,-44]],[[49238,302936],[54,50],[47,5],[-30,-53],[-71,-2]],[[123931,126340],[-9,64],[45,-17],[7,-28],[-43,-19]],[[153696,360351],[-23,18],[21,45],[42,-15],[-40,-48]],[[13039,231519],[-68,37],[-32,-2],[-20,43],[122,-60],[-2,-18]],[[125371,125379],[33,119],[39,0],[-72,-119]],[[135004,125213],[9,66],[43,-37],[-52,-29]],[[63502,300740],[-18,20],[1,43],[32,0],[-15,-63]],[[132239,127223],[-30,52],[73,14],[-5,-36],[-38,-30]],[[174061,387455],[-36,12],[31,62],[37,-14],[3,-26],[-35,-34]],[[122659,126571],[96,33],[33,-24],[-81,-24],[-48,15]],[[140724,355822],[-54,20],[2,30],[28,22],[37,-55],[-13,-17]],[[162137,374061],[-35,25],[20,26],[84,-11],[-69,-40]],[[34929,302188],[-40,28],[40,20],[0,-48]],[[149128,128653],[-27,13],[16,60],[45,-22],[6,-36],[-40,-15]],[[138066,357173],[-57,69],[78,0],[-21,-69]],[[163106,376247],[-33,40],[-3,47],[50,-9],[-14,-78]],[[139817,357069],[1,65],[59,19],[-2,-49],[-58,-35]],[[155343,361671],[-31,17],[34,64],[32,-35],[1,-32],[-36,-14]],[[139688,343877],[-30,1],[-43,40],[111,-21],[-38,-20]],[[202177,374095],[15,43],[67,-15],[-8,-19],[-74,-9]],[[49573,300554],[-44,31],[36,20],[33,-9],[-25,-42]],[[157922,374067],[-54,30],[23,24],[59,-21],[-28,-33]],[[134689,356531],[25,35],[0,59],[35,19],[7,-62],[-12,-29],[-55,-22]],[[139226,354482],[-98,34],[-5,37],[63,-20],[54,-34],[-14,-17]],[[157404,373692],[-33,64],[79,2],[-4,-28],[-42,-38]],[[135249,355328],[-26,42],[92,-32],[-52,-26],[-14,16]],[[164460,379917],[8,93],[34,-13],[-18,-77],[-24,-3]],[[169501,384674],[-18,52],[48,47],[21,-53],[-51,-46]],[[180046,387665],[40,93],[8,-78],[-48,-15]],[[163492,378444],[-35,56],[20,47],[42,-44],[4,-25],[-31,-34]],[[91333,126285],[-21,39],[3,41],[65,1],[-47,-81]],[[162005,378869],[-37,25],[9,87],[49,-11],[-37,-76],[16,-25]],[[38611,294999],[50,60],[51,-56],[-101,-4]],[[34391,292182],[-54,16],[-19,25],[28,32],[32,-6],[13,-67]],[[132423,127801],[-20,38],[21,37],[43,-11],[-1,-39],[-43,-25]],[[37155,145402],[-26,15],[0,58],[50,-19],[13,-26],[-37,-28]],[[148050,358005],[-127,12],[46,40],[27,-27],[54,-25]],[[128639,126729],[-57,37],[69,21],[37,-27],[-49,-31]],[[145178,359258],[-51,22],[-79,55],[25,10],[56,-17],[49,-70]],[[48264,302035],[-62,52],[87,14],[-25,-66]],[[32350,289384],[-13,38],[71,78],[9,-51],[-48,-30],[-19,-35]],[[166545,379865],[-31,40],[46,41],[11,-66],[-26,-15]],[[141051,360349],[-87,29],[17,26],[54,-28],[16,-27]],[[159671,371064],[-22,21],[17,47],[56,-3],[0,-34],[-51,-31]],[[129604,126931],[-67,34],[31,30],[65,-28],[-29,-36]],[[131895,125638],[-17,34],[83,43],[-30,-69],[-36,-8]],[[141422,355769],[-39,77],[78,-54],[-39,-23]],[[7811,225758],[-13,53],[24,31],[43,-3],[15,-26],[-69,-55]],[[145187,359150],[-56,83],[68,-33],[15,-34],[-27,-16]],[[52182,303684],[-28,42],[65,48],[41,-17],[-65,-49],[-13,-24]],[[127999,126707],[-25,11],[35,90],[28,-6],[-16,-63],[-22,-32]],[[12486,195923],[32,43],[50,-19],[-82,-24]],[[174718,384535],[-1,-33],[-53,-14],[-21,60],[22,15],[53,-28]],[[159240,375529],[-48,7],[-17,21],[43,37],[53,-9],[-3,-46],[-28,-10]],[[161134,376613],[-15,21],[45,92],[40,-29],[-70,-84]],[[166362,372347],[20,48],[38,6],[52,-13],[-3,-25],[-107,-16]],[[35430,300444],[-9,-66],[-77,5],[56,53],[30,8]],[[166152,380225],[-11,22],[59,80],[31,-8],[-17,-46],[-62,-48]],[[169469,379278],[-33,53],[14,31],[50,6],[-8,-63],[-23,-27]],[[135503,355330],[-26,13],[29,59],[52,20],[1,-38],[-56,-54]],[[170910,384388],[14,92],[23,12],[34,-46],[-71,-58]],[[22637,288167],[-43,79],[32,9],[53,-63],[-42,-25]],[[141321,353480],[-23,8],[11,48],[0,107],[27,12],[-6,-133],[-9,-42]],[[154066,370443],[-14,16],[-64,4],[47,39],[46,12],[19,-16],[-34,-55]],[[162891,378725],[3,56],[26,36],[23,-53],[-52,-39]],[[49595,302342],[-30,40],[20,28],[59,16],[17,-29],[-66,-55]],[[166113,382391],[-35,31],[19,25],[71,24],[-1,-30],[-54,-50]],[[131880,127875],[-79,11],[-11,27],[45,17],[45,-7],[0,-48]],[[137191,356340],[-19,11],[-107,2],[68,31],[77,-3],[-19,-41]],[[121980,126283],[49,-17],[34,-44],[-57,-19],[-46,72],[20,8]],[[131639,127239],[-18,17],[-5,77],[27,11],[38,-29],[-42,-76]],[[174112,382637],[-29,10],[-46,56],[73,2],[14,-20],[-12,-48]],[[35121,300714],[-54,19],[-14,52],[32,13],[25,-34],[11,-50]],[[29855,291832],[-18,33],[45,19],[48,-13],[-3,-32],[-72,-7]],[[153492,369463],[59,-75],[-32,-35],[-26,11],[-18,88],[17,11]],[[157191,376059],[-20,30],[21,36],[65,29],[-32,-69],[-34,-26]],[[148706,130393],[1,31],[70,72],[9,-42],[-37,-55],[-43,-6]],[[20104,279217],[-44,22],[4,58],[34,3],[30,-67],[-24,-16]],[[158243,371456],[-12,36],[13,70],[38,11],[10,-30],[-26,-72],[-23,-15]],[[49325,303089],[-23,79],[43,9],[42,-52],[-62,-36]],[[152035,370648],[-20,51],[34,27],[47,10],[-30,-74],[-31,-14]],[[12822,239639],[-72,31],[-35,91],[18,3],[27,-59],[43,-15],[19,-51]],[[24559,286697],[-19,13],[3,56],[61,7],[4,-28],[-49,-48]],[[50753,113137],[32,-22],[-41,-27],[-41,17],[-9,58],[59,-26]],[[169456,379113],[46,94],[-2,-98],[-44,4]],[[141980,340696],[25,-44],[-47,-20],[-24,20],[-1,60],[47,-16]],[[154833,367720],[-5,89],[61,3],[-9,-53],[-47,-39]],[[27678,174730],[-25,24],[85,41],[9,-25],[-37,-37],[-32,-3]],[[21682,285529],[-30,50],[36,19],[63,-46],[-69,-23]],[[122951,125772],[39,46],[36,7],[-10,-73],[-49,-7],[-16,27]],[[153632,361532],[-5,62],[17,14],[66,3],[-21,-35],[-57,-44]],[[158676,373981],[22,46],[-15,74],[29,6],[16,-103],[-52,-23]],[[70445,113744],[-79,84],[43,10],[50,-32],[13,-56],[-27,-6]],[[123093,331666],[3,125],[38,76],[28,30],[36,0],[-85,-98],[-14,-48],[-6,-85]],[[52324,303745],[-35,6],[-15,34],[20,31],[49,16],[17,-19],[-36,-68]],[[141324,352919],[-36,30],[74,22],[31,-25],[-69,-27]],[[140475,354751],[-112,17],[53,32],[59,-49]],[[146015,349811],[-11,40],[30,34],[47,4],[23,-22],[-89,-56]],[[181899,388726],[-7,27],[56,33],[48,-12],[-33,-39],[-64,-9]],[[155165,370753],[-8,29],[30,58],[42,16],[27,-9],[-91,-94]],[[166440,381841],[-31,35],[26,41],[58,1],[-1,-29],[-52,-48]],[[36145,293427],[-19,19],[98,132],[24,-9],[-103,-142]],[[20296,279163],[-31,6],[-25,56],[103,-20],[-5,-33],[-42,-9]],[[151669,369848],[-24,32],[48,71],[65,-6],[-23,-48],[-42,2],[-24,-51]],[[129496,126773],[-45,19],[-14,36],[99,19],[-16,-60],[-24,-14]],[[145662,358436],[21,-76],[-67,33],[24,49],[22,-6]],[[137927,356958],[-22,12],[-52,71],[19,8],[50,-68],[5,-23]],[[171735,384172],[-41,25],[60,57],[40,-49],[-59,-33]],[[26807,288315],[-38,27],[17,35],[39,13],[30,-58],[-48,-17]],[[39185,296327],[-83,5],[-9,22],[69,44],[23,-12],[0,-59]],[[139771,356194],[-18,65],[70,10],[-5,-64],[-47,-11]],[[142219,356208],[-45,19],[-27,70],[51,4],[46,-68],[-25,-25]],[[50081,302056],[-81,-64],[-13,24],[19,35],[63,40],[12,-35]],[[204457,370034],[-10,44],[64,-40],[0,-74],[-22,-18],[-32,88]],[[152788,370816],[-5,39],[57,21],[59,-4],[-3,-30],[-108,-26]],[[158066,373955],[-29,62],[40,40],[34,-40],[1,-25],[-46,-37]],[[145472,356105],[-3,60],[55,0],[13,-61],[-25,-25],[-40,26]],[[164773,373220],[-31,50],[4,37],[31,7],[44,-48],[-19,-36],[-29,-10]],[[137239,126277],[80,22],[6,-31],[-50,-12],[-36,21]],[[145920,125402],[-19,87],[49,16],[40,-26],[-18,-38],[-52,-39]],[[19985,283672],[-26,-62],[-42,12],[-10,50],[28,24],[50,-24]],[[165286,380488],[-77,2],[-28,20],[25,56],[39,-13],[41,-65]],[[150371,357461],[-45,19],[-39,35],[51,12],[39,-42],[-6,-24]],[[132022,127194],[-10,47],[56,49],[27,-12],[2,-53],[-75,-31]],[[153055,371008],[-10,22],[12,54],[44,28],[51,-17],[-46,-30],[-51,-57]],[[141629,358207],[-23,5],[-88,89],[23,29],[38,-14],[15,-43],[34,-28],[1,-38]],[[139353,354663],[-167,7],[24,34],[81,-16],[26,6],[36,-31]],[[150232,357536],[-33,32],[9,40],[72,-3],[13,-24],[-43,-19],[-18,-26]],[[129262,126828],[29,-19],[-43,-58],[-55,60],[-6,27],[75,-10]],[[202046,370638],[-3,51],[32,26],[65,-30],[-68,-50],[-26,3]],[[172800,380454],[34,-17],[12,-60],[-22,-10],[-66,25],[16,48],[26,14]],[[130884,128143],[-25,-75],[-35,13],[-5,44],[55,66],[10,-48]],[[151987,356139],[-54,43],[15,79],[36,-9],[3,-113]],[[146389,357259],[-128,3],[0,28],[35,24],[37,-26],[39,-4],[17,-25]],[[124905,126598],[-27,33],[99,25],[20,-33],[-92,-25]],[[34633,303512],[16,55],[-19,29],[8,40],[45,-21],[12,-50],[-62,-53]],[[140128,354356],[-123,40],[-7,33],[88,-11],[36,-17],[6,-45]],[[152774,367218],[-24,37],[5,50],[62,-29],[6,-34],[-49,-24]],[[16176,277179],[-9,42],[28,89],[19,28],[37,6],[-29,-84],[-29,-15],[9,-38],[-26,-28]],[[124025,126710],[40,-26],[-48,-31],[-20,43],[28,14]],[[139227,354527],[-28,21],[11,35],[38,12],[45,-18],[9,-31],[-75,-19]],[[159840,380408],[-71,16],[-20,16],[22,36],[49,-17],[20,-51]],[[159038,370508],[-62,-47],[-30,19],[-11,34],[73,24],[30,-30]],[[154319,371128],[-33,46],[65,44],[30,-20],[-5,-50],[-57,-20]],[[141793,353509],[-146,44],[33,24],[53,-19],[34,15],[26,-64]],[[154336,370996],[-11,75],[-18,32],[58,8],[21,-31],[-22,-71],[-28,-13]],[[19507,277806],[-129,41],[55,47],[38,-44],[39,-9],[-3,-35]],[[163121,374751],[18,-58],[-1,-55],[-35,11],[-23,44],[1,43],[40,15]],[[52504,303760],[-80,23],[-56,39],[-12,28],[85,-8],[63,-82]],[[52139,303072],[-28,45],[43,56],[33,12],[14,-56],[-20,-35],[-42,-22]],[[139226,360255],[-71,33],[8,44],[59,-16],[43,-41],[-39,-20]],[[51959,303904],[0,23],[74,100],[35,70],[15,-56],[-8,-27],[-54,-51],[-38,-20],[-24,-39]],[[167357,380816],[-37,43],[-55,2],[-4,53],[44,14],[52,-112]],[[34504,304207],[-8,35],[30,29],[63,-24],[-18,-64],[-37,36],[-30,-12]],[[142599,356880],[-87,29],[16,31],[81,-30],[-10,-30]],[[181201,387170],[22,35],[57,18],[45,37],[31,-29],[-44,-30],[-63,-6],[-48,-25]],[[135946,124658],[-24,44],[98,-8],[56,-38],[-62,-12],[-21,31],[-47,-17]],[[49822,300362],[36,66],[38,3],[24,-39],[-35,-37],[-63,7]],[[163782,375312],[-23,31],[-34,12],[27,92],[37,-10],[12,-69],[-19,-56]],[[156727,374963],[-37,15],[-39,56],[25,37],[37,-9],[25,-68],[-11,-31]],[[184932,387784],[23,-24],[-24,-56],[-67,30],[-6,29],[40,47],[34,-26]],[[164367,378754],[-20,26],[16,49],[63,5],[11,-61],[-37,-33],[-33,14]],[[112232,128560],[-60,-94],[-51,6],[0,29],[57,50],[54,9]],[[34894,290932],[-20,25],[15,118],[44,0],[-7,-79],[-25,-9],[-7,-55]],[[148290,360004],[-19,10],[-14,64],[88,0],[-6,-50],[-49,-24]],[[185293,387576],[4,23],[-46,19],[29,30],[97,-31],[-44,-32],[-40,-9]],[[173147,378763],[-28,60],[-37,30],[12,25],[55,-8],[26,-61],[-28,-46]],[[127962,125615],[-47,19],[50,27],[118,9],[5,-26],[-126,-29]],[[56587,301796],[27,49],[-9,75],[29,46],[22,-33],[-15,-112],[-54,-25]],[[34987,303398],[-28,-24],[8,-31],[34,-22],[-16,-29],[-61,-2],[-15,68],[33,-11],[12,67],[33,-16]],[[171764,383700],[-22,22],[11,72],[-12,79],[26,2],[17,-43],[-8,-42],[23,-62],[-35,-28]],[[9288,245746],[61,14],[16,-43],[-102,-27],[25,56]],[[181915,384441],[-50,48],[14,59],[-34,38],[-48,6],[32,40],[59,-57],[12,-32],[15,-102]],[[159476,375297],[-70,80],[25,35],[38,-6],[39,-58],[-32,-51]],[[166663,372420],[-40,1],[-22,27],[71,13],[101,1],[1,-28],[-111,-14]],[[20978,281066],[26,-33],[0,-44],[-52,-3],[-23,62],[7,48],[42,-30]],[[145069,357562],[-10,32],[20,37],[-14,20],[63,37],[-1,-92],[-58,-34]],[[41492,297205],[-38,0],[-35,98],[45,10],[23,-20],[5,-88]],[[183431,387845],[-7,42],[-37,27],[-8,31],[41,20],[34,-17],[-9,-79],[26,-69],[-38,8],[-2,37]],[[201904,371093],[4,51],[23,36],[76,25],[33,-16],[-136,-96]],[[63118,300702],[31,37],[79,57],[70,37],[9,-29],[-44,-18],[-145,-84]],[[164155,380931],[4,-85],[-38,41],[-44,74],[16,29],[49,6],[13,-65]],[[122189,124212],[-25,45],[93,17],[29,-37],[-16,-37],[-81,12]],[[127791,127297],[-90,19],[48,49],[60,-10],[34,-49],[-52,-9]],[[148719,130285],[48,21],[6,-41],[-65,-53],[-61,9],[72,64]],[[165017,379954],[-9,34],[16,41],[61,-58],[3,37],[50,-18],[-8,-43],[-36,-19],[-46,32],[-31,-6]],[[166156,380128],[-27,17],[6,34],[51,49],[43,-33],[-17,-39],[-56,-28]],[[135890,356145],[9,31],[47,-36],[3,-30],[-44,-15],[-46,37],[-69,-6],[-1,38],[101,-19]],[[152758,354196],[-62,27],[0,45],[61,1],[76,-37],[-75,-36]],[[197118,383764],[-46,4],[-23,37],[-42,9],[27,44],[31,-30],[54,7],[19,-31],[-20,-40]],[[140989,356271],[-54,15],[-149,89],[-35,-4],[-37,46],[114,-44],[74,-39],[28,-30],[59,-33]],[[160430,371717],[-17,77],[12,39],[38,13],[26,-25],[-2,-39],[-27,-48],[-30,-17]],[[34902,303393],[-14,21],[17,69],[-17,66],[26,20],[25,-97],[-27,-32],[-10,-47]],[[152923,367024],[-41,46],[-6,37],[36,28],[34,-7],[27,-32],[8,-55],[-53,10],[-5,-27]],[[135491,125532],[-25,25],[83,68],[3,-57],[29,-18],[-47,-41],[-43,23]],[[165287,380661],[-42,-1],[-5,51],[27,31],[68,1],[-4,-41],[-40,5],[-4,-46]],[[165820,372472],[-70,17],[-92,72],[22,15],[160,-70],[-20,-34]],[[20866,281049],[-75,27],[0,44],[34,25],[57,-1],[-16,-95]],[[171035,382945],[-74,34],[-66,-21],[-18,23],[37,36],[43,19],[18,-24],[59,-17],[1,-50]],[[141548,360265],[-76,27],[49,66],[47,-50],[-20,-43]],[[79566,310463],[-32,18],[-66,64],[62,27],[65,-67],[-29,-42]],[[148739,359498],[9,25],[45,9],[6,42],[-64,-4],[-21,16],[27,46],[46,-1],[29,-25],[6,-43],[-24,-52],[-59,-13]],[[185648,387451],[-15,52],[68,4],[54,-30],[-22,-35],[-85,9]],[[137256,125874],[-67,42],[-3,69],[45,-20],[52,-49],[-27,-42]],[[158349,374438],[13,85],[22,52],[79,1],[-30,-87],[-61,-7],[-23,-44]],[[160718,380895],[-19,19],[56,32],[11,30],[-8,48],[61,7],[16,-20],[-70,-107],[-47,-9]],[[136160,355502],[43,93],[119,72],[-9,-35],[-68,-83],[-85,-47]],[[155861,369274],[-56,81],[12,38],[79,-32],[8,-41],[-12,-39],[-31,-7]],[[116568,126909],[-17,93],[42,-1],[55,21],[-9,-80],[-71,-33]],[[88597,121954],[90,35],[39,-19],[-37,-30],[-52,14],[-13,-40],[-87,-9],[-14,37],[74,12]],[[137961,126499],[-10,34],[95,87],[23,-38],[-46,-78],[-62,-5]],[[14771,235507],[-95,80],[13,30],[45,2],[41,-58],[-4,-54]],[[164765,378696],[-61,34],[29,28],[-9,49],[45,-5],[52,-47],[-56,-59]],[[45136,298909],[-69,58],[-14,72],[30,9],[44,-31],[28,-113],[-19,5]],[[64596,301403],[-12,29],[-60,40],[29,26],[42,3],[48,-20],[36,-41],[-83,-37]],[[169602,384867],[37,13],[-5,47],[27,29],[29,-35],[-45,-74],[-66,-33],[-34,32],[57,21]],[[184946,387853],[-16,47],[17,68],[69,-50],[-4,-41],[-66,-24]],[[152880,371356],[2,47],[72,49],[83,12],[-6,-39],[-131,-50],[-20,-19]],[[143583,351234],[-69,11],[-30,18],[-1,50],[54,20],[37,-16],[9,-83]],[[152644,369669],[-5,87],[16,21],[54,-22],[41,-59],[-106,-27]],[[163846,381418],[-23,45],[46,47],[23,44],[30,-29],[4,-33],[-34,-49],[-46,-25]],[[142668,128260],[-85,7],[9,37],[87,15],[18,-33],[-29,-26]],[[49717,300227],[-36,30],[-48,79],[97,-18],[47,-35],[-60,-56]],[[172984,382930],[40,47],[58,7],[46,-8],[-81,-61],[-63,15]],[[164953,383323],[45,7],[16,-44],[-95,-31],[-48,-5],[42,79],[40,-6]],[[159740,375476],[-44,42],[-9,64],[37,46],[48,-75],[-13,-66],[-19,-11]],[[141396,358410],[-23,79],[-32,77],[36,56],[23,-128],[-4,-84]],[[122354,125477],[17,40],[-24,24],[36,46],[99,-8],[-48,-34],[2,-49],[-82,-19]],[[66501,302873],[25,52],[102,98],[38,-2],[-60,-84],[-9,-31],[-50,-2],[-46,-31]],[[170252,382568],[-41,1],[-36,28],[20,67],[58,-19],[32,-69],[-33,-8]],[[154011,371397],[-35,24],[-39,72],[52,40],[40,-22],[1,-91],[-19,-23]],[[190969,389515],[-48,5],[-20,31],[49,33],[58,-2],[77,-26],[-116,-41]],[[151988,369445],[-26,42],[46,39],[37,-16],[75,39],[1,-38],[-51,-54],[-82,-12]],[[21215,281823],[-21,-47],[1,-54],[-29,-19],[-1,-56],[-65,15],[23,58],[82,105],[10,-2]],[[159017,374924],[-28,9],[-28,44],[-10,106],[60,-21],[-20,-41],[17,-28],[34,-6],[9,-38],[-34,-25]],[[138454,346964],[-67,5],[-97,58],[13,34],[45,-19],[36,2],[67,-47],[3,-33]],[[143237,356389],[-119,13],[-27,52],[68,8],[92,-33],[-14,-40]],[[24447,289182],[-4,14],[80,88],[36,-21],[1,-104],[-113,23]],[[122731,349971],[-61,5],[-74,28],[-48,50],[114,-9],[55,-37],[14,-37]],[[122159,125958],[31,64],[33,16],[62,-80],[-47,-19],[-79,19]],[[20897,281499],[-19,-58],[-32,-26],[11,-106],[-55,-28],[5,105],[45,97],[45,16]],[[139738,356668],[-23,31],[-67,-14],[20,102],[43,34],[27,-29],[-11,-55],[19,-45],[-8,-24]],[[152633,356933],[-58,47],[45,58],[50,-4],[34,-54],[-16,-35],[-55,-12]],[[162646,376676],[-19,18],[-13,67],[91,68],[3,-70],[-33,-58],[-29,-25]],[[138157,357039],[-28,17],[-22,50],[14,65],[77,-10],[9,-93],[-49,-4],[-1,-25]],[[170938,385072],[-15,58],[67,66],[41,10],[0,-49],[-33,-59],[-60,-26]],[[143208,347393],[-15,40],[8,76],[45,114],[26,-8],[-23,-153],[-41,-69]],[[10431,229357],[-25,102],[13,55],[25,-1],[-13,-156]],[[148443,361461],[-81,14],[-53,46],[-1,41],[68,-7],[52,-63],[32,29],[22,-22],[-39,-38]],[[121141,124840],[-41,19],[-80,-2],[2,46],[32,14],[50,-6],[117,-39],[-8,-31],[-63,34],[-9,-35]],[[153709,361228],[-20,81],[40,35],[42,-4],[8,-64],[-70,-48]],[[141492,353297],[0,27],[73,-19],[10,-35],[-23,-29],[-49,-17],[-47,33],[36,40]],[[141772,357796],[-45,-48],[65,-68],[-30,-48],[-28,0],[-29,37],[25,22],[-29,52],[44,49],[27,4]],[[144953,358567],[-59,51],[-60,99],[45,-14],[54,-65],[54,-50],[-34,-21]],[[136639,125784],[-24,-18],[-20,-76],[-29,-12],[-37,44],[-22,52],[65,29],[67,-19]],[[10442,229736],[-15,28],[0,57],[71,140],[72,60],[26,37],[25,97],[25,-13],[-52,-113],[-74,-68],[-62,-103],[-3,-100],[-13,-22]],[[160829,368457],[-35,46],[86,60],[40,-4],[-11,-56],[-35,-31],[-45,-15]],[[139526,353288],[37,20],[44,-22],[-21,-40],[-70,5],[-57,33],[-31,68],[61,-19],[37,-45]],[[120667,120651],[-30,45],[26,31],[38,8],[58,-53],[-10,-43],[-82,12]],[[146725,358206],[-76,45],[40,9],[78,-35],[50,3],[52,-24],[36,8],[58,-21],[-21,-22],[-65,17],[-152,20]],[[140722,358318],[-29,-26],[-25,68],[29,34],[25,-76]],[[159273,370651],[-11,28],[99,93],[31,9],[26,-53],[-32,-35],[-113,-42]],[[138948,360411],[5,21],[81,5],[35,-37],[-121,11]],[[34651,304021],[-56,-50],[-4,-29],[59,-34],[23,-43],[-84,12],[-41,43],[40,97],[63,4]],[[164962,383637],[-28,34],[4,46],[-28,72],[73,-8],[25,-75],[-46,-69]],[[11535,195633],[-27,-60],[0,-40],[-34,-3],[6,56],[-51,99],[83,7],[23,-59]],[[88941,121938],[-72,40],[7,43],[97,-66],[94,-37],[-16,-31],[-90,4],[-20,47]],[[145444,357500],[-43,38],[33,55],[-25,28],[52,13],[1,-55],[73,-47],[-16,-39],[-75,7]],[[5551,226854],[28,-80],[-80,35],[-31,38],[41,70],[24,17],[31,-36],[-13,-44]],[[39023,295905],[16,-116],[-53,12],[-38,94],[37,50],[38,-40]],[[176081,390419],[2,-75],[-29,-19],[-25,25],[-41,119],[49,34],[44,-84]],[[120598,127138],[42,23],[55,-16],[-17,-31],[-94,-9],[-67,36],[54,18],[27,-21]],[[20490,279836],[-81,1],[-30,27],[-15,67],[20,13],[46,-32],[41,-3],[58,-56],[-39,-17]],[[119534,127782],[-22,3],[-65,64],[23,24],[57,-21],[75,25],[23,-10],[-35,-70],[-56,-15]],[[147534,360991],[37,29],[138,-22],[82,-37],[-35,-29],[-83,36],[-139,23]],[[160362,371635],[-73,21],[-14,31],[20,63],[72,21],[18,-12],[-23,-124]],[[12606,225965],[-76,161],[-31,146],[25,32],[24,-69],[2,-94],[21,-31],[-5,-33],[27,-43],[13,-69]],[[142068,123687],[-13,23],[58,37],[86,81],[11,34],[49,-30],[-146,-125],[-45,-20]],[[168138,385782],[-43,0],[-15,34],[5,45],[57,40],[24,-15],[42,-60],[-70,-44]],[[162543,378473],[-37,29],[14,33],[63,54],[34,-37],[56,-9],[-4,-35],[-51,-18],[-38,5],[-37,-22]],[[166184,382707],[-17,0],[-45,83],[-1,53],[71,7],[25,-36],[-4,-81],[-29,-26]],[[141337,344215],[-29,18],[-28,61],[-2,43],[38,9],[66,-31],[18,-67],[-63,-33]],[[160891,369971],[-15,34],[64,44],[54,-1],[19,-64],[-37,-44],[-35,-4],[-50,35]],[[43315,296630],[-36,36],[18,103],[46,72],[14,-66],[-4,-56],[-21,-78],[-17,-11]],[[155046,370676],[-34,34],[-48,82],[17,50],[20,5],[70,-77],[-25,-94]],[[146199,349639],[35,49],[102,73],[39,-14],[-11,-54],[-21,-24],[-58,-21],[-86,-9]],[[16819,277510],[-41,16],[18,92],[-35,42],[26,35],[58,-40],[25,-112],[-51,-33]],[[151372,369396],[-29,20],[70,56],[93,-28],[25,-79],[-37,-38],[-23,58],[-66,23],[-33,-12]],[[51909,303719],[4,-32],[-37,-13],[-115,7],[13,53],[69,-25],[30,70],[39,21],[22,-36],[-25,-45]],[[159271,374752],[-40,51],[-68,12],[-23,19],[16,41],[-45,66],[48,16],[25,-42],[-2,-50],[32,-20],[50,9],[29,-43],[-22,-59]],[[157766,374972],[-8,-51],[6,-62],[49,-34],[-56,-44],[-26,16],[-29,87],[-1,56],[28,54],[37,-22]],[[162431,377286],[-40,53],[61,73],[-8,32],[26,23],[51,-63],[1,-56],[-29,-35],[-62,-27]],[[133619,125729],[21,104],[27,14],[67,-9],[-13,-78],[-42,-48],[-60,17]],[[152116,356411],[-53,11],[-43,24],[-13,37],[-39,0],[20,79],[48,-45],[62,-14],[30,-39],[-12,-53]],[[156024,371905],[-26,11],[-7,65],[14,16],[-6,67],[78,-5],[18,-84],[-23,-50],[-48,-20]],[[177853,384966],[0,47],[51,44],[29,62],[69,-10],[31,-50],[-52,-47],[-63,13],[-65,-59]],[[122320,349981],[-142,34],[-45,21],[260,26],[103,3],[-1,-23],[-64,-13],[-69,1],[-45,12],[-27,-27],[30,-34]],[[44265,298420],[-25,57],[-28,25],[-36,81],[19,48],[39,9],[35,-60],[22,-78],[-27,-38],[1,-44]],[[120711,127812],[-76,30],[41,44],[79,26],[52,-10],[17,-37],[-30,-42],[-83,-11]],[[144426,357525],[-51,21],[-5,30],[-32,12],[20,36],[34,10],[50,-25],[7,-37],[79,-57],[-40,-26],[-62,36]],[[163367,381047],[-15,23],[12,38],[-19,22],[49,57],[55,-2],[26,-49],[-4,-31],[-57,-41],[-47,-17]],[[204277,370502],[52,-40],[8,-25],[-31,-35],[-60,15],[-85,103],[-16,36],[132,-54]],[[140509,353201],[-4,81],[79,14],[12,19],[-38,42],[20,13],[53,-57],[-7,-70],[-15,-21],[-48,-1],[-52,-20]],[[9625,245402],[-35,33],[-16,44],[59,57],[62,-54],[42,-10],[-13,-44],[-99,-26]],[[35343,300515],[-32,25],[16,49],[-54,66],[91,-31],[39,-22],[-28,-44],[19,-69],[-51,26]],[[21553,282260],[-19,76],[19,38],[57,37],[16,-7],[8,-62],[22,-44],[-9,-31],[-71,3],[-23,-10]],[[139447,356203],[-28,9],[-90,70],[-73,-4],[-14,39],[55,-8],[22,16],[106,-1],[65,-18],[-77,-48],[47,-33],[-13,-22]],[[145018,358471],[-6,-59],[17,-86],[-42,9],[-46,93],[-7,81],[26,8],[58,-24],[0,-22]],[[152209,356263],[-10,36],[29,27],[20,89],[26,23],[56,-26],[-4,-63],[-49,-58],[-68,-28]],[[150343,370028],[39,-4],[28,24],[66,19],[15,-97],[-62,-28],[-34,41],[-101,26],[-16,27],[39,24],[26,-32]],[[120487,125232],[-18,16],[7,70],[84,17],[50,-52],[-22,-19],[19,-44],[-66,-3],[-54,15]],[[165242,372807],[-43,2],[-53,48],[-13,88],[39,56],[56,-51],[-11,-74],[25,-69]],[[120876,125917],[-72,26],[60,50],[48,6],[65,-34],[120,-22],[-221,-26]],[[153783,361396],[-3,39],[-34,11],[2,35],[46,16],[50,97],[50,-16],[-14,-73],[-23,-38],[-74,-71]],[[163927,381594],[-30,22],[-5,112],[14,83],[31,-31],[-4,-35],[59,-49],[-3,-48],[-30,-45],[-32,-9]],[[141166,126504],[-21,18],[62,83],[-27,32],[7,49],[-85,14],[8,30],[167,-33],[-41,-49],[4,-43],[-22,-64],[-52,-37]],[[49439,301858],[-19,8],[82,68],[49,-24],[40,54],[34,-52],[-16,-52],[-55,-48],[-11,39],[-34,28],[-40,-24],[-30,3]],[[163048,374960],[-34,83],[1,82],[18,15],[57,-6],[-4,-123],[5,-107],[-29,6],[-14,50]],[[146914,358548],[56,10],[55,55],[42,-35],[18,-47],[-87,-3],[-61,-16],[-93,13],[-53,22],[28,41],[33,-33],[31,16],[31,-23]],[[12730,230241],[-23,-71],[-49,-31],[5,-45],[43,29],[23,-44],[-66,-51],[-2,-46],[-39,-25],[2,-41],[-35,-15],[-6,49],[45,63],[15,69],[-10,47],[69,63],[28,49]],[[142902,356558],[-34,27],[89,32],[64,2],[35,-31],[18,-68],[-129,44],[-43,-6]],[[145363,358139],[21,-41],[-28,-92],[-31,8],[-21,89],[-29,24],[-9,97],[69,-24],[28,-61]],[[49772,302227],[-25,70],[-48,54],[54,10],[28,-10],[71,12],[53,-35],[-63,-40],[-10,-26],[-60,-35]],[[149954,369784],[15,55],[139,12],[39,15],[27,-19],[-25,-29],[40,-39],[-87,-3],[-37,17],[-111,-9]],[[167392,380546],[-48,13],[-44,44],[65,72],[51,-3],[35,16],[15,-28],[-68,-57],[42,-13],[-23,-43],[-25,-1]],[[120930,125214],[-12,26],[-124,49],[-47,-7],[-11,-28],[-46,9],[-36,31],[30,21],[37,-14],[26,45],[53,-15],[146,-61],[10,-40],[-26,-16]],[[154564,371058],[-37,37],[38,25],[54,74],[30,-8],[26,34],[29,-22],[14,-37],[-12,-29],[-43,-28],[-99,-46]],[[47511,113350],[39,41],[1,35],[56,30],[43,-2],[13,-42],[-15,-68],[-60,-30],[-40,35],[-37,1]],[[156990,375841],[-29,27],[17,23],[-16,53],[-30,8],[18,53],[101,-52],[53,2],[70,42],[15,-35],[-51,-23],[-42,-1],[-48,-28],[-58,-69]],[[137359,126406],[-10,40],[33,18],[-24,34],[99,35],[53,30],[41,1],[4,-58],[-80,-12],[-42,-65],[-37,3],[-37,-26]],[[136156,356107],[71,-70],[-1,-64],[-35,25],[-75,1],[-40,15],[11,34],[-43,46],[112,13]],[[119128,127774],[-51,27],[12,39],[45,23],[93,3],[50,-21],[-35,-33],[5,-29],[-119,-9]],[[145853,358911],[48,-18],[-43,-65],[38,-33],[42,-12],[87,-98],[-40,-24],[-83,92],[-56,34],[-59,78],[31,67],[35,-21]],[[138285,356967],[-12,45],[-31,40],[-17,81],[15,28],[66,-8],[24,-56],[-21,-65],[50,-34],[-26,-24],[-48,-7]],[[162610,377234],[14,36],[-40,16],[-35,44],[-20,61],[35,10],[55,-17],[35,-52],[26,-92],[-16,-38],[-36,-7],[-18,39]],[[139842,357487],[-67,20],[-26,40],[24,20],[45,5],[76,73],[37,-87],[-89,-71]],[[153928,368118],[-10,7],[22,87],[51,37],[47,54],[38,-20],[25,-54],[-64,-60],[-38,-3],[-71,-48]],[[120731,126914],[-26,1],[-57,43],[44,33],[40,5],[-8,40],[52,-4],[84,-27],[23,-34],[-137,-33],[-15,-24]],[[118091,127746],[-10,21],[-64,21],[-19,44],[26,44],[100,3],[-4,-65],[67,-22],[-42,-39],[-54,-7]],[[33158,289354],[-14,67],[31,34],[45,-3],[94,62],[45,8],[-1,-38],[-59,-60],[-55,-35],[-86,-35]],[[67978,113182],[-13,18],[33,47],[83,4],[34,21],[65,-39],[74,-19],[-20,-27],[-63,-4],[-79,25],[-56,-33],[-58,7]],[[138312,359285],[-35,55],[-47,8],[6,49],[73,-31],[19,-26],[53,48],[75,-21],[57,-39],[-19,-39],[-75,20],[-84,-2],[-23,-22]],[[166628,379796],[-5,-44],[24,-42],[-15,-70],[-61,-40],[-41,8],[-26,41],[46,48],[39,103],[39,-4]],[[182107,387812],[-32,59],[-27,25],[-43,12],[-32,40],[37,67],[35,19],[37,-69],[57,-32],[3,-43],[-30,-39],[-5,-39]],[[160893,371392],[-28,7],[-45,50],[-4,61],[79,42],[31,-15],[36,-55],[-11,-59],[-58,-31]],[[34632,303762],[40,-32],[36,44],[66,13],[-10,49],[32,21],[42,-65],[-155,-75],[-28,-36],[-65,15],[-28,78],[46,38],[24,-50]],[[143341,356555],[59,14],[23,-52],[-62,-24],[-81,33],[-1,25],[-41,36],[-29,44],[-43,40],[89,-11],[37,-38],[63,-36],[-14,-31]],[[156674,374751],[-52,26],[2,41],[-51,1],[-55,97],[6,63],[40,9],[40,-31],[3,-37],[43,-50],[-5,-33],[29,-57],[0,-29]],[[140760,355714],[-63,10],[-27,32],[-133,25],[-56,53],[17,30],[90,-44],[190,-60],[-18,-46]],[[131467,126615],[-16,77],[1,50],[69,43],[55,6],[51,-59],[15,-62],[-74,24],[-60,-14],[-41,-65]],[[120703,126013],[67,-52],[-89,-42],[-35,0],[-72,39],[-44,-2],[-19,34],[97,36],[62,2],[33,-15]],[[32397,289721],[-37,11],[-23,38],[6,91],[24,52],[58,-36],[0,-49],[51,-82],[-79,-25]],[[149907,361712],[-86,59],[-58,59],[-2,70],[25,61],[18,-8],[4,-74],[17,-23],[52,-21],[43,-43],[7,-68],[-20,-12]],[[142264,356271],[-63,39],[26,30],[-100,38],[-48,63],[18,27],[71,-26],[42,-29],[40,-52],[56,-52],[-42,-38]],[[196717,384077],[43,50],[52,-5],[22,37],[48,-1],[15,-42],[-57,-54],[-18,-47],[-32,11],[-18,-31],[-48,17],[-25,50],[18,15]],[[53855,303512],[13,-56],[83,-101],[-61,-45],[-27,34],[13,32],[-142,103],[60,49],[37,8],[24,-24]],[[68175,112929],[12,37],[-54,19],[18,36],[45,-20],[49,6],[129,-31],[71,-3],[23,-28],[-77,-20],[-76,21],[-48,-14],[-64,16],[-28,-19]],[[121532,124976],[90,-66],[-110,-18],[-9,35],[-68,25],[-86,-15],[-24,36],[74,10],[21,33],[53,11],[38,-14],[21,-37]],[[158729,369630],[-24,14],[-36,61],[15,21],[95,63],[87,-76],[-2,-32],[-60,-20],[-34,8],[-41,-39]],[[139810,344216],[-67,37],[-68,84],[-11,78],[43,9],[59,-55],[49,-82],[19,-58],[-24,-13]],[[136464,356426],[24,37],[44,17],[29,-13],[157,-17],[36,19],[42,-3],[-19,-56],[-91,-15],[-27,13],[-72,-3],[-70,30],[-53,-9]],[[34521,304352],[35,29],[-4,34],[122,-21],[30,-22],[40,9],[13,-46],[46,-3],[37,-28],[-23,-41],[-39,12],[-23,28],[-54,6],[-78,50],[-73,-38],[-29,31]],[[150301,361783],[-42,31],[-39,66],[3,69],[28,46],[35,-7],[80,-128],[-25,-50],[-40,-27]],[[140983,357269],[13,37],[-25,24],[-32,78],[18,85],[35,32],[3,37],[77,4],[-20,-44],[-54,-16],[24,-90],[30,-83],[-13,-42],[-56,-22]],[[139725,357601],[21,-25],[-7,-54],[24,-25],[78,-19],[-68,-51],[-47,2],[-68,36],[27,47],[-42,15],[60,99],[22,-25]],[[140259,359104],[-65,41],[-60,-5],[-32,47],[-45,38],[-27,62],[36,24],[22,-32],[58,-29],[16,-23],[102,-58],[-5,-65]],[[122669,126381],[-34,40],[-67,-7],[-36,20],[113,28],[99,-9],[31,-30],[56,-12],[6,-55],[-36,-23],[-53,27],[-79,21]],[[161391,369965],[-19,46],[-91,51],[42,50],[2,41],[82,25],[44,-30],[-15,-99],[-45,-84]],[[148691,358155],[39,-24],[-47,-32],[-23,-34],[-48,10],[-32,-15],[-72,30],[-29,34],[-54,36],[31,43],[42,-22],[10,-29],[60,-9],[36,-26],[60,10],[27,28]],[[148473,358882],[-59,9],[-36,30],[-33,71],[60,8],[100,55],[61,-84],[-50,-16],[-41,-36],[-2,-37]],[[141394,343992],[-49,152],[9,41],[71,44],[47,-65],[1,-81],[-10,-25],[-69,-66]],[[152154,356475],[-75,72],[-17,33],[15,41],[32,-6],[31,38],[27,66],[51,-18],[4,-58],[-17,-36],[-31,-116],[-20,-16]],[[140158,354232],[-47,16],[-3,25],[-53,-10],[-121,10],[-20,21],[-50,5],[-22,25],[50,16],[32,25],[79,-1],[87,-51],[53,-16],[48,-45],[-33,-20]],[[171225,384968],[-13,10],[12,76],[-83,49],[-43,37],[28,35],[74,-16],[58,0],[55,-55],[-7,-60],[-57,-72],[-24,-4]],[[153471,362936],[-31,72],[7,37],[-22,37],[1,55],[-30,51],[-3,92],[58,29],[23,-49],[15,-108],[2,-79],[-19,-56],[32,-54],[-33,-27]],[[46780,300496],[-30,53],[103,7],[33,22],[71,0],[-8,-47],[22,-35],[14,-81],[-21,-19],[-54,27],[-50,53],[-51,26],[-29,-6]],[[138220,359429],[26,45],[81,-41],[25,-30],[-30,-18],[-68,5],[-47,18],[-46,-4],[-93,48],[-74,47],[-7,27],[40,14],[43,-30],[41,8],[109,-89]],[[181737,384229],[-42,15],[-1,79],[-39,18],[-28,69],[52,110],[31,-8],[-26,-98],[8,-44],[43,-35],[110,-46],[-2,-34],[-106,-26]],[[177229,385086],[-58,40],[-44,58],[8,68],[74,-6],[0,42],[88,-27],[-11,-32],[5,-97],[-62,-46]],[[169803,385048],[33,-45],[-17,-81],[12,-31],[-73,9],[1,35],[-29,39],[-71,34],[2,39],[31,28],[46,3],[31,28],[35,-11],[-1,-47]],[[156378,374892],[9,-56],[-26,-13],[-70,5],[-57,49],[-46,54],[15,55],[27,11],[57,-22],[36,11],[43,-28],[12,-66]],[[206524,375662],[-56,95],[-89,131],[-20,39],[14,31],[56,-33],[85,-77],[43,-75],[1,-34],[-34,-77]],[[153823,369966],[-42,16],[-98,68],[10,55],[74,32],[37,-7],[38,-89],[35,-12],[38,19],[35,-39],[-52,-23],[-61,8],[-14,-28]],[[169733,382403],[46,-3],[33,-26],[-14,-47],[4,-52],[-35,-27],[-108,23],[-11,114],[8,23],[67,19],[10,-24]],[[139240,360399],[8,-26],[70,-26],[31,29],[43,-37],[61,-14],[68,8],[28,-15],[85,-75],[51,8],[34,-53],[-126,38],[-34,25],[-53,2],[-99,21],[-15,20],[-98,20],[-79,58],[25,17]],[[141660,357748],[-71,13],[13,53],[47,37],[-29,87],[32,36],[43,-34],[18,-34],[41,1],[-4,-63],[-47,-76],[-43,-20]],[[141100,343471],[-34,28],[-23,61],[-9,65],[-36,70],[-8,47],[75,3],[57,-69],[13,-44],[-14,-90],[9,-44],[-30,-27]],[[12754,230406],[2,51],[27,53],[-17,63],[-145,105],[-67,41],[-125,57],[-83,52],[-102,79],[32,24],[43,-64],[78,-19],[81,-75],[33,-16],[35,10],[21,-32],[45,12],[47,-79],[102,-72],[36,-50],[-1,-53],[-42,-87]],[[204293,370286],[6,47],[60,-24],[45,-32],[55,-78],[28,-62],[20,-84],[-66,41],[-113,127],[-35,65]],[[43058,296910],[16,-35],[-9,-49],[25,-58],[-17,-20],[-72,-13],[-19,16],[-45,79],[-10,66],[21,34],[55,24],[55,-44]],[[32669,290265],[20,-49],[-16,-60],[-41,-71],[-94,-68],[-57,50],[48,90],[47,7],[74,115],[19,-14]],[[140832,342910],[-39,47],[-163,110],[4,32],[-23,48],[-49,26],[-40,60],[20,31],[82,-51],[35,-47],[31,-79],[86,-38],[18,-37],[70,-89],[-32,-13]],[[141199,343814],[-47,50],[-26,90],[24,91],[-22,26],[5,43],[39,16],[14,-54],[65,-120],[3,-48],[-55,-94]],[[177691,388082],[39,3],[42,-18],[0,-31],[68,-7],[11,-16],[73,-7],[57,-56],[-44,-24],[-129,-17],[-41,71],[-51,12],[11,66],[-36,24]],[[146803,356633],[-70,46],[-64,19],[-78,64],[-140,95],[-60,55],[42,11],[177,-101],[104,-91],[83,-40],[27,-29],[-21,-29]],[[153389,362614],[3,86],[-21,38],[-49,-29],[-4,82],[38,58],[64,12],[25,-21],[30,16],[28,-96],[-44,-90],[-33,18],[-16,-59],[-21,-15]],[[153825,368369],[-101,16],[-10,28],[83,35],[39,-1],[45,23],[69,14],[7,32],[39,10],[100,-35],[51,-40],[6,-39],[-45,-16],[-28,54],[-49,21],[-23,-19],[-63,12],[-37,-32],[-16,-36],[-67,-27]],[[148311,357996],[33,46],[48,-23],[-23,-37],[85,7],[46,-43],[30,-53],[-102,-61],[-24,37],[-67,53],[-26,38],[-55,12],[11,46],[44,-22]],[[166554,380072],[-81,12],[-56,22],[54,71],[-2,69],[54,35],[37,-10],[-4,-36],[67,-65],[-7,-45],[-42,-51],[-20,-2]],[[145858,357051],[-48,83],[-12,38],[-76,48],[-12,44],[14,19],[-89,86],[73,32],[56,-33],[41,-59],[-6,-22],[-47,-10],[3,-31],[40,-6],[54,-59],[38,-117],[-29,-13]],[[163159,376092],[36,1],[16,-95],[0,-58],[48,-38],[8,-43],[-41,-61],[-57,44],[-37,47],[11,32],[-35,31],[8,31],[-27,24],[70,85]],[[168492,382455],[-59,-13],[-28,32],[-29,72],[21,61],[32,54],[88,-52],[26,-83],[-21,-54],[-30,-17]],[[120213,126167],[-19,29],[65,31],[100,-3],[30,20],[63,-11],[84,-74],[-63,4],[-94,-45],[-42,47],[-69,-34],[-7,-42],[-35,-28],[-22,37],[48,33],[-39,36]],[[65538,302061],[-10,22],[36,28],[82,89],[90,56],[132,106],[23,-35],[-30,-55],[-77,-62],[-12,-38],[-35,-34],[-64,4],[-135,-81]],[[11295,223818],[-24,31],[-73,35],[-14,75],[-28,39],[81,30],[97,16],[-26,-44],[8,-50],[57,-85],[-78,-47]],[[142244,355669],[-36,6],[-3,43],[41,39],[42,-38],[42,26],[75,-18],[65,-38],[-21,-57],[-42,-19],[-22,-32],[-86,42],[-55,46]],[[136168,355638],[3,106],[30,41],[12,74],[45,9],[11,38],[42,3],[53,-25],[-13,-50],[-59,-97],[-124,-99]],[[165408,373160],[63,15],[13,55],[48,13],[88,-107],[-79,-29],[10,-31],[-46,-20],[-135,16],[5,48],[-21,27],[54,13]],[[135799,355640],[-57,65],[9,31],[-47,61],[-8,37],[38,6],[48,100],[27,39],[100,-12],[10,-23],[-72,-31],[-18,-47],[-37,-27],[14,-21],[16,-73],[29,-37],[-66,-13],[36,-43],[-22,-12]],[[165549,373787],[-40,1],[-39,22],[8,44],[-20,54],[27,46],[-9,34],[55,47],[85,14],[11,-22],[-26,-47],[-25,-15],[21,-52],[-48,-126]],[[166354,379818],[-24,14],[-3,45],[26,31],[-29,21],[50,103],[51,-2],[55,14],[43,-25],[20,-47],[-26,-42],[-93,-43],[-28,0],[-24,-64],[-18,-5]],[[167465,381531],[-16,7],[-40,69],[56,65],[20,-26],[55,-7],[77,38],[44,-18],[4,-48],[-42,-48],[-91,-39],[-35,18],[-32,-11]],[[144244,357619],[-104,19],[-68,52],[-52,77],[31,23],[51,-17],[50,15],[148,-72],[-35,-32],[31,-55],[-52,-10]],[[145327,358410],[-43,-45],[-71,37],[30,21],[-17,35],[-34,3],[3,41],[24,47],[4,68],[44,50],[43,26],[27,-12],[-19,-49],[7,-45],[-30,-35],[32,-142]],[[116441,126777],[-31,37],[24,39],[-3,33],[117,3],[27,-10],[14,-44],[59,-38],[42,-51],[-44,-53],[-89,47],[-34,42],[-82,-5]],[[141609,358095],[-77,63],[-6,20],[-51,30],[-49,54],[-9,39],[25,11],[40,-60],[175,-98],[12,-27],[57,-22],[50,-38],[59,-13],[13,-39],[-31,-20],[-87,17],[-4,37],[-85,-33],[-32,79]],[[66187,111343],[-9,38],[-142,-6],[-111,20],[-29,23],[42,49],[103,17],[139,-15],[74,-38],[-32,-37],[-35,-11],[0,-40]],[[152565,371062],[-16,142],[39,17],[40,-33],[25,3],[35,-38],[9,-78],[17,-79],[-11,-69],[-55,-8],[-36,60],[15,34],[18,112],[-46,-50],[-34,-13]],[[139555,360024],[-37,9],[10,46],[-25,26],[-35,7],[-36,32],[17,18],[-47,52],[32,8],[80,-24],[131,-58],[65,-84],[-16,-36],[-70,51],[-69,-47]],[[8899,200969],[-20,49],[7,55],[52,64],[43,-1],[37,-24],[8,-34],[42,-16],[8,-50],[-31,-37],[-18,-51],[-46,0],[-82,45]],[[140199,343683],[-30,2],[-90,50],[-24,40],[-29,97],[15,49],[72,-13],[79,-66],[30,-76],[-7,-65],[-16,-18]],[[204017,370345],[-95,118],[-10,40],[57,3],[28,-12],[114,-89],[75,-78],[20,-34],[-30,-38],[-36,5],[-123,85]],[[173975,383008],[-3,-34],[-36,-68],[-58,-18],[-55,-87],[-22,38],[-43,-44],[-22,2],[-32,43],[34,83],[117,60],[41,33],[61,11],[18,-19]],[[153522,360771],[-20,44],[8,76],[38,68],[34,86],[4,103],[20,21],[37,-34],[45,-18],[8,-43],[-38,-110],[-36,-20],[-36,-49],[-31,-91],[-33,-33]],[[157381,374801],[-34,18],[15,73],[-1,49],[77,-38],[66,47],[47,-35],[24,-160],[-91,-16],[-12,58],[-46,17],[-45,-13]],[[32002,296401],[14,49],[-34,71],[-5,32],[-30,34],[-28,88],[-46,60],[16,11],[50,-35],[56,-23],[61,-101],[44,-57],[58,-25],[-18,-39],[-35,-26],[-27,10],[-76,-49]],[[155813,363702],[45,75],[44,47],[79,53],[152,38],[29,-14],[-63,-92],[-33,-35],[-94,-32],[-90,-14],[-69,-26]],[[139961,357535],[-49,86],[28,31],[-4,34],[30,61],[141,-24],[49,-35],[29,-1],[67,-44],[-52,-11],[-30,20],[-46,-24],[-61,7],[22,-51],[-57,-31],[-12,22],[-55,-40]],[[158967,373876],[-16,-31],[-74,57],[-16,-36],[4,-59],[-40,-9],[-17,-27],[-84,61],[-30,45],[48,27],[-9,32],[89,31],[19,37],[38,28],[52,-13],[12,-44],[-29,-28],[-3,-42],[56,-29]],[[189448,388502],[69,61],[5,37],[-56,68],[67,49],[46,-55],[48,-99],[52,-31],[14,-70],[-18,-26],[-50,-1],[-33,32],[-68,-3],[-28,36],[-48,2]],[[13868,192477],[17,23],[3,168],[34,94],[26,-2],[61,54],[22,43],[93,49],[106,148],[29,8],[34,42],[22,-9],[-74,-61],[-138,-167],[-76,-54],[-25,-31],[-70,-54],[-16,-31],[-16,-119],[5,-87],[-48,-52],[-66,-102],[0,-103],[44,-39],[-3,-60],[-71,26],[-15,45],[23,67],[13,94],[86,110]],[[154173,371293],[-75,45],[-31,42],[-1,34],[37,29],[37,5],[39,56],[39,-6],[45,-77],[40,-3],[3,-47],[-37,-51],[-52,-53],[-44,26]],[[142708,355741],[-26,22],[-60,18],[-49,69],[-53,21],[-28,37],[-37,-5],[-47,40],[69,14],[40,-28],[27,4],[30,-55],[92,-51],[48,9],[20,-40],[86,-30],[37,14],[42,-38],[37,33],[53,-37],[-35,-36],[-98,27],[-19,-24],[-80,11],[-49,25]],[[49953,302325],[-33,35],[73,51],[7,33],[-19,31],[37,29],[22,-34],[50,-11],[32,52],[42,16],[12,-40],[-41,-84],[11,-72],[-46,10],[-45,-28],[-23,-40],[-32,-10],[-47,62]],[[161108,376877],[-13,29],[-64,5],[-14,40],[44,90],[-79,-17],[-9,45],[38,15],[-19,67],[41,20],[55,62],[20,-15],[-22,-52],[9,-41],[74,-102],[2,-29],[-32,-48],[7,-28],[-38,-41]],[[21953,283030],[-31,87],[5,44],[-35,55],[53,47],[77,0],[55,-19],[-5,-31],[37,-52],[-17,-59],[-73,-56],[-66,-16]],[[166797,372337],[-45,6],[-37,23],[-1,24],[81,7],[125,-27],[59,14],[124,5],[48,-40],[-10,-119],[-53,-12],[-38,20],[-82,69],[-63,35],[-68,6],[-40,-11]],[[170085,385321],[-40,22],[-23,44],[-38,-11],[31,70],[-8,53],[23,69],[-24,129],[-32,9],[-23,84],[41,-19],[17,-63],[38,-12],[19,-27],[48,15],[-13,-91],[14,-32],[-10,-50],[28,-80],[-32,-95],[-16,-15]],[[142894,356663],[-69,-9],[-40,-25],[-142,108],[-118,26],[-43,39],[-44,11],[-1,60],[57,-21],[8,-40],[95,14],[21,-11],[136,-27],[70,-44],[70,-81]],[[149387,128844],[-83,-144],[4,-100],[-59,-34],[-67,18],[-12,19],[23,51],[38,16],[28,59],[-47,73],[-41,22],[7,37],[40,37],[59,-2],[36,-32],[74,-20]],[[50014,300445],[-62,40],[4,24],[-42,51],[80,67],[53,16],[59,0],[77,33],[63,4],[-22,-62],[-80,-49],[-53,-51],[-26,-52],[-51,-21]],[[183258,388079],[23,-65],[39,-35],[-18,-37],[-57,-39],[3,-39],[-55,-95],[-48,5],[-10,-54],[-39,-19],[-34,30],[52,46],[38,79],[7,51],[-11,46],[15,56],[63,56],[32,14]],[[120879,127191],[27,122],[-52,14],[15,60],[113,15],[31,-40],[46,14],[20,-40],[54,2],[18,-45],[-61,-4],[-67,-58],[-76,2],[-29,-34],[-39,-8]],[[157820,373969],[33,-26],[48,23],[-8,46],[20,34],[35,-40],[0,-23],[-38,-65],[-1,-32],[-73,-139],[-49,7],[-39,-38],[-40,82],[43,49],[23,70],[-51,27],[46,69],[34,8],[17,-52]],[[51778,303344],[29,58],[27,87],[22,175],[40,-31],[79,45],[81,10],[25,-42],[-27,-58],[-58,-19],[-79,-56],[-37,-44],[-9,-45],[-47,-64],[-46,-16]],[[170472,384685],[-66,21],[-46,109],[15,38],[51,53],[35,16],[74,-12],[34,-31],[22,-78],[-30,-83],[-89,-33]],[[155500,368289],[-20,19],[-23,112],[-27,8],[-57,-15],[-19,38],[38,37],[71,-16],[-7,34],[25,26],[106,7],[60,17],[47,-18],[-44,-57],[-26,-2],[-9,-119],[-19,-15],[-38,34],[-18,53],[-40,-143]],[[16494,276967],[16,37],[49,35],[26,54],[29,25],[-1,75],[-20,25],[58,14],[-14,-80],[14,-55],[-19,-56],[-25,-13],[-32,-154],[-67,-31],[-35,3],[-30,-42],[-64,-44],[-30,-51],[-27,12],[41,77],[81,91],[22,54],[28,24]],[[173936,381347],[-37,4],[-76,32],[-8,45],[19,48],[31,35],[88,22],[52,-1],[64,-36],[47,-11],[-27,-58],[-49,-39],[-104,-41]],[[139383,354283],[-93,11],[-9,60],[-94,71],[91,74],[61,2],[37,-25],[53,2],[9,-44],[-21,-38],[34,-74],[1,-47],[-33,-10],[-36,18]],[[157226,375005],[21,22],[-2,47],[-38,103],[33,97],[-44,29],[17,52],[48,10],[74,-20],[55,42],[7,-41],[-38,-79],[-40,-4],[-11,-88],[6,-36],[-21,-36],[16,-44],[-21,-59],[-8,-60],[-57,43],[3,22]],[[158103,371279],[-21,0],[-35,47],[-68,22],[3,-65],[-31,14],[-51,-15],[-34,25],[16,63],[75,27],[14,23],[39,3],[9,41],[63,59],[42,-26],[31,-62],[-7,-32],[35,-44],[-12,-63],[-46,29],[-22,-46]],[[120945,126516],[-33,-52],[6,-25],[-33,-47],[-93,-39],[21,-53],[-132,-43],[-27,26],[1,37],[-67,15],[120,90],[75,37],[58,7],[73,60],[31,-13]],[[138053,360673],[85,43],[37,4],[56,-24],[-10,-45],[-45,-16],[-12,-24],[-111,-52],[-63,7],[-71,-32],[-27,45],[-27,-27],[-43,41],[2,35],[62,12],[55,-19],[-15,55],[60,5],[67,-8]],[[135595,355457],[-81,5],[10,52],[-37,31],[-38,-32],[-36,46],[-50,11],[-26,28],[22,25],[53,-18],[39,31],[29,-26],[50,26],[50,-19],[42,-34],[10,-37],[115,-22],[75,-6],[36,-32],[-38,-33],[-33,33],[-132,-22],[-15,36],[-45,-43]],[[141773,359087],[-30,13],[28,36],[35,17],[-24,36],[12,39],[77,9],[15,-15],[49,42],[62,3],[-5,-88],[6,-27],[57,-84],[-93,-14],[-30,26],[-18,-40],[-44,19],[-4,27],[-64,29],[-29,-28]],[[153345,356246],[-30,0],[-87,50],[-10,71],[50,-15],[84,8],[9,22],[103,32],[75,54],[39,0],[25,59],[24,-16],[-41,-81],[-60,-72],[-37,-67],[-41,3],[-44,-34],[-59,-14]],[[115541,126305],[-54,56],[-4,33],[-51,21],[68,31],[72,-9],[-8,69],[20,52],[-27,24],[46,53],[109,11],[-15,-59],[-39,-34],[-45,-61],[31,-26],[23,-105],[-90,-60],[-36,4]],[[143384,361970],[8,55],[-62,0],[-4,89],[42,-28],[44,-6],[-2,-55],[16,-33],[33,-21],[9,-44],[-36,-29],[42,-18],[-74,-102],[-19,44],[-37,-50],[14,-53],[-40,-29],[-14,-35],[-61,5],[-6,33],[49,32],[30,43],[22,122],[-16,46],[0,64],[57,-7],[5,-23]],[[198161,382280],[-29,44],[-58,61],[16,116],[-12,40],[49,6],[24,54],[29,-59],[101,-55],[36,-65],[-82,11],[35,-72],[-2,-33],[-37,2],[-15,-34],[-55,-16]],[[164346,380904],[-52,59],[-26,105],[-26,-34],[-62,8],[-60,28],[-55,-19],[-25,9],[3,70],[75,53],[54,14],[55,-4],[11,-30],[45,-9],[12,-51],[49,-53],[34,-81],[-5,-49],[-27,-16]],[[136231,367383],[42,-27],[-4,86],[66,-78],[20,-58],[-30,-73],[-59,-2],[-61,-28],[-53,62],[-4,71],[9,48],[0,128],[82,36],[16,-12],[18,-77],[-44,17],[-12,-85],[14,-8]],[[204187,370029],[-8,48],[-22,39],[1,39],[60,-16],[98,-67],[28,-52],[28,-85],[8,-60],[27,-83],[-44,14],[-63,41],[-67,58],[-25,36],[-21,88]],[[181829,384315],[-74,20],[-36,40],[-4,38],[30,46],[11,79],[-47,71],[23,4],[74,-44],[41,-2],[12,-67],[-20,-3],[65,-61],[37,-57],[3,-25],[-49,-74],[-66,35]],[[74312,304890],[-75,43],[9,53],[34,29],[120,42],[49,10],[107,-1],[44,-24],[9,-39],[-92,-10],[-8,-29],[-42,-59],[-24,8],[-44,-41],[-87,18]],[[178144,388637],[-19,34],[-56,41],[-10,33],[22,24],[25,72],[-17,32],[-3,55],[58,-17],[36,-55],[76,-43],[43,-143],[-46,-6],[-1,-80],[-23,-24],[-51,73],[-34,4]],[[156644,356410],[-106,29],[-146,82],[72,23],[39,25],[102,42],[52,-2],[137,-98],[-99,-79],[-51,-22]],[[39403,296714],[-5,36],[22,72],[24,39],[77,54],[66,-15],[67,-26],[-18,-57],[28,-150],[-7,-31],[-75,45],[-110,45],[-69,-12]],[[163560,383098],[-15,35],[42,117],[21,16],[38,91],[-4,53],[41,56],[39,-35],[0,-31],[50,-42],[20,-70],[-14,-60],[-81,-74],[-40,-2],[-72,-49],[-25,-5]],[[23453,287849],[-17,13],[79,50],[-5,75],[-50,69],[-58,28],[-43,61],[-37,20],[-74,77],[-10,49],[-31,73],[31,-3],[95,-80],[66,-33],[82,-63],[21,-30],[-3,-53],[24,-103],[58,-59],[58,-26],[-95,-11],[-39,-45],[-52,-9]],[[164107,381612],[-34,14],[67,73],[15,31],[-30,17],[-31,-32],[-73,12],[4,55],[86,24],[13,35],[70,-51],[25,13],[-6,37],[31,7],[43,-52],[72,3],[3,-29],[-24,-36],[-1,-39],[-25,-30],[-57,-10],[-54,-38],[-94,-4]],[[202044,371910],[0,58],[18,39],[34,27],[61,-34],[30,-47],[-3,-44],[-36,-55],[-45,-172],[-72,-56],[-50,13],[14,62],[-4,58],[24,59],[5,43],[24,49]],[[9402,245579],[-20,69],[77,27],[130,6],[28,-17],[-14,-84],[10,-35],[-51,-55],[-5,-38],[48,-54],[-46,-41],[27,-22],[-54,-45],[-21,134],[-33,66],[-173,142],[16,15],[46,-52],[35,-16]],[[139760,343919],[-178,16],[-38,15],[-70,56],[-48,80],[-8,51],[13,62],[40,36],[77,-99],[144,-133],[78,-59],[-10,-25]],[[178093,388174],[-37,52],[31,6],[-44,91],[42,57],[-4,49],[83,55],[48,4],[32,-15],[14,-71],[-3,-104],[-55,-61],[3,-45],[-39,6],[-48,-46],[-23,22]],[[141083,353332],[-19,-8],[-66,114],[-2,34],[25,37],[11,47],[-5,47],[82,2],[26,-28],[48,-127],[106,-1],[-23,-78],[-21,33],[-77,-50],[-51,-82],[-34,60]],[[143126,347574],[-47,47],[-110,52],[-7,36],[21,79],[49,13],[31,40],[82,15],[32,-42],[37,-83],[8,-40],[-10,-57],[-39,-45],[-47,-15]],[[150486,362022],[6,-60],[-16,-21],[-86,-46],[-35,4],[-37,74],[-60,48],[8,52],[-1,110],[10,38],[71,-14],[58,-46],[50,-54],[32,-85]],[[182305,388861],[-66,66],[-8,81],[93,87],[54,15],[42,-51],[-3,-36],[-26,-76],[14,-30],[59,-39],[41,3],[-8,-70],[-33,-13],[-47,41],[-41,-21],[-29,-62],[-50,-19],[-8,32],[16,92]],[[139870,359053],[71,12],[-8,30],[63,42],[46,-28],[60,9],[72,25],[37,-22],[18,-59],[30,-29],[13,-56],[-20,-47],[-70,30],[-33,-5],[-133,21],[-17,14],[-72,2],[-99,54],[42,7]],[[131938,126953],[64,66],[74,22],[60,-25],[68,36],[84,-4],[-22,-44],[-94,0],[5,-65],[-48,-10],[-9,-24],[-127,-30],[-47,5],[-53,-16],[-53,-33],[-57,-66],[-79,9],[9,39],[77,48],[-12,45],[70,-20],[72,23],[18,44]],[[163269,374757],[62,43],[-3,34],[29,26],[-16,62],[38,33],[42,-4],[10,-44],[25,-7],[52,-71],[-14,-41],[-43,-38],[43,-27],[-48,-52],[-13,-57],[-64,-14],[-68,64],[-72,0],[19,38],[27,7],[-6,48]],[[164642,383425],[-32,9],[-8,39],[7,88],[34,50],[38,22],[85,8],[63,-21],[43,-1],[-3,-108],[-25,-20],[-45,6],[-42,-109],[-35,11],[-28,31],[-52,-5]],[[169108,387693],[-10,57],[18,70],[-58,40],[3,49],[-25,68],[21,37],[13,75],[64,5],[45,-15],[7,-72],[-36,-13],[17,-81],[38,-24],[91,27],[21,-29],[3,-58],[-39,-13],[-30,-35],[-77,-7],[-23,-16],[-43,-65]],[[158669,370069],[-48,35],[51,45],[73,21],[23,40],[38,16],[-62,94],[20,42],[37,38],[39,4],[3,44],[29,40],[56,-51],[-9,-37],[-38,-47],[35,-31],[-38,-60],[20,-49],[16,-78],[-19,-29],[-36,19],[-54,-18],[-63,8],[-19,-35],[-54,-11]],[[155536,370444],[0,32],[70,13],[49,27],[-12,93],[24,43],[13,60],[47,-33],[14,-71],[44,-35],[39,34],[73,11],[28,-30],[22,-84],[-126,12],[-91,-118],[-37,18],[-53,-38],[-20,81],[-46,12],[-38,-27]],[[140927,359006],[-28,6],[-46,38],[37,41],[5,47],[26,60],[-20,18],[35,48],[37,16],[58,-2],[46,14],[45,-75],[-7,-55],[-19,-31],[11,-56],[-16,-39],[-77,-26],[-67,50],[2,-49],[-22,-5]],[[31878,296866],[38,50],[59,133],[13,113],[-21,147],[-32,107],[19,13],[81,-17],[53,-43],[50,-91],[-74,-172],[-44,-59],[-40,-122],[-88,-62],[-14,3]],[[142417,356536],[-26,56],[-45,-3],[-79,81],[-68,24],[-52,85],[14,50],[-32,23],[-14,38],[34,12],[66,-20],[142,-134],[-2,-25],[40,-41],[88,-17],[6,-86],[-8,-42],[-64,-1]],[[160445,381273],[-31,34],[41,52],[17,56],[-18,62],[-71,15],[36,65],[49,-14],[28,13],[43,76],[23,-41],[77,-59],[6,-29],[40,-37],[-22,-15],[12,-62],[-26,-20],[-85,-22],[-63,-32],[-56,-42]],[[10647,199103],[-28,34],[0,42],[-42,101],[13,34],[44,33],[57,13],[56,-20],[47,6],[52,-43],[42,10],[33,47],[39,-5],[-90,-117],[-97,-77],[-77,-28],[-49,-30]],[[138726,355544],[19,14],[-9,53],[-39,7],[73,84],[71,-25],[73,-79],[-29,-39],[37,-82],[-89,-35],[-21,-29],[-7,-47],[-39,-24],[-48,-5],[25,72],[-54,117],[37,18]],[[160523,381672],[-56,55],[-49,75],[-41,36],[9,42],[49,68],[-14,38],[-32,34],[-61,-32],[-41,34],[31,23],[33,53],[-10,37],[75,38],[34,-12],[12,-56],[78,-76],[9,-61],[-40,-25],[-24,-35],[11,-52],[-19,-42],[55,-127],[-9,-15]],[[55227,303152],[-2,61],[26,80],[24,40],[-3,101],[-21,28],[19,25],[79,-3],[-4,-99],[50,-70],[14,-50],[-2,-52],[-45,-106],[-81,-77],[-37,57],[-17,65]],[[164041,372945],[-62,-9],[-29,27],[-45,-4],[0,-28],[-31,-28],[-80,-9],[-17,32],[29,26],[-3,73],[11,45],[33,28],[29,-5],[30,-34],[35,65],[51,37],[50,3],[28,-22],[20,-53],[40,-26],[-24,-89],[-48,16],[-17,-45]],[[164420,379541],[-3,27],[-61,-22],[-49,-3],[-29,47],[-54,-21],[-74,72],[-20,35],[31,25],[51,-32],[83,26],[-39,57],[-8,59],[26,45],[36,0],[52,-40],[-8,-16],[80,-53],[13,-37],[-10,-139],[-17,-30]],[[144672,358543],[-12,8],[-75,118],[-4,60],[-99,126],[-60,109],[-21,26],[64,11],[48,-27],[-21,-38],[11,-34],[40,-21],[38,-61],[72,-50],[46,-45],[-5,-36],[37,-25],[86,15],[23,-69],[52,-57],[-156,3],[-40,7],[-24,-20]],[[160010,373197],[-65,66],[-2,39],[71,17],[42,-2],[6,40],[-63,-9],[15,65],[-13,16],[77,103],[3,24],[40,53],[56,32],[23,-1],[39,-41],[-15,-59],[-30,-31],[1,-81],[-51,-79],[-17,-49],[-21,-13],[-16,-53],[-52,-8],[-28,-29]],[[138584,359018],[-55,53],[-20,53],[-43,-15],[-50,55],[5,30],[55,-4],[11,17],[-67,37],[18,27],[58,-35],[12,-30],[56,-36],[99,27],[14,21],[49,-6],[1,-30],[57,-14],[-24,-55],[1,-34],[52,-58],[-17,-20],[-70,27],[-61,-54],[-81,44]],[[145776,358310],[-42,16],[-7,84],[-15,46],[47,14],[39,31],[2,49],[-39,26],[-39,67],[-11,63],[49,0],[101,-124],[-2,52],[-19,46],[53,20],[5,-60],[25,-21],[-31,-35],[34,-35],[29,20],[22,-59],[-61,-3],[30,-85],[-29,-35],[-141,-77]],[[140012,359678],[-12,21],[-111,63],[0,32],[-31,29],[-34,145],[-46,47],[73,-7],[31,11],[-12,52],[32,60],[45,-11],[125,-102],[-37,-45],[-116,-4],[10,-35],[65,-94],[40,-37],[-24,-37],[45,-39],[-43,-49]],[[139455,359407],[-57,18],[-4,32],[-92,51],[43,22],[-40,49],[12,23],[62,-21],[30,28],[31,-2],[18,31],[-39,41],[-49,19],[25,60],[81,-12],[-39,-39],[35,-15],[14,-58],[51,-6],[31,-31],[60,-24],[29,-53],[62,-36],[32,-42],[-104,-30],[-54,86],[-101,-19],[-20,-15],[-17,-57]],[[173990,382294],[-52,-14],[-93,12],[-23,-28],[20,-56],[28,-28],[-27,-46],[-22,30],[-47,8],[-46,-63],[-63,40],[36,47],[0,65],[24,20],[22,50],[-5,40],[48,35],[35,47],[99,44],[59,-26],[1,-90],[-8,-63],[14,-24]],[[141240,357726],[68,11],[19,30],[-49,49],[43,16],[17,-46],[36,-54],[22,2],[36,-39],[-37,-26],[15,-55],[-14,-20],[-69,11],[-155,7],[27,-43],[-14,-24],[-77,-5],[-55,63],[-3,39],[-36,55],[-71,18],[-61,53],[-9,36],[90,-31],[122,-65],[22,-3],[95,29],[38,-8]],[[141293,122052],[85,13],[6,52],[-32,39],[21,32],[88,21],[61,74],[-5,39],[39,74],[31,33],[28,-16],[-55,-90],[15,-98],[48,-23],[-48,-76],[-107,-74],[-36,5],[-69,-59],[2,-46],[-86,-64],[-44,3],[-36,47],[34,73],[60,41]],[[137087,355865],[-17,-26],[-69,-44],[5,-38],[25,-24],[-57,-37],[-6,-40],[-72,15],[-62,-39],[-52,-4],[-4,37],[41,71],[52,46],[5,57],[26,60],[57,45],[-8,51],[38,4],[-22,49],[53,-10],[74,-44],[5,-47],[-15,-30],[3,-52]],[[160112,369427],[-40,39],[1,37],[26,28],[12,49],[133,56],[41,40],[116,34],[30,43],[66,-6],[38,-36],[7,-47],[-17,-42],[-42,-31],[-35,-9],[-38,16],[-194,-134],[-71,-12],[-33,-25]],[[163954,374185],[-170,19],[13,36],[-12,62],[34,19],[-6,30],[40,7],[30,-20],[27,51],[56,-15],[-13,42],[-27,23],[2,40],[63,-9],[25,68],[65,36],[36,-110],[-1,-43],[-42,-4],[-23,-22],[16,-68],[23,-32],[-8,-27],[-47,0],[-81,-83]],[[30494,288241],[3,45],[49,43],[5,20],[54,57],[18,33],[-9,49],[40,39],[5,41],[38,25],[14,57],[72,46],[71,14],[72,-3],[44,-53],[-13,-29],[-109,-40],[-46,-35],[-40,-94],[-97,-101],[-69,-89],[-41,-20],[-61,-5]],[[138776,356652],[18,-12],[4,-82],[87,-106],[-28,1],[-35,37],[-49,-33],[-41,7],[-2,50],[-26,9],[-80,-49],[-25,14],[-42,113],[-18,115],[2,40],[63,24],[-14,45],[56,-19],[51,-47],[81,-24],[-2,-83]],[[34209,289096],[-144,64],[-37,98],[-30,47],[-24,72],[-4,43],[17,57],[32,-4],[-9,-41],[40,-22],[24,56],[45,11],[26,-24],[108,-30],[22,-32],[-55,-73],[-19,-48],[14,-116],[-6,-58]],[[203188,371517],[-4,-84],[-17,-12],[-91,81],[-84,63],[-74,78],[-140,112],[-75,74],[33,16],[60,-4],[79,-25],[164,-96],[48,-34],[72,-67],[23,-57],[6,-45]],[[145879,357385],[-51,0],[-17,47],[22,27],[-35,52],[-36,-8],[-24,-30],[-99,118],[15,34],[-34,55],[-22,7],[-61,111],[20,26],[61,-35],[23,44],[44,-54],[24,-3],[2,-54],[79,-8],[71,-88],[54,-84],[9,-89],[-71,-37],[26,-31]],[[19136,287587],[3,54],[59,83],[50,35],[133,140],[81,1],[70,32],[49,-50],[-7,-60],[-46,-22],[-129,-106],[-42,-26],[-78,-93],[-42,0],[-74,30],[-27,-18]],[[18430,286797],[-27,53],[8,48],[69,69],[66,99],[38,70],[63,53],[135,100],[51,70],[73,50],[51,55],[61,3],[-8,-47],[26,-37],[-64,-56],[-79,-28],[-56,-6],[-28,-22],[-3,-35],[-74,-87],[-35,-28],[-44,-94],[-48,-30],[-13,-42],[-58,-44],[-29,-39],[-75,-75]],[[55190,300934],[-9,-53],[-39,-17],[-65,-86],[-131,-16],[-37,65],[-29,3],[-56,-59],[-39,30],[17,50],[38,-2],[40,33],[87,35],[172,86],[88,24],[19,31],[36,-11],[103,12],[39,35],[48,-44],[-47,-35],[-51,-71],[-43,-5],[-46,20],[-53,4],[-42,-29]],[[35252,303823],[6,25],[-49,43],[-48,14],[-68,74],[-112,66],[-28,81],[32,37],[111,4],[35,-21],[35,-78],[6,-58],[70,-83],[77,-25],[92,-13],[11,-59],[-49,-78],[-2,-69],[21,-42],[0,-39],[-45,15],[-43,36],[-41,63],[6,75],[-17,32]],[[156905,356197],[-86,6],[-56,19],[-160,25],[-119,104],[9,12],[87,-25],[62,-5],[64,13],[70,51],[54,54],[42,20],[77,-34],[79,-203],[-37,-19],[-86,-18]],[[141010,360809],[19,48],[-31,38],[13,24],[66,14],[64,-48],[25,-50],[-41,-4],[-50,-23],[53,-62],[43,-38],[30,47],[31,-13],[58,-68],[31,-20],[-5,-35],[64,13],[94,-79],[-28,-18],[-37,17],[-86,-23],[-41,-38],[-98,10],[14,19],[-52,80],[-75,61],[-72,109],[-51,19],[-53,52],[56,6],[59,-38]],[[178156,388107],[8,34],[37,10],[29,-50],[49,-60],[46,-101],[-35,-6],[-27,-32],[-1,-40],[-69,-146],[24,-15],[-41,-41],[-37,9],[-58,-47],[-46,12],[24,41],[9,53],[-33,79],[43,47],[7,53],[27,61],[-25,49],[46,28],[23,62]],[[155004,356641],[-49,36],[17,20],[123,13],[427,0],[104,-16],[140,-11],[60,-22],[56,-8],[162,-60],[-160,1],[-198,19],[-167,8],[-101,-2],[-112,-10],[-138,4],[-164,28]],[[142092,360007],[4,39],[65,12],[36,-34],[37,-3],[47,-24],[31,-57],[51,25],[37,-15],[38,-47],[46,25],[34,-2],[64,-50],[29,-65],[-14,-26],[-46,12],[-36,30],[-39,-64],[-34,25],[-46,1],[-14,25],[-75,-1],[-89,38],[-164,100],[-37,58],[-114,37],[48,30],[31,-43],[59,8],[51,-34]],[[160634,380309],[-38,23],[-25,58],[-46,-15],[29,-35],[-21,-25],[-67,77],[37,52],[-11,88],[-33,1],[-19,33],[85,41],[16,43],[-4,68],[53,7],[26,28],[-22,96],[16,35],[49,-12],[-15,-91],[10,-34],[29,-24],[0,-29],[42,-55],[-28,-54],[31,-6],[0,-68],[15,-42],[-56,-62],[-37,-3],[-3,-67],[-13,-28]],[[176214,387661],[-36,3],[-51,46],[-10,38],[51,29],[96,77],[31,32],[-4,56],[27,26],[14,62],[42,3],[-3,40],[143,70],[63,-1],[25,-46],[24,-13],[17,-53],[-51,-43],[-64,-69],[-77,-25],[-28,-19],[-8,-40],[-57,-58],[-40,-5],[-104,-110]],[[27762,290025],[-71,-4],[-78,13],[-130,11],[-145,5],[-51,31],[62,61],[40,20],[148,29],[186,2],[101,-20],[149,-51],[23,-47],[-107,-70],[-92,22],[-35,-2]],[[10171,198620],[8,70],[-3,80],[-12,52],[28,27],[-31,71],[-18,78],[100,38],[71,56],[37,77],[27,21],[1,-109],[34,-59],[33,-87],[33,-50],[-47,-4],[-9,-41],[-54,4],[-53,-32],[12,-76],[-24,-62],[2,-51],[-75,-10],[-60,7]],[[204699,377412],[15,30],[-32,25],[-26,66],[-65,52],[7,47],[109,-27],[78,13],[23,-34],[40,-13],[40,-34],[37,7],[149,-143],[42,-78],[-43,16],[-70,5],[-14,-30],[-45,-11],[-20,26],[-48,0],[-29,-53],[-42,-11],[-59,32],[-46,55],[-1,60]],[[174069,384100],[100,27],[64,97],[43,4],[21,36],[68,-3],[31,-31],[69,4],[17,-26],[113,-26],[23,-41],[-87,-39],[13,-31],[-43,-34],[-31,6],[-99,-35],[-40,32],[-40,-4],[-46,-24],[-31,15],[-72,-62],[-95,55],[-65,-16],[-10,50],[75,53],[22,-7]],[[148697,359284],[12,-74],[-41,-44],[95,-56],[-4,-76],[-60,-30],[-74,44],[-28,-22],[-128,78],[-46,51],[-39,20],[-78,-1],[-11,36],[26,32],[-1,29],[36,29],[-84,35],[34,40],[31,11],[2,62],[45,27],[19,-54],[30,-28],[71,-117],[48,20],[-24,51],[8,26],[59,-9],[-8,-37],[20,-30],[88,10],[2,-23]],[[148870,357788],[-37,82],[-23,-16],[-75,34],[43,93],[-3,28],[52,4],[-12,37],[51,8],[89,-22],[-17,51],[28,46],[69,-1],[-26,-43],[-3,-55],[36,1],[15,41],[62,-38],[107,2],[67,-19],[-65,-47],[35,-27],[35,1],[73,-42],[-19,-26],[-67,9],[-104,-6],[-61,-24],[-81,41],[-32,-32],[-75,1],[-11,-32],[30,-23],[-81,-26]],[[33373,289215],[-41,2],[-26,35],[-50,38],[-2,22],[65,32],[70,54],[44,64],[22,49],[28,-9],[51,53],[86,5],[60,45],[128,33],[54,-7],[-38,-45],[-9,-50],[-29,-33],[-54,-5],[-85,-29],[-48,-94],[2,-59],[-54,-77],[-60,-53],[-114,29]],[[145009,357648],[-29,46],[-62,-7],[-26,45],[2,56],[-19,93],[-45,84],[25,34],[46,-21],[-8,79],[22,27],[24,-57],[56,29],[42,-42],[67,25],[42,5],[-69,90],[38,38],[37,-56],[16,45],[59,-14],[-10,-89],[7,-69],[23,-54],[-41,-57],[-41,15],[8,34],[-34,17],[-19,-31],[25,-55],[-2,-42],[-67,-31],[19,-37],[-36,-75],[-50,-25]],[[151497,369573],[-21,24],[56,27],[37,79],[52,22],[31,55],[48,33],[34,-2],[23,59],[96,17],[22,44],[40,3],[32,49],[20,107],[53,12],[23,-25],[20,-54],[-23,-31],[16,-82],[37,-36],[-1,-31],[-84,-9],[-80,-66],[-18,-75],[-20,-32],[-65,19],[-49,-53],[-15,26],[-48,-24],[-35,-75],[-31,-30],[-31,31],[-56,12],[-24,24],[-39,-18]],[[141401,344359],[-29,6],[-34,69],[-9,84],[-13,38],[-6,222],[-10,37],[17,86],[-23,86],[30,89],[54,30],[95,-111],[-4,-144],[21,-93],[8,-69],[1,-113],[-22,-78],[-37,-82],[11,-38],[-50,-19]],[[152349,369262],[3,-40],[-34,-36],[45,-36],[7,-32],[46,-20],[-99,-21],[44,-56],[-58,-31],[-34,41],[-68,25],[-53,64],[-95,54],[-27,50],[-83,38],[44,24],[5,73],[80,9],[12,73],[48,39],[67,-46],[-3,-21],[123,-5],[37,-56],[-7,-90]],[[206702,375311],[-67,113],[-27,64],[-44,166],[14,59],[26,28],[61,-73],[58,-50],[74,-44],[85,-77],[73,-112],[7,-82],[-62,-162],[-24,-31],[-174,201]],[[166945,380596],[-20,4],[-49,59],[-42,27],[-51,10],[-57,63],[1,52],[-23,65],[-44,32],[5,28],[82,3],[57,-21],[128,-93],[31,6],[47,-31],[8,-44],[46,-36],[48,40],[5,59],[20,39],[117,-24],[-3,-57],[45,-18],[12,-48],[52,-12],[-88,-43],[-17,-30],[-57,-18],[-29,-32],[-41,-9],[-47,30],[-4,-52],[-34,-14],[-49,18],[-21,54],[-28,-7]],[[153420,361358],[-14,6],[19,86],[15,136],[-2,47],[17,51],[26,34],[-36,106],[20,28],[-28,37],[0,67],[34,23],[12,75],[29,17],[-3,77],[23,50],[-48,4],[27,103],[-46,1],[-1,52],[34,22],[20,-28],[43,-5],[15,48],[-2,53],[-17,41],[45,8],[62,-116],[-16,-81],[-22,-38],[46,-55],[-12,-70],[16,-147],[-33,-99],[-57,44],[3,-56],[-47,-78],[-20,-78],[5,-55],[-23,-78],[2,-110],[-11,-38],[-75,-84]],[[179200,387044],[-34,3],[-74,78],[-8,23],[-47,28],[-26,39],[7,51],[-57,78],[-68,13],[-17,65],[96,54],[13,28],[77,22],[42,-58],[63,-47],[68,-15],[89,-50],[66,10],[36,-28],[-22,-85],[-70,-38],[-31,-90],[-6,-48],[-97,-33]],[[123984,125026],[-4,35],[23,106],[-95,-7],[24,55],[62,37],[-68,47],[-29,43],[3,57],[45,-11],[113,-50],[49,-12],[-4,-61],[19,-19],[133,-16],[41,-33],[-58,-11],[-56,-38],[3,-56],[38,-43],[-8,-52],[15,-45],[-36,-55],[-57,27],[1,-130],[-43,-49],[4,-32],[-94,9],[-10,36],[-41,-9],[-18,102],[39,15],[4,66],[21,38],[-33,28],[17,28]],[[141421,359857],[59,51],[-48,23],[-49,62],[-7,41],[-55,4],[-67,-20],[1,-64],[-37,15],[-14,40],[-85,32],[-22,88],[16,90],[-31,40],[38,36],[-2,55],[64,48],[101,0],[74,-34],[-37,-19],[13,-43],[68,-55],[37,-6],[21,25],[60,-39],[64,-11],[52,-75],[-20,-7],[-59,49],[-95,-23],[-19,-20],[-11,-58],[32,-68],[55,-59],[23,-43],[-50,-42],[-70,-13]],[[73743,114668],[-2,29],[-56,76],[-91,-4],[-31,89],[-72,42],[-34,5],[-55,43],[25,38],[242,45],[130,-87],[126,-38],[57,-48],[81,-39],[-8,-48],[-90,-62],[-31,-99],[-93,31],[-35,-8],[-63,35]],[[51770,303258],[-7,-37],[34,-8],[42,32],[17,33],[-4,42],[30,73],[41,61],[17,3],[72,69],[77,43],[48,-45],[-9,-33],[-49,-41],[35,-44],[-28,-38],[-10,-47],[-94,-107],[25,-8],[-25,-52],[-102,-108],[-34,-27],[-51,-16],[-53,-47],[-41,2],[-19,-28],[-90,-7],[13,53],[-11,42],[60,109],[-4,47],[-42,-2],[8,55],[85,-21],[69,52]],[[51458,302390],[-33,85],[23,41],[46,-8],[44,52],[-42,43],[27,54],[45,-1],[-17,43],[33,58],[91,46],[21,120],[71,-10],[72,46],[29,37],[103,30],[-43,-129],[-51,-124],[-119,-130],[8,-72],[-24,-49],[-54,-43],[-34,-48],[-58,-102],[-59,0],[-39,61],[-40,0]],[[185806,387293],[-26,20],[28,52],[9,72],[-45,69],[-77,32],[-65,-1],[-94,23],[-15,25],[-82,45],[-42,3],[-69,30],[-57,8],[-128,-2],[-26,-30],[-94,-18],[-58,7],[-10,62],[39,15],[-23,99],[64,39],[49,-9],[68,-37],[70,-24],[41,0],[167,-25],[77,-39],[46,-49],[70,-47],[19,30],[-69,26],[3,43],[-25,30],[32,28],[47,-42],[47,-16],[45,-54],[16,-46],[66,-30],[50,-50],[15,-62],[54,-45],[51,-5],[66,-25],[-11,-24],[-52,-31],[-31,-35],[-140,-12]],[[160256,373099],[19,56],[-60,133],[-24,-50],[-33,19],[12,52],[60,55],[34,94],[51,32],[-14,52],[32,88],[34,21],[68,-2],[35,-99],[74,-96],[-10,-94],[-40,-53],[-39,-22],[-43,-71],[-21,-115],[-29,-53],[-56,-57],[-63,-45],[-49,-19],[-33,6],[-29,-40],[-21,51],[24,24],[-1,54],[68,48],[31,65],[23,-34]],[[150651,356268],[-31,-19],[38,-35],[-1,-67],[28,-27],[67,105],[64,-33],[24,-48],[55,3],[6,-32],[-52,-37],[-24,-100],[-46,-53],[-41,-24],[-39,-1],[-73,18],[-91,109],[-125,171],[-17,87],[21,65],[-17,19],[-9,55],[-47,60],[-13,65],[71,3],[-12,35],[35,51],[83,-94],[-3,-30],[-42,3],[-30,-24],[32,-26],[51,-65],[-4,-70],[57,13],[63,-42],[22,-35]],[[49731,301351],[29,-28],[59,3],[64,-10],[17,-22],[48,23],[36,-40],[-26,-32],[-29,-75],[16,-26],[-20,-54],[-36,-53],[-39,-13],[24,-47],[-27,-74],[-32,-14],[-56,46],[-55,-1],[-5,42],[-31,-3],[-45,20],[4,-61],[-114,-70],[-75,-12],[-6,44],[83,69],[-10,42],[22,50],[32,34],[20,120],[25,84],[89,63],[38,-5]],[[148329,359700],[48,56],[-52,11],[-73,-38],[-46,56],[81,34],[3,35],[115,77],[-33,58],[-15,109],[39,4],[196,-67],[106,-52],[59,-52],[19,-33],[-15,-154],[33,-77],[-22,-22],[-42,25],[-24,-17],[-42,36],[-14,54],[-1,99],[-41,11],[-19,-35],[26,-51],[-27,-43],[-8,-86],[-128,59],[-51,-58],[-5,-43],[-55,46],[-37,-45],[-9,75],[34,28]],[[34798,303255],[78,44],[-4,-47],[44,-46],[11,-53],[-30,-11],[22,-61],[-35,-16],[-41,-61],[-24,37],[-42,-5],[-6,-32],[56,-22],[9,-38],[-53,13],[-35,-18],[-24,16],[17,78],[96,46],[4,55],[-14,96],[-77,24],[-17,-19],[9,-45],[-84,-10],[-10,-33],[58,-37],[-34,-69],[22,-28],[-22,-25],[35,-33],[-43,-29],[24,-51],[-39,-62],[-44,-25],[22,-25],[51,-6],[27,21],[65,20],[-22,-45],[22,-43],[-48,-18],[5,-39],[38,-37],[-40,-12],[-38,56],[-49,-57],[8,-35],[-45,-14],[-16,34],[11,44],[4,81],[-66,40],[-6,32],[34,122],[5,56],[35,29],[9,131],[-36,32],[2,95],[20,26],[-35,59],[93,-40],[72,45],[-15,53],[-39,5],[-2,57],[42,60],[40,6],[-14,-47],[47,-37],[32,27],[27,-27],[-74,-50],[7,-76],[27,-31],[-7,-25]],[[146543,357485],[-99,0],[-193,43],[-68,31],[19,97],[-91,-37],[-26,26],[24,34],[-11,65],[-30,68],[-37,25],[-33,2],[-130,42],[-89,49],[-26,3],[-96,55],[-73,66],[39,32],[57,-61],[55,-18],[48,-33],[39,9],[37,-24],[54,-5],[-33,90],[40,12],[220,-154],[16,-32],[75,-42],[70,-75],[79,-23],[48,-65],[54,-34],[87,-29],[70,-50],[-10,-28],[-86,-39]],[[198561,381085],[-5,41],[-24,47],[-12,68],[12,19],[53,0],[18,20],[79,26],[28,55],[12,100],[-8,51],[55,51],[84,12],[33,-45],[66,-9],[28,-35],[-5,-61],[13,-44],[3,-84],[13,-75],[-37,-23],[-51,-12],[2,-30],[-70,4],[-8,-51],[-37,-40],[-16,-41],[-42,-25],[-48,-49],[-51,10],[-32,27],[-53,93]],[[49092,303156],[-40,-28],[7,-45],[-25,-39],[29,-60],[67,-20],[30,-34],[53,-18],[-30,-47],[-33,-22],[-21,38],[-53,-14],[-32,-42],[10,-36],[-15,-91],[-49,-40],[-104,-40],[-75,-57],[-33,-7],[-49,96],[-25,34],[-69,14],[-40,38],[-29,-7],[-16,36],[90,24],[88,59],[24,25],[10,55],[82,99],[24,48],[44,15],[46,47],[48,11],[18,-21],[68,29]],[[64034,300569],[-109,30],[-65,12],[-112,99],[-11,208],[18,106],[28,32],[2,57],[55,57],[84,-35],[27,-40],[37,-13],[29,-37],[1,-51],[18,-60],[43,-22],[109,0],[-32,-62],[-17,-59],[28,-31],[-6,-48],[-36,-18],[-45,-93],[-46,-32]],[[136886,125258],[-47,70],[40,28],[-10,54],[-51,-8],[-18,-41],[-67,-71],[-45,15],[24,63],[-15,37],[-61,18],[-101,-10],[-49,-47],[-9,-97],[-19,-59],[-41,35],[18,37],[-36,50],[-32,-7],[-56,21],[-38,-55],[-49,86],[13,32],[78,57],[40,57],[4,68],[36,45],[47,7],[30,-54],[29,9],[36,-31],[62,42],[41,-26],[60,46],[59,-22],[54,-4],[89,23],[21,16],[40,94],[42,-4],[-9,-53],[14,-35],[-26,-53],[-30,-18],[-22,-72],[-31,-27],[60,-52],[14,-78],[-27,-16],[-26,-51],[-36,-19]],[[173388,382812],[53,0],[66,29],[-18,49],[-39,9],[-20,54],[82,48],[31,-14],[36,-75],[30,-33],[-2,-130],[54,-70],[-28,-17],[-45,6],[-66,-41],[-5,-36],[-50,-64],[33,-62],[-34,-97],[8,-44],[-85,-79],[-37,-79],[-38,-31],[-44,-3],[-50,19],[-22,68],[-35,66],[-128,23],[26,31],[97,-23],[42,23],[26,50],[68,44],[-8,19],[-61,-1],[-41,47],[40,37],[85,17],[45,117],[20,27],[-12,79],[-63,38],[3,15],[86,-16]],[[140485,352944],[-87,42],[-9,51],[-45,-27],[-50,44],[-22,-5],[-68,74],[32,10],[102,-38],[49,16],[52,47],[20,-21],[107,-17],[73,25],[117,-107],[32,-44],[35,-8],[-3,-41],[72,-8],[5,46],[-68,12],[-16,45],[74,34],[71,72],[21,60],[72,49],[50,-38],[37,15],[31,-15],[4,-82],[-33,-104],[-48,-54],[-26,-12],[-71,-71],[10,-30],[-31,-25],[-42,5],[-22,-25],[-55,-4],[-61,39],[-80,16],[-38,-12],[-47,21],[-110,34],[-34,31]],[[150021,362190],[83,9],[36,-13],[22,-43],[9,-100],[-17,-50],[50,-84],[21,-125],[23,-32],[74,-16],[49,36],[91,41],[36,-6],[41,-33],[19,-59],[8,-150],[-40,-35],[-123,33],[-96,7],[-150,23],[-45,20],[-31,45],[-41,92],[-6,69],[-27,68],[-34,45],[-5,63],[-46,62],[-20,88],[32,0],[31,97],[56,-52]],[[139050,353454],[4,55],[-25,43],[-64,2],[-10,63],[-57,58],[29,56],[-43,52],[-38,84],[-10,81],[-62,58],[14,65],[-19,38],[-2,40],[32,20],[25,57],[43,13],[46,-80],[-37,-44],[30,-26],[12,-39],[26,-13],[11,-46],[34,-5],[4,-56],[51,-31],[54,-48],[-10,-44],[41,-10],[40,-33],[2,-47],[89,-73],[39,-5],[36,-67],[-20,-33],[9,-50],[-27,-19],[4,-52],[26,-50],[-16,-31],[-94,-18],[-21,40],[-76,71],[-46,32],[-24,-8]],[[164059,379093],[21,-30],[59,-19],[-9,-87],[82,-34],[77,-72],[14,-24],[-76,-26],[-9,-19],[-62,-25],[-30,-29],[-38,9],[-41,-28],[-24,3],[8,52],[-54,51],[-20,60],[-41,6],[-21,23],[-63,-47],[23,-25],[1,-81],[-32,15],[-19,-31],[35,-51],[-32,-15],[-25,-45],[-71,-25],[-57,29],[-59,-18],[-37,44],[-34,-4],[-61,54],[42,77],[28,-14],[38,22],[8,41],[54,-34],[0,49],[50,60],[31,-18],[32,14],[36,64],[-6,36],[46,48],[10,35],[72,12],[95,99],[17,-58],[42,-44]],[[53362,303643],[-14,-9],[-67,73],[-107,77],[-119,11],[-70,31],[-39,30],[-65,3],[-63,42],[-121,35],[-59,61],[-178,80],[-32,9],[-181,85],[-40,44],[-3,40],[-55,54],[-67,17],[-35,70],[12,17],[-16,58],[32,30],[65,4],[5,-45],[42,-20],[43,-50],[62,-53],[143,-82],[62,-28],[56,-38],[27,-3],[50,-33],[29,-3],[102,-92],[90,-46],[24,-2],[43,-42],[160,-89],[85,-35],[15,-19],[161,-71],[29,-1],[125,-52],[74,-67],[-75,-20],[-40,25],[-90,4]],[[36578,150255],[6,24],[-24,67],[-42,40],[-3,70],[-24,18],[-3,71],[-36,55],[20,103],[-18,111],[95,12],[27,-64],[69,-68],[2,-34],[30,-51],[-1,-35],[-31,-109],[31,-76],[70,-108],[18,-119],[34,-71],[51,-67],[74,-40],[46,-74],[-15,-30],[-72,29],[-71,-55],[0,-50],[57,-77],[38,-27],[-83,-47],[-48,20],[-49,-1],[-17,38],[1,77],[-25,61],[-9,64],[-87,208],[5,29],[-22,49],[6,57]],[[136768,356060],[46,27],[48,-3],[53,-32],[13,-31],[-39,-26],[-14,-35],[38,-28],[-63,-63],[-1,-63],[-22,-35],[-67,-28],[10,-45],[-16,-25],[-62,3],[6,-31],[-25,-27],[19,-83],[-90,-14],[-19,106],[-30,14],[-7,-76],[-20,1],[-48,-52],[-36,6],[28,44],[-39,33],[-73,14],[-18,38],[41,84],[25,-8],[99,74],[4,72],[-32,76],[-48,35],[-29,48],[-40,33],[7,29],[47,27],[57,-12],[24,16],[124,5],[14,-49],[47,11],[19,-52],[30,37],[39,-15]],[[151185,370355],[-5,-34],[75,-75],[-11,-54],[-44,-21],[-67,-73],[-71,49],[-89,-28],[-52,4],[-9,35],[-57,91],[-22,-51],[39,-31],[-38,-35],[-20,29],[-62,4],[-22,-39],[-74,-41],[5,-77],[-46,-21],[-73,7],[-28,25],[10,79],[-17,82],[29,42],[-33,45],[28,37],[68,22],[48,2],[70,32],[43,5],[28,43],[54,45],[26,-26],[50,22],[59,51],[45,-22],[92,57],[19,-63],[36,-17],[16,-100]],[[161049,369965],[18,50],[65,-29],[72,-20],[25,-69],[-45,-80],[-20,-62],[0,-38],[-49,-70],[-6,-45],[-51,-71],[-30,-78],[-25,-88],[-45,-57],[-29,-17],[-80,-16],[-80,13],[-72,-6],[-19,35],[-44,28],[-20,60],[3,41],[37,92],[65,60],[89,47],[130,172],[10,66],[67,72],[34,10]],[[167801,381619],[25,-35],[-11,-33],[81,-100],[-3,-57],[-60,-4],[-21,-30],[119,-18],[19,-60],[47,-93],[-49,-39],[2,-69],[-44,-63],[27,-31],[147,-1],[48,-11],[49,-64],[55,-46],[-8,-51],[-37,-53],[-57,37],[-54,6],[-26,-16],[-83,17],[-97,60],[-56,-43],[-43,-1],[-60,61],[-14,60],[18,134],[-4,36],[-81,96],[-3,47],[-82,25],[84,59],[-60,7],[-22,28],[3,36],[56,-4],[-4,62],[97,76],[36,72],[75,57],[-9,-54]],[[140222,358121],[-10,34],[-67,43],[-62,-20],[-13,13],[0,84],[25,50],[81,17],[-30,61],[52,-21],[30,2],[14,40],[64,-20],[41,12],[16,-23],[63,7],[62,-42],[-46,-24],[95,-38],[82,-60],[-92,-15],[20,-35],[45,-21],[43,-52],[-18,-37],[29,-49],[50,-31],[96,-36],[56,20],[50,-24],[62,-13],[50,-37],[56,3],[21,-23],[73,-28],[-61,-42],[-36,18],[-50,0],[-113,53],[-116,9],[-49,-2],[-64,-44],[-4,-66],[70,-56],[45,-2],[68,-29],[16,-23],[-41,-47],[38,-14],[8,-26],[-92,-30],[1,-65],[-30,-43],[-44,-1],[-56,45],[-39,15],[-30,34],[34,54],[-41,96],[-58,63],[-24,75],[8,40],[-24,57],[11,46],[27,7],[-53,67],[-34,26],[-53,-2],[-82,20],[-22,-6],[-48,36]],[[21199,282583],[-58,129],[-31,53],[-88,116],[-2,56],[36,41],[37,103],[56,43],[111,-53],[48,-8],[73,8],[39,-31],[56,-10],[34,-58],[37,-17],[-28,-55],[21,-69],[-22,-82],[24,-50],[32,-26],[19,-122],[25,-87],[-8,-29],[-49,-40],[-34,-12],[-22,-40],[18,-61],[-7,-28],[-56,-13],[-45,45],[-18,71],[-34,26],[-56,84],[-108,116]],[[170330,380953],[-34,33],[-9,106],[-14,72],[31,61],[-3,63],[73,30],[43,35],[-49,41],[-22,60],[34,40],[25,76],[0,53],[-46,114],[22,73],[26,-3],[25,57],[48,19],[75,-25],[39,6],[63,-47],[49,20],[74,-63],[9,-31],[-10,-45],[-48,-33],[-62,2],[-25,-41],[-54,10],[8,-44],[54,-68],[-14,-13],[1,-79],[20,-41],[54,7],[16,-19],[-16,-68],[51,-1],[12,48],[30,6],[10,-49],[-86,-49],[48,-24],[15,-32],[-66,-91],[-88,-18],[-29,-17],[-64,-93],[-42,8],[-71,-12],[-103,-34]],[[49042,301328],[68,28],[25,26],[4,114],[64,7],[10,34],[45,36],[-2,32],[25,24],[31,-13],[57,24],[82,100],[59,-7],[45,55],[29,2],[23,-58],[105,47],[-8,37],[34,65],[88,30],[65,74],[63,-28],[6,-115],[-33,-13],[-32,51],[-50,-30],[-24,-33],[40,-22],[22,-38],[-8,-47],[-42,-9],[-104,-68],[-22,-33],[-71,-34],[-13,-33],[-62,-45],[-32,-68],[-1,-60],[-44,-78],[-36,-94],[-40,-36],[-80,-16],[-5,-21],[-160,49],[-12,-30],[-126,-32],[-66,8],[-6,37],[37,28],[13,51],[-99,-40],[15,71],[37,8],[38,53],[48,10]],[[155234,361794],[-34,-32],[-31,28],[-66,26],[-33,-36],[-47,-3],[-92,-40],[-33,-35],[5,-45],[-49,-43],[-44,6],[-65,-40],[-66,14],[-43,-8],[-59,33],[-39,-31],[-26,31],[58,124],[73,98],[65,148],[98,37],[99,54],[41,2],[28,34],[54,35],[56,21],[-52,62],[36,86],[65,3],[36,-71],[28,7],[20,48],[70,31],[28,45],[37,4],[24,-50],[-6,-34],[-49,-48],[-35,-79],[65,14],[26,-31],[-20,-91],[-40,-34],[-9,-49],[-51,-41],[-11,-25],[26,-38],[-56,-32],[18,-55]],[[34681,152984],[13,-8],[153,29],[47,-30],[-28,-46],[54,-88],[68,-23],[97,-3],[11,-23],[-36,-29],[-35,-58],[-25,-16],[-65,4],[-74,-27],[-74,4],[-46,-14],[-23,-42],[21,-21],[-36,-45],[-7,-49],[-28,0],[-85,50],[0,62],[-31,31],[-132,40],[-40,0],[-67,-28],[-42,-46],[-51,10],[-52,-20],[-36,28],[-77,23],[-88,-17],[-31,-30],[-13,-41],[-74,-15],[-56,9],[-7,-25],[-46,-16],[-41,12],[-48,-16],[3,54],[92,82],[54,15],[33,-15],[74,25],[41,-15],[69,16],[30,44],[75,29],[29,91],[26,8],[55,59],[56,27],[44,5],[34,34],[44,8],[60,35],[67,-25],[41,3],[28,-31],[75,25]],[[174170,383525],[1,-72],[-36,-56],[5,-34],[-34,-85],[3,-24],[39,-23],[38,-1],[40,-27],[67,-4],[24,43],[42,42],[72,-86],[2,-30],[65,-14],[83,-41],[49,-55],[31,-73],[14,-59],[-7,-59],[-45,-62],[-42,-9],[-46,24],[-102,114],[-34,5],[-35,-19],[-23,-114],[6,-38],[-6,-115],[14,-48],[-51,-13],[-32,20],[-12,34],[-51,16],[4,29],[-48,33],[-35,-6],[-73,33],[-40,54],[-40,-1],[-14,25],[37,104],[28,22],[-28,97],[-31,20],[-73,11],[-42,34],[3,65],[25,32],[38,9],[31,41],[-31,75],[-49,81],[65,36],[46,0],[188,69]],[[48914,300112],[-38,-63],[4,-107],[17,-6],[59,65],[75,60],[-18,30],[32,67],[71,12],[99,-23],[54,37],[67,-3],[35,51],[0,23],[58,18],[19,24],[38,-3],[48,-32],[63,-64],[-18,-56],[-128,-177],[-43,-28],[-78,-79],[-33,-19],[-78,-69],[-41,-21],[-75,-19],[-81,-101],[-54,-38],[-48,-3],[-37,-24],[-43,-2],[-59,-21],[-70,10],[-49,-17],[-39,29],[25,41],[119,105],[61,19],[-74,24],[-27,79],[-59,16],[-48,-1],[-18,42],[46,48],[21,123],[56,25],[11,19],[50,-1],[92,38],[36,-28]],[[144327,359142],[-34,-6],[-62,14],[-125,117],[-8,28],[-43,-14],[-42,43],[-23,41],[-119,85],[-82,34],[2,36],[-62,11],[-19,34],[-87,6],[-54,24],[-17,30],[-36,-16],[-40,28],[-79,26],[-120,-11],[-40,65],[47,23],[93,-1],[28,-13],[72,7],[66,-32],[-30,61],[18,17],[55,-5],[113,-26],[171,-54],[-19,-45],[76,27],[81,-49],[51,16],[6,-39],[47,-22],[62,8],[54,-34],[63,17],[68,-33],[109,-18],[8,53],[55,46],[-11,27],[-50,6],[15,44],[42,-1],[74,-41],[24,22],[44,-64],[-11,-30],[-54,3],[-24,-37],[24,-28],[33,6],[16,-38],[-46,-12],[-39,-42],[43,-55],[36,-17],[17,31],[42,-65],[7,-72],[-31,13],[-57,-70],[-79,21],[1,-32],[78,-45],[32,-31],[-28,-37],[-90,53],[-46,35],[-58,64],[-35,21],[-28,-23],[-84,0],[-19,-16],[83,-52],[-25,-17]],[[181238,388529],[29,-84],[-33,-1],[-45,-48],[-40,14],[-51,46],[-50,18],[-43,-27],[-28,-38],[-92,-3],[-31,68],[-39,51],[-58,59],[-21,88],[43,76],[15,45],[-33,61],[0,48],[78,-8],[128,41],[58,-12],[58,-76],[37,-12],[66,4],[33,31],[72,5],[65,-8],[133,-52],[47,-48],[54,-38],[102,-52],[47,-9],[81,9],[39,14],[36,-8],[-2,-49],[57,-47],[27,6],[17,-44],[31,-5],[17,49],[78,36],[41,-19],[39,7],[-6,-86],[72,-53],[24,-51],[-27,-45],[-49,-30],[-28,1],[-48,-31],[-28,36],[-45,20],[-13,26],[-53,40],[-35,74],[-56,5],[-102,-23],[-98,0],[-29,-25],[-44,9],[-69,-10],[-28,-18],[-46,-2],[-14,21],[46,26],[62,-1],[26,19],[2,34],[-25,45],[-56,20],[-18,-19],[1,-42],[-57,4],[-18,-13],[-46,54],[-18,-50],[-37,16],[-21,30],[-81,-69]],[[158192,371077],[9,38],[-20,26],[29,53],[51,-20],[-21,-30],[14,-25],[60,-10],[44,-47],[26,19],[25,-58],[33,20],[43,-17],[3,57],[20,16],[59,-17],[34,-28],[30,-53],[85,-6],[46,-24],[14,-52],[70,-78],[-20,-87],[-67,-54],[-5,-50],[-22,-49],[-57,34],[13,-56],[-54,-50],[-70,0],[-60,-70],[-59,16],[-22,-53],[-144,-69],[1,-51],[-48,-24],[25,-37],[-66,4],[-100,69],[-58,59],[-34,12],[-39,51],[15,82],[54,74],[-46,100],[2,93],[24,35],[35,-19],[48,33],[42,100],[-14,47],[24,78],[48,18]],[[48292,301208],[54,-16],[45,37],[45,2],[1,-83],[-100,-143],[-59,-18],[-27,37],[-132,-26],[-24,41],[-48,-22],[-51,40],[-34,-36],[-52,-22],[-37,29],[-67,-38],[-74,-8],[-27,25],[-46,-19],[-45,39],[-96,39],[-84,-37],[-108,85],[-28,2],[-35,-46],[-74,1],[-45,59],[21,56],[0,44],[92,34],[75,72],[-15,68],[49,31],[17,-23],[65,51],[14,-43],[50,-13],[111,48],[2,-22],[49,-9],[51,25],[11,37],[69,6],[26,-69],[-35,-72],[34,-58],[77,-34],[84,0],[66,24],[7,53],[32,33],[-3,41],[24,39],[103,88],[6,22],[-38,39],[11,30],[54,-3],[70,56],[24,-106],[-38,-16],[-16,-38],[23,-35],[49,-27],[40,14],[18,56],[41,4],[44,49],[69,-3],[21,-23],[-22,-39],[43,-23],[48,77],[35,-3],[46,22],[-1,-70],[18,-34],[-69,-28],[-56,8],[-25,-17],[-5,-56],[35,-47],[-30,-11],[-88,88],[-50,3],[-17,19],[-46,0],[-29,-41],[-26,-5],[-22,-50],[21,-57],[-57,-31],[-9,-53]],[[51941,302528],[-1,71],[21,13],[4,51],[50,64],[36,26],[8,50],[48,75],[10,59],[32,65],[57,34],[39,43],[2,32],[38,72],[14,50],[57,34],[38,42],[29,10],[38,41],[63,26],[66,14],[47,51],[81,113],[27,-36],[-33,-18],[-12,-57],[33,-7],[9,-30],[-15,-56],[-83,-60],[-47,-106],[-4,-57],[-65,-33],[-59,27],[-28,-52],[-2,-45],[56,-58],[62,42],[-14,-120],[5,-86],[-124,-95],[46,-18],[29,-63],[57,31],[21,37],[43,17],[35,49],[56,31],[40,-31],[-51,-104],[-4,-40],[-41,-62],[-2,-39],[-30,-37],[-23,-59],[-42,-9],[-22,-37],[-56,-45],[-66,22],[-29,66],[-23,3],[-51,-30],[-41,-2],[-99,-40],[-66,-36],[-41,-1],[-7,41],[-34,8],[-61,-14],[-52,-42],[-24,40],[-57,-6],[53,111],[-25,24],[84,46]],[[159638,373793],[-9,61],[-22,27],[-42,14],[17,80],[48,24],[9,45],[-82,74],[-48,-4],[-26,-54],[-53,-2],[-47,50],[26,54],[65,79],[49,-6],[75,9],[-28,39],[5,37],[88,28],[-1,39],[33,43],[-56,13],[-62,-19],[-30,-30],[-57,-29],[-57,31],[3,-57],[-67,-63],[-35,-52],[-40,25],[22,28],[-17,58],[-51,-74],[-9,-84],[-69,-60],[-15,24],[11,54],[25,36],[-31,97],[-51,6],[10,50],[65,15],[14,29],[-11,54],[-41,-19],[-10,31],[45,13],[38,49],[33,22],[-5,64],[51,-16],[50,58],[28,-3],[22,-36],[-9,-71],[-22,-24],[22,-45],[46,-3],[47,27],[49,-18],[48,6],[101,48],[29,84],[-10,25],[17,107],[97,57],[-11,34],[-49,50],[-71,15],[-27,-6],[1,71],[-12,37],[-39,56],[38,92],[77,-21],[53,-54],[-41,-37],[27,-59],[22,-79],[49,-35],[-16,-24],[48,-29],[35,21],[27,-15],[-9,-47],[12,-44],[-47,-81],[57,-52],[52,16],[39,-20],[-75,-57],[-24,-37],[-15,-78],[47,-59],[20,-40],[-3,-35],[-55,-50],[-2,-23],[-49,-68],[-40,-37],[-20,-51],[17,-27],[76,52],[23,-32],[-23,-39],[5,-64],[26,-7],[46,64],[6,44],[31,36],[77,3],[17,21],[44,-12],[32,-44],[-94,-53],[-20,-33],[-41,-29],[-16,-41],[11,-58],[30,-53],[39,-17],[95,2],[2,-46],[-83,-66],[-63,-90],[-51,14],[3,-45],[-40,-31],[-28,7],[3,71],[34,44],[-48,4],[-51,25],[-13,47],[-25,12],[-37,-61],[-31,-9],[-52,47],[13,40],[-35,44],[-53,-19]],[[2728,245330],[0,52],[-21,45],[2,85],[19,102],[-13,54],[5,140],[15,38],[5,88],[18,40],[-5,41],[26,72],[40,56],[13,66],[28,38],[23,59],[-7,65],[36,102],[4,230],[24,42],[3,49],[28,60],[66,72],[22,37],[42,180],[84,30],[7,-90],[-12,-50],[45,-48],[1,-37],[27,-26],[-15,-65],[26,-31],[-24,-19],[-14,-54],[-4,-103],[29,-46],[-5,-73],[-36,-56],[7,-49],[-28,-41],[-2,-45],[-25,-65],[4,-45],[-61,-115],[-36,-34],[-25,-81],[-41,-54],[28,-26],[-28,-47],[-8,-55],[-58,-56],[-51,-85],[20,-59],[-12,-44],[33,-38],[-11,-40],[26,-48],[-5,-112],[-10,-50],[10,-51],[-9,-56],[23,-16],[0,-94],[-25,-57],[36,-65],[51,-29],[33,3],[-3,-90],[-97,-112],[-48,-32],[-71,-80],[-18,-51],[15,-21],[-51,-47],[-30,-51],[27,-26],[-4,-42],[-46,-39],[15,-31],[-95,-82],[1,95],[25,74],[-2,116],[40,76],[-10,116],[23,41],[-17,46],[25,60],[2,41],[46,113],[15,77],[-32,126],[-13,93],[-15,39]],[[163107,373523],[8,-53],[-9,-42],[-23,-29],[-3,-70],[70,-41],[62,14],[32,90],[23,8],[24,-51],[93,70],[52,7],[9,-62],[45,-17],[45,3],[63,-17],[10,-27],[109,31],[53,-8],[25,-21],[22,-51],[-1,-99],[-23,-31],[11,-47],[-57,-72],[-35,-62],[-54,-34],[-5,-25],[67,-1],[32,28],[38,-34],[-90,-35],[-45,-30],[-32,-3],[-88,-56],[-44,-9],[-35,-43],[-80,-41],[-20,-56],[-119,-36],[-121,26],[-42,-9],[-52,31],[-4,47],[-34,14],[6,46],[-31,17],[-1,83],[29,27],[90,52],[-40,47],[-22,45],[6,35],[-14,48],[15,33],[51,26],[-13,22],[-55,-34],[-77,13],[-42,37],[8,35],[-10,90],[-39,22],[-82,24],[-37,64],[-5,32],[24,21],[-9,58],[-28,41],[-45,22],[4,47],[36,26],[32,-37],[36,-81],[58,8],[16,25],[-20,51],[-34,49],[65,75],[-27,25],[-3,63],[23,13],[44,-14],[22,44],[47,30],[25,-65],[-36,-47],[50,-53],[53,-20],[-14,-65],[54,-59],[25,-51],[-12,-27]],[[152468,369979],[-39,-31],[-18,-59],[-56,39],[-13,27],[-40,4],[-40,-15],[-57,1],[-21,30],[-59,16],[5,31],[-42,72],[-89,49],[6,52],[49,41],[40,91],[50,18],[25,28],[51,14],[23,-19],[-27,-106],[4,-69],[78,-28],[26,0],[-11,68],[-18,40],[44,136],[31,24],[43,-1],[56,20],[36,-39],[21,25],[56,-10],[74,44],[31,-42],[69,-22],[15,29],[42,27],[41,0],[17,46],[102,98],[15,67],[4,66],[87,62],[17,27],[128,-2],[42,23],[15,50],[42,17],[27,-40],[8,-59],[85,-40],[21,-69],[45,-28],[-46,-137],[-53,25],[-42,-5],[13,-65],[41,-77],[-8,-87],[15,-69],[35,7],[46,52],[31,-12],[57,-86],[-81,-38],[-10,-41],[-60,-40],[-50,8],[-69,-25],[6,-24],[-35,-26],[-5,-29],[-41,5],[-32,-38],[-56,7],[17,66],[68,63],[-4,11],[-157,-59],[-25,-15],[-62,5],[17,57],[51,53],[-41,58],[-39,-13],[-45,31],[7,41],[-49,60],[-7,-65],[-23,-64],[-31,-27],[-45,-85],[-85,-2],[-17,-68],[44,-51],[-9,-22],[-44,-11],[-9,-61],[-40,5],[-70,-13],[-14,29],[2,68],[-13,29],[-74,-28]],[[2420,241748],[17,-38],[-27,-56],[-30,0],[-53,-29],[-50,-48],[-15,-38],[13,-82],[-15,-50],[6,-50],[-32,-43],[-17,-105],[23,-26],[15,-71],[-8,-93],[-25,-53],[10,-73],[-7,-33],[-40,-39],[-33,-57],[4,-147],[-27,-51],[6,-68],[-60,-64],[-25,10],[-1,60],[-16,90],[-7,134],[-21,40],[-38,122],[5,82],[38,85],[5,35],[67,81],[33,88],[-6,29],[51,92],[12,49],[40,54],[8,92],[35,149],[1,120],[24,78],[-11,135],[15,67],[-10,31],[10,149],[27,102],[-12,169],[-38,105],[-4,134],[-38,113],[8,47],[-19,25],[18,43],[-10,32],[43,26],[9,46],[-16,42],[16,47],[55,79],[7,34],[57,67],[15,143],[42,61],[70,69],[28,-12],[36,48],[27,82],[5,64],[-4,92],[13,24],[-9,92],[28,0],[11,-78],[-10,-34],[13,-58],[51,-26],[4,-60],[-46,-73],[8,-74],[-12,-35],[-47,-61],[33,-15],[-2,-62],[24,-46],[12,-82],[79,-172],[-48,-106],[-52,-46],[-16,-49],[9,-128],[-41,-170],[-50,-85],[-35,-25],[12,-55],[-20,-188],[31,-32],[-17,-126],[-15,-61],[-25,-13],[-5,-42],[-37,-35],[-9,-63],[-33,-76],[18,-51],[-3,-105]],[[13255,232800],[10,13],[-36,130],[44,-4],[14,-26],[1,-68],[-14,-59],[18,-95],[-3,-46],[10,-98],[18,-69],[-12,-42],[2,-90],[-30,-47],[-103,9],[-43,-16],[-119,51],[-101,25],[-150,70],[-73,109],[-78,36],[-36,49],[-82,35],[-21,22],[26,44],[50,-10],[58,-37],[68,13],[-43,39],[-66,23],[-49,60],[4,33],[-40,33],[-68,81],[13,13],[-8,175],[-8,23],[16,64],[-3,77],[-35,40],[53,71],[45,29],[36,1],[35,-28],[63,65],[35,15],[23,38],[94,9],[62,-25],[55,-69],[41,3],[66,-66],[93,-54],[72,-14],[13,-79],[28,-31],[-5,-52],[22,-93],[-27,-10],[4,-77],[30,-145],[31,-48]],[[202525,372074],[-74,37],[-103,32],[-6,63],[-26,46],[-59,66],[10,41],[-11,89],[-15,35],[-33,25],[-23,86],[19,59],[-4,57],[28,48],[44,22],[46,77],[17,76],[-37,112],[0,50],[31,28],[19,141],[28,84],[-3,72],[-35,78],[-37,49],[21,46],[1,52],[69,0],[23,-29],[67,-53],[128,-6],[65,-37],[37,-39],[28,-51],[-11,-52],[-6,-123],[29,-139],[57,-145],[35,-62],[104,-123],[136,-112],[108,-47],[95,-78],[52,-83],[17,-144],[-47,-84],[-53,-182],[-8,-86],[18,-136],[44,-136],[1,-25],[-37,-19],[-115,74],[-202,155],[-118,71],[-141,63],[-173,57]],[[162531,378757],[-27,81],[20,20],[19,72],[-34,-13],[-57,40],[-97,22],[-34,44],[-28,-7],[-6,-45],[-26,-34],[2,-54],[-46,-9],[-34,-47],[-37,31],[28,65],[-85,31],[10,50],[-116,34],[59,30],[-7,79],[30,19],[-49,40],[48,33],[-17,16],[9,61],[-34,88],[30,63],[-37,105],[31,2],[0,58],[-21,21],[19,95],[-37,24],[-9,38],[37,15],[55,-5],[-49,96],[-22,94],[26,19],[-21,56],[57,5],[17,-29],[83,-52],[83,4],[34,29],[22,-17],[-5,-49],[27,-37],[82,31],[47,61],[32,-17],[86,-139],[-8,-106],[45,46],[20,36],[46,-38],[70,17],[-97,49],[-16,46],[-53,13],[16,106],[-41,12],[-18,67],[54,11],[-3,44],[62,-18],[-11,65],[4,69],[40,21],[84,27],[-76,20],[-102,44],[-45,-88],[-51,-10],[-36,98],[24,16],[-13,37],[0,55],[-49,1],[-100,98],[-20,38],[36,32],[-14,56],[61,114],[38,5],[14,26],[36,-5],[46,94],[27,-7],[35,29],[28,47],[56,-7],[38,21],[83,-59],[1,35],[-37,11],[-6,65],[37,-11],[29,-37],[41,-12],[14,25],[-66,76],[-16,69],[-45,10],[37,62],[56,13],[5,-46],[46,29],[40,91],[4,81],[28,-18],[1,-61],[41,-5],[14,-46],[40,-19],[56,-3],[70,-109],[26,-58],[-11,-67],[92,-98],[36,17],[74,-29],[66,-65],[38,-60],[-25,-59],[91,7],[42,-34],[-10,-32],[-63,15],[1,-34],[-54,-44],[9,-22],[60,-53],[8,-35],[-7,-86],[-15,-41],[-37,-27],[23,-21],[-25,-43],[-45,34],[-20,-48],[40,-34],[-16,-73],[-74,-84],[13,-48],[-31,-47],[-32,-2],[-40,-57],[-28,40],[-42,13],[-21,-22],[-40,5],[-5,-40],[24,-65],[-22,-19],[13,-42],[53,-58],[53,9],[45,64],[9,39],[59,-20],[17,-50],[-16,-28],[61,-100],[-27,-28],[15,-38],[57,-55],[-56,0],[-59,-32],[19,-28],[32,11],[54,-90],[43,8],[65,-19],[-25,-56],[0,-57],[-33,-22],[-37,3],[-21,-45],[-42,-2],[-45,-28],[-32,95],[-68,1],[-17,-33],[-76,-25],[10,-26],[39,-15],[-48,-63],[-3,-56],[12,-37],[-13,-54],[-43,-38],[-63,16],[-14,31],[-52,50],[-50,69],[-37,-73],[-51,-36],[-12,-27],[-39,0],[-33,-20],[-11,-32],[-61,-46],[10,-109],[23,-47],[-27,-64],[-62,-28],[-92,56],[-51,2],[-11,49]],[[154195,368976],[-5,-18],[-89,97],[38,77],[0,37],[-21,39],[16,42],[-72,-21],[13,-42],[-74,-35],[-101,3],[-50,-94],[45,-29],[-25,-46],[58,-53],[-18,-37],[-34,18],[-74,-11],[-15,-20],[-47,24],[-49,9],[-67,-13],[-1,22],[73,21],[46,65],[-18,26],[19,59],[55,5],[33,62],[-1,57],[-31,39],[46,70],[-11,59],[21,50],[-55,12],[-47,-62],[0,-55],[-36,-36],[-56,2],[-61,69],[-29,-5],[-13,90],[21,39],[12,76],[34,12],[111,-28],[38,20],[-11,104],[23,6],[78,-52],[51,7],[55,-75],[-31,-27],[47,-22],[37,51],[-10,32],[-68,44],[-56,79],[-36,23],[-18,56],[-2,78],[13,34],[80,63],[42,24],[45,-31],[35,-7],[21,-34],[38,21],[49,-23],[-32,-69],[-24,-21],[0,-41],[63,-16],[30,58],[24,19],[101,-22],[-8,25],[-77,41],[-30,-3],[-23,78],[-44,0],[-46,45],[-2,60],[-14,19],[-8,68],[41,17],[93,-21],[57,27],[12,-46],[42,-13],[38,35],[70,-3],[15,45],[-69,-6],[-1,50],[-71,-14],[-27,18],[-54,-31],[-63,-7],[-56,31],[34,54],[-28,20],[-40,-65],[-33,17],[-31,44],[26,56],[61,10],[21,57],[37,26],[11,45],[44,17],[41,-5],[44,14],[23,38],[96,4],[-17,-81],[48,40],[9,56],[19,29],[119,-39],[44,-53],[-5,82],[-31,14],[10,38],[67,46],[6,39],[39,24],[45,-41],[29,97],[53,43],[15,38],[57,41],[67,30],[17,-13],[54,8],[-26,-54],[-90,-49],[-59,2],[48,-106],[35,-16],[48,-52],[0,-51],[-47,-44],[38,-20],[-11,-32],[26,-32],[-7,-97],[-27,-45],[33,-48],[-14,-44],[-50,17],[-35,-72],[22,-26],[-53,-17],[22,-60],[-34,-59],[23,-53],[93,-10],[27,67],[35,25],[18,-29],[92,54],[31,-30],[43,2],[59,-43],[-35,-28],[-3,-91],[23,-23],[-4,-81],[9,-46],[-25,-23],[5,-40],[-29,-44],[63,-15],[19,16],[56,-4],[48,60],[43,3],[59,-35],[22,-44],[3,-74],[62,-58],[19,-56],[34,23],[51,-36],[2,-18],[63,-143],[-3,-61],[-85,-27],[1,-45],[43,-58],[84,-51],[136,-47],[99,22],[61,-22],[37,0],[8,-35],[-71,-46],[-89,-41],[-27,-52],[-45,6],[-31,-22],[-23,-41],[-98,-33],[-26,14],[-58,-68],[-18,-52],[-56,-28],[-14,30],[3,50],[-60,7],[-30,-27],[-91,-53],[-72,-4],[-35,-14],[-66,-67],[-124,-20],[-42,-22],[-29,-68],[-72,-29],[-15,25],[-70,-31],[-39,4],[-83,-37],[-84,15],[-121,-21],[-79,9],[-67,-18],[-4,27],[48,40],[-11,29],[-56,62],[-44,-55],[-26,-9],[-76,62],[15,40],[49,22],[24,34],[-49,13],[-14,22],[49,21],[76,98],[73,12],[12,-38],[67,-6],[31,40],[46,-53],[14,47],[-34,54],[34,17],[50,73],[34,27],[21,-13],[36,42],[46,36],[34,-2],[21,40],[-45,3],[-11,25],[29,31],[45,1],[37,33],[23,-16],[31,28],[-3,28],[42,28],[68,22],[37,-22],[103,23],[35,30],[-11,31],[40,62],[-41,4],[-16,-32],[-49,8],[-69,-38],[-71,-24],[-26,34],[-39,16],[5,-57],[-32,-54],[-55,-6],[-49,-50],[-49,-19],[-94,18],[-15,83],[16,55],[2,55],[-22,31],[-22,62],[-32,-83],[-33,3],[-35,-67],[-67,74],[-1,48],[-39,63],[-20,-43],[30,-23],[2,-35],[-52,-23],[42,-46],[-59,3],[-11,-39],[130,1],[42,-33],[-28,-55],[-32,11],[-56,-46],[-41,50],[-23,-29],[-36,1],[3,54],[-61,-19],[25,-57],[-33,-44],[14,-40],[-57,-2],[15,-78],[-33,-5],[-37,21]],[[31941,298496],[51,86],[-11,47],[38,45],[71,43],[35,48],[23,6],[23,69],[53,24],[35,35],[27,90],[62,36],[18,45],[-12,68],[32,70],[66,66],[92,21],[107,59],[84,80],[115,161],[45,90],[13,51],[43,39],[8,41],[38,20],[27,53],[39,6],[11,37],[65,35],[34,74],[12,50],[43,82],[45,64],[41,10],[69,113],[80,55],[68,-6],[35,-32],[55,-11],[94,-46],[83,-19],[32,-36],[53,-35],[-27,-39],[-27,-68],[-56,-9],[-8,-47],[27,-50],[55,-3],[3,-63],[-40,-25],[-8,-27],[19,-58],[72,-61],[-7,-69],[37,-60],[59,-16],[30,-104],[-64,-53],[-11,-61],[55,-32],[-40,-98],[-10,-73],[57,-73],[-90,-45],[-20,-55],[5,-30],[40,-36],[-32,-45],[-53,-51],[-19,-53],[-72,-75],[-32,-75],[-7,-42],[-37,-64],[-72,-214],[10,-66],[-53,-24],[-15,-44],[-41,21],[-103,-8],[-56,-27],[-37,-38],[-45,-84],[-23,-129],[12,-32],[34,-12],[-28,-77],[-58,-44],[-72,13],[-37,-17],[-20,-39],[12,-47],[-65,-7],[-72,-52],[-14,-86],[-53,-27],[-30,11],[-69,-23],[-51,-1],[-18,-40],[-62,-46],[-13,56],[-50,43],[-3,29],[19,61],[-35,89],[-45,31],[-114,54],[-80,24],[-94,-2],[-83,-25],[-64,-7],[-48,-67],[-86,-6],[-31,-23],[4,-40],[70,-1],[45,29],[54,3],[-13,-66],[-28,-38],[-11,-46],[-50,-44],[-62,-12],[11,62],[-7,52],[-40,63],[-22,54],[-119,67],[-12,108],[16,28],[-13,51],[12,91],[31,78],[25,99],[82,144],[33,76],[6,50]],[[1215,237258],[8,-22],[-40,-57],[-33,-77],[-1,-54],[-25,-41],[11,-100],[65,-106],[-33,-79],[8,-43],[32,-66],[48,-43],[26,-44],[12,-61],[-7,-55],[44,-52],[28,14],[14,-83],[46,-124],[27,-104],[64,-90],[58,-36],[-12,-51],[6,-144],[64,-62],[-9,-59],[18,-94],[-2,-44],[63,-196],[33,-49],[-2,-94],[31,-87],[14,-72],[-2,-52],[33,-67],[19,-70],[38,-27],[8,-37],[76,-65],[53,-59],[-75,-58],[-20,-31],[6,-81],[51,-35],[-5,-61],[41,-78],[49,-7],[-25,-78],[13,-81],[41,-57],[0,-61],[49,-61],[43,-36],[11,-50],[58,-47],[35,3],[23,-40],[53,-36],[-4,-91],[40,-184],[34,-51],[52,-49],[-4,-44],[16,-60],[43,-30],[25,-49],[-10,-41],[41,-45],[-21,-83],[17,-20],[-30,-53],[-34,-101],[-7,-69],[8,-56],[28,-49],[124,-113],[96,-32],[43,40],[119,-84],[88,-20],[33,24],[47,7],[38,-31],[-9,-61],[-37,-45],[-54,8],[-89,-41],[-46,-45],[42,-86],[-26,-29],[-82,-44],[-68,-64],[-24,-44],[24,-150],[35,-32],[26,-77],[-16,-201],[29,-65],[38,-191],[53,-9],[25,37],[116,-22],[60,50],[24,54],[-10,56],[-35,58],[-36,25],[-31,84],[23,58],[-8,72],[72,15],[88,-40],[33,25],[46,-24],[-25,-46],[5,-64],[-34,-47],[-10,-71],[30,-54],[-7,-44],[18,-40],[6,-104],[45,-44],[82,-48],[17,-29],[81,-71],[56,-24],[42,9],[35,-72],[86,-27],[43,5],[2,-72],[-35,-60],[13,-39],[28,-19],[-28,-84],[23,-79],[48,-66],[75,-50],[43,29],[46,0],[2,-57],[-18,-22],[3,-47],[43,-83],[-30,-73],[55,-57],[15,-49],[46,-57],[40,-94],[0,-37],[-34,-25],[9,-41],[46,-10],[45,-59],[-7,-132],[27,-63],[-27,-11],[-20,44],[-62,-4],[-28,-16],[33,-82],[43,-15],[44,-59],[-19,-81],[-76,19],[-77,-30],[0,-149],[27,-15],[43,-70],[-6,-43],[-38,-14],[-87,-81],[-15,-47],[10,-28],[-33,-50],[-37,30],[-18,85],[4,53],[-37,135],[-3,43],[-91,65],[-117,91],[-89,43],[-92,10],[-51,88],[-45,133],[-26,105],[-43,80],[-5,42],[-35,52],[-16,82],[-20,29],[-33,92],[-15,94],[-38,86],[-75,93],[-46,99],[-95,114],[-46,81],[-74,60],[-37,52],[-73,75],[-103,120],[-37,65],[-154,159],[-128,116],[-165,175],[-110,86],[-105,105],[-96,112],[-29,43],[-52,20],[-23,48],[-6,50],[-72,109],[-12,54],[-56,71],[-3,29],[-62,124],[-41,118],[-6,89],[-42,109],[-5,86],[-13,33],[-103,152],[-201,223],[-43,62],[-56,100],[-29,33],[-100,137],[-30,69],[-41,31],[-51,61],[-59,116],[-21,11],[-8,72],[43,11],[52,45],[35,14],[27,117],[-13,47],[30,23],[-9,121],[-36,72],[-61,71],[-9,88],[-16,65],[-25,26],[6,74],[-58,83],[-88,103],[-8,73],[-25,75],[-31,56],[-33,34],[-22,106],[-28,27],[-1,35],[-52,128],[-6,75],[-50,81],[-24,64],[-49,41],[-52,21],[4,46],[-21,42],[2,41],[-37,131],[-9,105],[-31,60],[18,46],[-4,86],[-19,52],[-13,93],[37,101],[3,89],[41,24],[4,73],[17,25],[-18,120],[31,105],[-14,102],[10,47],[-17,90],[17,41],[68,31],[25,80],[43,34],[4,26],[86,54],[22,66],[64,50],[48,52],[24,57],[38,22],[30,69],[96,45],[15,-2],[74,-69],[18,-40],[66,-52],[38,-57],[107,-32],[76,-9],[76,3],[96,26],[58,-8],[38,16],[30,-18],[-7,-32],[-40,-56],[-72,-77],[-17,-66]],[[470971,17971],[25,31],[48,-30],[-16,-29],[-57,28]],[[464791,9281],[56,37],[35,-26],[-91,-11]],[[467482,44248],[12,33],[56,-24],[-41,-26],[-27,17]],[[464753,48319],[-13,38],[55,8],[8,-48],[-50,2]],[[453516,2809],[-13,-53],[-45,7],[58,46]],[[422338,43841],[-32,-56]],[[422306,43785],[-9,36],[41,20]],[[455189,54898],[24,71],[51,-63],[-49,-26],[-26,18]],[[471615,49215],[-7,40],[76,-8],[-17,-42],[-52,10]],[[422729,41319],[-34,3],[-51,49],[54,3],[31,-55]],[[453474,58956],[28,73],[34,-5],[-30,-56],[-32,-12]],[[423898,40750],[-17,40],[51,56],[33,-12],[-12,-39],[-55,-45]],[[444952,2699],[51,-1],[-14,-52],[-60,8],[23,45]],[[459648,12595],[-101,25],[32,28],[93,-25],[-24,-28]],[[463948,49704],[-49,-17],[-77,-5],[63,69],[63,-47]],[[430815,20173],[-16,34],[29,37],[76,-18],[-25,-48],[-64,-5]],[[466518,18454],[0,63],[51,38],[35,-44],[-86,-57]],[[454055,5223],[-42,23],[48,30],[64,6],[5,-51],[-75,-8]],[[458502,55930],[55,30],[40,-22],[4,-32],[-81,0],[-18,24]],[[456533,5466],[-140,22],[20,34],[58,8],[38,-13],[24,-51]],[[463867,49897],[-13,-29],[-83,1],[2,55],[63,26],[31,-53]],[[462531,52744],[-41,19],[56,28],[81,11],[38,-24],[-42,-30],[-92,-4]],[[471601,49350],[61,27],[-34,-70],[-71,9],[-48,23],[46,51],[46,-40]],[[465378,47454],[-1,-110],[-36,-23],[-32,60],[34,20],[-3,56],[38,-3]],[[439724,4132],[13,53],[73,33],[19,-23],[-47,-26],[22,-44],[-16,-24],[-64,31]],[[423128,40830],[17,64],[58,-16],[12,-100],[-62,12],[-25,40]],[[462431,7840],[-8,37],[29,69],[54,-53],[-2,-39],[-31,-46],[-42,32]],[[455361,5854],[108,73],[24,-14],[-15,-66],[-41,-39],[-44,13],[-32,33]],[[471405,31081],[-19,53],[-40,-10],[-47,35],[82,31],[69,-43],[3,-45],[-48,-21]],[[425899,38961],[4,-38],[-71,-16],[-63,4],[-68,20],[51,35],[59,-2],[60,16],[28,-19]],[[455216,6283],[33,67],[30,7],[25,-66],[-45,-94],[-56,27],[13,59]],[[454570,30789],[4,36],[105,-59],[8,-40],[-39,-56],[-36,4],[-3,49],[-39,66]],[[463953,10291],[-53,55],[-9,52],[23,23],[95,-68],[15,-57],[-71,-5]],[[411351,52824],[58,-59],[-28,-72],[-34,2],[-56,99],[-3,38],[63,-8]],[[444016,1570],[54,56],[39,23],[47,-37],[5,-40],[-31,-40],[-87,-14],[-27,52]],[[447135,2149],[5,44],[75,91],[35,18],[74,-3],[-130,-101],[-41,-47],[-5,-47],[-57,14],[44,31]],[[453812,8606],[97,40],[-15,-61],[-105,-126],[-58,20],[50,97],[31,30]],[[469509,45433],[83,31],[51,0],[44,-90],[-26,-14],[-59,16],[-72,-4],[-21,61]],[[470095,45727],[11,66],[81,-10],[16,22],[78,-11],[1,-55],[-36,-44],[-62,27],[-89,5]],[[411189,52929],[16,75],[63,19],[49,35],[57,-30],[19,-38],[-78,-6],[-44,-33],[-9,-50],[-73,28]],[[445373,58791],[97,-83],[-24,-33],[-65,-26],[-54,0],[-51,49],[10,60],[87,33]],[[454813,4371],[-42,69],[79,70],[-22,55],[33,4],[48,-95],[-19,-122],[-57,-29],[-20,48]],[[464155,44852],[-36,-51],[50,-52],[-24,-39],[38,-32],[-10,-56],[-61,65],[-49,71],[12,32],[-73,4],[3,32],[132,52],[18,-26]],[[422698,40475],[-19,69],[83,-13],[99,-60],[25,-28],[-35,-37],[-78,-26],[-50,12],[2,57],[-27,26]],[[462110,10175],[-36,41],[-48,11],[-7,32],[-47,54],[84,70],[90,-72],[8,-75],[-44,-61]],[[466482,46167],[-10,38],[59,61],[-41,82],[-43,32],[5,27],[49,12],[26,-45],[89,-5],[-26,-26],[58,-67],[-64,-50],[-40,-13],[-11,-43],[-51,-3]],[[424654,39693],[22,12],[87,-32],[28,-38],[-53,-55],[-80,-21],[-57,6],[-43,28],[15,46],[81,54]],[[466796,6541],[-5,33],[42,51],[37,2],[71,-35],[12,-28],[-25,-91],[-105,-34],[-35,77],[8,25]],[[448706,55520],[-8,29],[71,25],[-1,33],[39,43],[87,34],[67,6],[-49,-92],[-71,-32],[2,-65],[-81,-47],[-32,12],[-24,54]],[[453851,8644],[-16,4],[26,100],[57,76],[5,48],[68,51],[78,16],[-19,-61],[-53,-73],[-40,-87],[-53,-61],[-53,-13]],[[465527,46364],[52,25],[49,-5],[15,-51],[76,-36],[-8,-40],[-49,-1],[-56,34],[-59,3],[-63,-23],[-16,-71],[-40,-7],[-46,23],[-4,30],[74,92],[75,27]],[[468270,44832],[41,24],[59,-34],[0,-71],[-68,-71],[6,-26],[-50,-24],[-35,35],[-36,-22],[-49,14],[-13,48],[126,94],[19,33]],[[470891,42123],[38,12],[48,68],[63,18],[24,-49],[-75,-51],[31,-60],[-42,-33],[43,-71],[-27,-52],[-86,-3],[-32,11],[7,38],[32,33],[17,65],[-50,36],[9,38]],[[468604,44800],[-22,19],[110,65],[55,23],[71,-28],[54,42],[124,-8],[35,-24],[-93,-47],[-66,1],[-84,-13],[-127,-52],[-57,22]],[[460044,8894],[-15,-11],[16,-73],[-59,5],[-39,29],[-17,39],[-90,101],[-40,58],[58,17],[99,7],[28,-25],[17,-84],[42,-63]],[[453529,8105],[34,63],[34,130],[48,42],[32,63],[50,67],[60,-14],[-32,-107],[16,-54],[-72,-109],[-56,-20],[6,50],[-120,-111]],[[443869,1344],[81,-42],[-24,-42],[54,-38],[39,-68],[-43,-51],[-191,-36],[40,139],[45,113],[-1,25]],[[467675,42415],[-31,43],[-55,30],[-35,-2],[-54,29],[11,55],[70,12],[12,25],[57,-20],[22,-30],[104,-27],[-17,-52],[89,-32],[1,-39],[57,-29],[-9,-37],[-64,-23],[-20,36],[24,17],[-38,42],[-58,36],[-40,-4],[-26,-30]],[[453294,58912],[-1,91],[57,9],[49,-75],[-13,-35],[15,-47],[54,3],[14,-22],[-53,-42],[-58,-84],[-85,-7],[-48,44],[31,34],[-18,73],[56,58]],[[468066,39026],[-33,31],[42,80],[82,19],[45,-21],[68,1],[74,43],[3,39],[64,14],[63,-16],[35,16],[13,-56],[-33,-46],[-81,11],[-27,-76],[-131,-30],[-25,27],[-68,11],[-91,-47]],[[471397,42210],[26,-33],[36,-89],[-7,-33],[21,-119],[-39,-16],[-76,92],[-41,27],[-12,84],[-44,25],[-53,0],[-18,32],[70,72],[85,1],[52,-43]],[[461982,38437],[27,51],[54,52],[19,-22],[-7,-50],[16,-35],[-78,-156],[-55,-87],[-42,-7],[-59,-60],[-80,-25],[-46,9],[-16,29],[20,37],[77,28],[44,45],[2,61],[69,45],[-6,30],[61,55]],[[467142,44135],[7,-62],[-62,-31],[-58,-58],[-73,-16],[-28,-26],[-73,22],[-30,-29],[-74,-28],[-39,24],[-50,-1],[-41,-27],[-53,9],[15,30],[57,53],[75,-25],[90,53],[16,37],[74,60],[164,-4],[83,19]],[[465689,45070],[-8,30],[62,55],[-19,65],[34,27],[81,26],[74,67],[34,-9],[11,-95],[32,-36],[2,-45],[-32,-17],[-28,-50],[-76,-62],[-87,1],[-20,34],[-60,9]],[[470121,45389],[-6,31],[-79,36],[-86,6],[-42,52],[-48,29],[0,24],[87,9],[64,-9],[74,-25],[152,9],[95,-57],[31,-43],[8,-88],[-90,18],[-43,-35],[-32,20],[-85,23]],[[471061,49312],[0,26],[-38,45],[115,35],[-1,53],[39,42],[-1,37],[35,31],[79,-75],[30,-3],[33,-89],[97,-52],[3,-38],[-80,-86],[-44,39],[-66,-32],[-67,24],[-72,-44],[-55,59],[-7,28]],[[466380,53144],[16,31],[49,-9],[55,27],[56,-3],[78,44],[-41,73],[-38,27],[17,53],[51,21],[23,-60],[98,-24],[61,58],[82,-23],[86,-85],[-13,-41],[-64,-25],[-41,0],[-64,-28],[-17,-46],[-63,-54],[-33,26],[-52,-4],[-64,-35],[-172,8],[-31,41],[21,28]],[[444805,1981],[36,21],[87,-12],[96,-24],[69,17],[114,-1],[-5,-39],[29,-50],[-17,-44],[-119,-23],[-37,-54],[-66,-34],[-116,-2],[-33,26],[-47,-6],[-36,27],[-6,39],[-53,100],[45,58],[59,1]],[[457148,55581],[41,30],[110,7],[54,44],[20,38],[50,0],[-12,38],[-99,81],[-2,47],[-75,7],[-28,57],[37,24],[73,-50],[15,95],[106,7],[40,-36],[35,28],[43,-41],[-61,-57],[79,-60],[1,-40],[-71,8],[-47,-31],[4,-28],[45,-43],[-68,-5],[-3,-35],[25,-28],[-6,-55],[-151,-124],[-59,73],[-118,-43],[-48,-39],[-95,24],[1,28],[118,47],[46,32]],[[425880,41090],[-2,36],[42,40],[45,5],[1,-44],[59,-37],[47,-72],[-36,-77],[27,-32],[-7,-31],[67,-124],[41,-59],[69,-75],[-42,-40],[-51,-10],[-58,-57],[-53,38],[-17,69],[-38,34],[-85,23],[-50,36],[-2,59],[49,129],[-5,53],[16,85],[-17,51]],[[465341,52717],[7,95],[90,-13],[65,42],[58,-66],[3,-24],[84,-14],[98,14],[28,25],[80,18],[53,-17],[41,-58],[81,-70],[82,-37],[-21,-22],[-60,15],[-90,-52],[-69,9],[-121,-14],[-12,38],[-54,27],[-49,-1],[-6,-32],[-82,-40],[-83,11],[-75,28],[-24,35],[-9,98],[-15,5]],[[470670,45146],[-10,49],[42,28],[40,77],[6,39],[103,-34],[140,-83],[43,-56],[71,-159],[-65,-33],[-49,-47],[-89,-41],[-96,39],[-66,-11],[-54,38],[-50,-22],[-89,37],[-12,43],[21,39],[71,-13],[27,26],[28,61],[-12,23]],[[427474,38835],[36,88],[79,-40],[138,-155],[76,-69],[73,-54],[113,-67],[93,-42],[108,-37],[97,-77],[-16,-43],[-192,10],[-133,-2],[-98,37],[-152,89],[-149,19],[-53,31],[-43,44],[-15,64],[32,62],[-11,14],[17,128]],[[463861,48359],[-19,-61],[29,-45],[54,-28],[26,-54],[-27,-39],[-73,-53],[-4,-26],[-57,-57],[-28,-8],[-53,-68],[0,-52],[-82,-60],[1,-33],[-27,-63],[64,-92],[-52,-66],[3,-38],[-30,-52],[-50,-10],[-47,-55],[-53,42],[-87,-25],[-38,-44],[-104,-2],[-27,15],[-18,97],[13,29],[188,90],[33,9],[36,38],[71,49],[-33,19],[-14,70],[25,66],[87,53],[-15,40],[27,27],[10,48],[57,54],[51,145],[-8,107],[80,59],[72,13],[19,-39]],[[464693,44812],[8,41],[60,3],[32,22],[128,-76],[31,13],[119,12],[29,-22],[21,-80],[49,-7],[117,41],[77,0],[78,39],[22,95],[76,8],[48,-38],[-3,-57],[29,-36],[-44,-32],[-22,-42],[9,-40],[-21,-47],[29,-22],[-52,-48],[-59,16],[-22,-36],[-108,-27],[-17,-25],[-62,-13],[-42,32],[-54,17],[-45,-23],[-61,55],[-71,1],[-69,-40],[-116,7],[105,92],[-38,41],[64,31],[-40,52],[-154,30],[-47,-15],[-26,17],[42,61]],[[457755,55255],[-37,93],[4,79],[-33,41],[-45,-3],[-41,-35],[-41,85],[19,34],[84,-6],[13,26],[-29,46],[3,26],[62,76],[11,49],[78,67],[36,-32],[10,-48],[34,1],[25,64],[79,29],[52,4],[30,-44],[12,-75],[16,-16],[67,29],[92,-32],[14,-41],[52,-14],[-14,-36],[-47,-14],[-135,-21],[5,-27],[81,-21],[67,-87],[-107,-48],[-3,-60],[45,-30],[-19,-31],[-82,-20],[-33,33],[-27,56],[-69,-10],[-24,-21],[-60,-1],[25,-124],[-84,-54],[-29,46],[-57,-10],[0,77]],[[470748,18318],[-7,25],[-100,-21],[-58,34],[-33,58],[-38,19],[-51,-35],[-144,-29],[-27,18],[-103,-6],[-54,16],[-83,54],[-69,71],[0,77],[-13,67],[35,55],[81,31],[91,57],[27,29],[73,2],[119,-48],[90,0],[69,-40],[66,10],[75,69],[50,29],[163,-65],[84,-62],[57,-30],[-4,-77],[-31,-46],[-2,-43],[57,-86],[51,52],[113,-39],[-13,-36],[-57,-11],[-10,-57],[18,-47],[36,3],[20,-39],[57,-44],[78,16],[48,-13],[10,-27],[-66,-28],[-89,42],[-28,-16],[-131,4],[-12,-25],[-172,3],[-52,46],[-71,3],[-75,68],[25,12]],[[424722,42906],[-10,46],[15,28],[83,36],[7,28],[-37,50],[59,3],[96,-60],[174,36],[147,109],[84,86],[41,113],[-56,19],[-83,52],[-9,22],[64,23],[11,66],[30,48],[118,31],[81,-9],[5,-41],[28,-28],[45,13],[119,-31],[24,-22],[57,41],[138,6],[106,-25],[57,-27],[67,8],[42,48],[83,22],[38,-59],[7,-41],[44,-26],[-5,-54],[-72,-45],[15,-73],[39,-22],[12,-32],[44,-15],[58,-47],[12,-37],[-78,-48],[-4,-25],[-103,-55],[-44,14],[-42,-17],[-36,-79],[-4,-110],[13,-36],[40,1],[16,-82],[-91,23],[-80,-59],[4,-33],[-75,-58],[-62,-4],[-87,-53],[-118,-55],[-18,-36],[-44,12],[-76,-31],[-132,-10],[-33,31],[-93,43],[-50,8],[-50,47],[-55,27],[-189,37],[-58,93],[-27,109],[-107,77],[-39,-5],[-56,34]],[[424063,43480],[50,-58],[-5,-87],[35,-70],[-56,-109],[7,-157],[14,-10],[-18,-124],[23,-31],[-6,-61],[13,-46],[-5,-89],[-59,-22],[-13,-57],[99,-97],[-16,-57],[-38,-68],[26,-56],[-49,-75],[10,-79],[29,-29],[-76,-114],[15,-57],[-66,-70],[-16,-47],[-72,-6],[-30,-50],[34,-83],[-13,-42],[6,-98],[-49,-45],[48,-192],[40,-91],[-4,-72],[-32,-75],[-72,-90],[-7,-38],[-137,-118],[-91,65],[-46,52],[-146,50],[-33,34],[11,76],[-39,95],[-61,14],[-27,74],[9,57],[32,48],[46,133],[23,29],[-58,78],[10,26],[-39,44],[18,42],[-69,34],[45,31],[-59,104],[-24,26],[32,41],[-32,45],[-79,38],[-59,12],[0,32],[57,16],[39,43],[4,87],[-82,50],[2,122],[137,22],[21,26],[46,-87],[32,-4],[28,-36],[44,-1],[44,33],[34,-26],[90,-17],[60,19],[62,38],[43,57],[34,71],[72,79],[-6,24],[63,20],[9,73],[-23,38],[-42,21],[-26,43],[12,30],[4,81],[29,65],[43,51],[-15,20],[35,34],[-7,29],[28,50],[60,32],[28,33],[38,3],[-25,50],[51,43],[-16,46],[-29,24],[15,63],[33,25]],[[468367,42023],[-6,44],[81,-18],[62,0],[67,112],[108,20],[198,6],[34,-15],[69,31],[41,-8],[116,23],[49,25],[102,73],[103,11],[84,-49],[5,-38],[64,-30],[17,-48],[34,-20],[85,10],[82,63],[38,45],[56,119],[128,45],[22,26],[46,-3],[51,21],[23,-22],[-10,-43],[16,-57],[-33,-63],[10,-57],[-44,-10],[-87,-44],[-39,-33],[-27,-85],[16,-20],[-9,-75],[-53,-105],[32,-58],[59,-21],[-38,-38],[-7,-35],[-48,-18],[-49,-51],[-8,-30],[-197,-113],[-139,-162],[-42,-25],[-43,-81],[-1,-67],[22,-38],[57,8],[19,-62],[-42,-20],[-66,8],[-82,-22],[-97,-53],[-66,56],[-31,59],[-55,47],[-84,49],[-115,99],[5,21],[-53,27],[-86,-24],[-104,28],[-76,-29],[9,-38],[-58,-2],[2,29],[-57,10],[-41,41],[-51,1],[16,51],[29,15],[-18,38],[24,112],[-27,36],[49,30],[29,61],[-44,37],[-66,5],[-97,-31],[-38,24],[-72,5],[1,56],[19,60],[47,10],[4,47],[83,66],[64,-10],[29,61]],[[425160,39262],[-23,45],[35,6],[53,49],[32,98],[-17,24],[-15,96],[-24,47],[-3,50],[20,33],[-31,47],[3,68],[20,55],[61,49],[36,13],[161,102],[56,60],[88,37],[49,82],[61,35],[60,121],[5,56],[48,115],[43,32],[65,6],[25,-62],[-8,-53],[95,-88],[-36,-85],[50,-62],[71,-28],[103,6],[80,-18],[37,-22],[38,-52],[71,-6],[12,30],[-87,136],[-43,88],[-85,79],[-1,43],[35,9],[58,-52],[31,-59],[59,-63],[92,-123],[92,-112],[47,-46],[92,-63],[156,-68],[58,-39],[112,-57],[167,-41],[143,13],[85,15],[2,-86],[54,-78],[48,-49],[53,-76],[105,-90],[49,-13],[-104,-51],[-199,-12],[-20,46],[-57,15],[-146,96],[-106,5],[-139,-37],[-30,-48],[-114,-2],[-51,53],[-25,-13],[-77,17],[-143,-1],[-66,-31],[-103,-34],[-27,-29],[-67,-33],[-145,-154],[-40,-27],[-65,-8],[-104,40],[-130,8],[-80,-18],[-58,-27],[-33,-46],[-3,-36],[-63,-21],[-61,16],[-71,-7],[-136,44],[-53,37],[-23,48],[-57,56],[-47,0]],[[467712,13879],[-9,61],[-45,76],[-56,52],[-114,55],[-86,10],[-39,-24],[10,-52],[-40,-16],[-17,-54],[-48,14],[-80,-37],[-74,31],[-73,15],[-55,47],[49,19],[55,-7],[129,51],[111,88],[14,40],[-10,62],[-46,73],[-47,54],[-56,0],[23,92],[48,40],[67,32],[-12,40],[121,75],[44,55],[14,58],[-28,59],[53,59],[33,13],[13,53],[-31,31],[37,32],[95,16],[0,56],[61,82],[70,18],[93,-45],[46,-96],[85,-63],[111,-5],[51,25],[60,-7],[50,14],[136,-28],[43,-100],[66,-47],[10,-84],[102,-67],[14,-42],[-25,-78],[2,-81],[79,-43],[-18,-58],[124,-101],[7,-24],[126,-28],[119,-69],[-31,-29],[-106,3],[-28,-39],[-47,-5],[-37,-57],[-39,-25],[-13,-73],[-23,-24],[-68,17],[-64,71],[-52,-2],[-38,-62],[-80,-15],[-38,-27],[-41,18],[33,39],[-84,59],[-78,-21],[-118,-8],[-41,13],[-110,-6],[-38,8],[-85,-51],[-58,-56],[-35,-50],[-21,-57],[15,-85],[57,-39],[102,27],[35,-41],[42,-21],[15,-41],[-21,-37],[31,-61],[79,-70],[-20,-40],[39,-34],[-45,-56],[7,-61],[-145,-50],[-66,1],[-52,33],[-107,42],[-36,-18],[42,-35],[25,-50],[-195,17],[-17,39],[-128,-40],[-176,-156],[-59,-24],[-10,-29],[-134,-3],[7,49],[-32,70],[-1,34],[43,82],[-29,41],[90,33],[117,120],[-10,41],[82,76],[23,111],[42,37],[2,54],[72,18],[60,-9],[28,-31],[65,-7],[85,32],[22,22],[34,96]],[[456911,3630],[8,75],[-38,81],[-91,121],[-75,-4],[-61,25],[-237,27],[-163,-13],[-54,9],[5,41],[36,52],[43,8],[13,-53],[36,-8],[191,0],[38,12],[105,71],[71,24],[18,78],[-34,48],[-73,-36],[-10,68],[-96,13],[-72,-7],[-121,-30],[-43,-24],[-89,-11],[-21,-69],[12,-50],[-41,-119],[33,-72],[-35,-40],[12,-34],[39,-9],[13,-51],[-17,-32],[-65,-10],[-44,-84],[-17,-61],[-86,9],[-67,-35],[-39,-68],[29,-31],[67,-34],[-66,-143],[-89,18],[-82,-3],[-53,55],[-57,14],[-73,-10],[-64,-45],[1,-57],[-54,-60],[-16,48],[-81,9],[40,56],[-27,45],[-54,-9],[-31,62],[35,62],[-13,84],[26,37],[-10,106],[-63,48],[-80,37],[-29,65],[-46,-7],[-49,66],[-13,62],[-170,47],[-67,33],[-67,149],[33,30],[69,12],[-15,48],[90,21],[163,-28],[72,-45],[65,-83],[14,-55],[36,-69],[115,-121],[52,-84],[94,-41],[29,-94],[90,-4],[-10,-58],[32,-17],[127,29],[127,84],[-35,38],[-31,-2],[-14,54],[67,53],[12,43],[-31,34],[-51,21],[160,85],[49,-13],[29,50],[-35,14],[-33,108],[-49,12],[-25,-31],[-95,-42],[-31,83],[48,30],[-22,76],[-83,5],[11,37],[64,20],[18,123],[71,13],[72,74],[6,43],[-81,162],[27,51],[-35,193],[45,7],[78,50],[8,-62],[-57,-22],[34,-48],[110,-27],[-6,-43],[69,-59],[-26,-50],[-3,-68],[27,-34],[101,-26],[53,6],[47,54],[51,29],[29,76],[-20,65],[103,20],[88,-8],[-41,112],[-54,8],[-29,43],[10,68],[-42,46],[-3,42],[38,26],[14,38],[74,39],[88,18],[39,43],[-16,51],[25,28],[7,159],[60,64],[46,17],[25,40],[40,14],[82,-7],[91,25],[37,26],[4,89],[28,19],[-32,48],[-1,73],[17,41],[39,35],[104,36],[40,42],[22,108],[24,16],[-22,53],[20,55],[-1,51],[48,44],[26,-190],[30,-16],[4,-40],[39,-19],[24,-40],[-55,-58],[-1,-58],[71,-167],[46,-59],[-1,-42],[62,-23],[69,5],[113,55],[114,82],[96,103],[128,127],[59,72],[51,117],[-4,75],[-43,56],[-68,11],[-10,50],[54,-3],[36,67],[-9,55],[-48,0],[-61,33],[-20,70],[74,14],[33,35],[-33,51],[98,6],[75,51],[23,-7],[50,-80],[79,5],[26,71],[46,-4],[29,37],[42,135],[-16,79],[14,34],[-22,59],[-92,87],[-98,-11],[-74,21],[-44,-8],[-1,-37],[-31,-67],[-67,-28],[-49,16],[-37,-12],[-67,45],[-127,-30],[-31,42],[80,36],[25,47],[56,11],[5,31],[-76,35],[-57,-13],[-61,10],[-80,-57],[-74,-38],[-150,-39],[-86,-9],[17,67],[-3,50],[-42,19],[-73,7],[-96,-18],[-14,53],[-44,-16],[-54,35],[93,95],[44,-8],[102,6],[-18,43],[25,37],[0,44],[-79,75],[54,31],[233,65],[-14,-43],[48,-14],[54,5],[7,-45],[61,-50],[35,-9],[62,-57],[31,15],[-6,73],[-17,52],[73,12],[26,53],[97,38],[105,32],[43,-34],[-43,-69],[47,-22],[28,101],[39,34],[12,82],[-66,78],[-27,-105],[-28,-27],[-85,-5],[-11,93],[-99,26],[-67,-80],[-4,-44],[-58,-26],[-77,58],[45,80],[61,49],[-103,-6],[-45,-18],[-112,3],[-1,48],[-27,38],[82,11],[26,18],[11,60],[51,53],[19,41],[-13,42],[60,67],[0,52],[88,9],[83,47],[89,78],[34,46],[33,97],[77,5],[58,-52],[82,-55],[-62,-110],[-16,-60],[61,-71],[68,21],[40,-8],[25,-70],[-16,-35],[41,-59],[67,-21],[66,8],[-57,-74],[36,-17],[29,-67],[27,-16],[-19,-56],[24,-27],[66,1],[61,-59],[-30,-47],[24,-30],[-36,-49],[-41,-4],[19,-93],[-37,-2],[23,-77],[-41,-30],[-7,-37],[33,-36],[-17,-55],[19,-29],[166,-28],[-12,-41],[57,-41],[-6,-34],[58,-73],[-29,-66],[-38,-32],[4,-47],[34,-34],[-9,-72],[89,-68],[63,14],[44,-11],[36,-59],[8,-53],[52,-130],[7,-98],[-27,-62],[19,-18],[-33,-92],[11,-78],[-74,-35],[-58,14],[-24,72],[-2,52],[-20,23],[-111,4],[-88,-36],[-19,11],[-118,-35],[-108,-42],[-208,-101],[-125,-80],[-94,-68],[-124,-106],[-94,-96],[-97,-124],[-83,-145],[-25,-86],[57,-124],[-30,-60],[19,-37],[-8,-37],[23,-42],[-36,-18],[20,-59],[-28,-29],[11,-82],[64,-104],[-4,-32],[70,-63],[116,-53],[91,-15],[35,12],[14,48],[86,20],[4,44],[59,38],[57,77],[66,-68],[25,-3],[77,-72],[26,-65],[-1,-158],[-41,-41],[7,-114],[-40,-5],[-67,22],[-107,-64],[-42,-107],[-49,-24],[-45,20],[-54,-36],[6,-67],[-30,-77],[-72,-22],[-45,-68],[17,-43],[76,-53],[-27,-15],[-17,-87],[-34,5],[-79,-21],[-25,-26],[-58,-106],[-26,-153],[-31,-74],[-22,-22],[-8,-78],[12,-48],[43,-77],[-3,-55],[39,-109],[-53,-70],[-57,23],[-36,-6],[-89,-56],[-21,-29],[-89,-38],[-1,-51],[-76,-21],[-20,23],[25,31],[-43,16],[-47,87],[-44,-29],[-80,25],[-13,31],[-45,30],[-49,-11],[0,53],[-113,110],[-80,-8],[-57,-43],[-70,-20],[-40,66],[22,41],[-50,37],[-14,35],[68,53],[1,39],[-76,-1],[22,71],[57,29],[72,5],[34,39]],[[467126,43270],[-56,33],[-76,9],[-18,-24],[-150,-53],[-21,-45],[-74,-1],[-48,22],[-32,56],[30,31],[10,63],[-20,71],[-46,11],[46,42],[49,70],[-9,26],[-75,31],[43,65],[81,42],[35,46],[55,37],[47,-26],[36,3],[83,74],[121,61],[59,-22],[53,30],[8,68],[168,57],[37,22],[62,4],[-4,-50],[29,-14],[62,9],[47,26],[16,30],[80,76],[78,15],[48,72],[43,10],[48,-42],[111,0],[66,34],[69,16],[64,-33],[139,30],[99,49],[19,-27],[50,4],[39,25],[124,10],[-32,-35],[31,-42],[96,-18],[92,27],[72,-69],[84,2],[66,-11],[36,42],[63,3],[150,-116],[60,14],[99,102],[26,55],[37,127],[14,117],[-25,38],[34,15],[56,-16],[13,-36],[113,-8],[-1,-83],[47,-29],[90,-5],[82,75],[15,-52],[38,-38],[94,-9],[18,-35],[54,-18],[105,17],[60,30],[43,49],[34,69],[80,66],[36,-9],[57,25],[88,-42],[60,-1],[70,68],[19,55],[55,18],[58,-18],[80,82],[2,36],[78,5],[33,34],[4,61],[23,40],[37,-73],[58,-54],[81,-22],[35,-107],[59,-72],[122,-57],[60,-186],[53,-71],[51,-36],[61,-21],[58,-3],[95,-74],[74,-71],[56,-82],[59,-57],[69,-47],[-48,-37],[24,-35],[75,26],[7,18],[83,27],[50,1],[99,-26],[43,-36],[57,-27],[59,-6],[69,40],[40,-25],[-61,-152],[0,-126],[17,-83],[61,-58],[70,-3],[-10,-109],[67,-90],[56,-51],[79,-32],[33,21],[56,-15],[27,-46],[-48,-51],[-34,-12],[-28,-41],[-93,36],[-98,9],[-36,-33],[-24,53],[-101,13],[-126,-39],[-12,-42],[-34,-7],[-55,-65],[15,-37],[51,-5],[1,-70],[-55,-75],[-2,-31],[-48,-15],[-33,52],[-81,16],[-74,-18],[-50,-50],[-91,-58],[-23,-29],[13,-51],[-8,-70],[-21,-56],[-39,-34],[-104,28],[-13,98],[-83,5],[-51,34],[-106,-27],[-117,-59],[-110,-70],[-22,-56],[-72,16],[-104,87],[-22,143],[2,104],[-93,141],[-40,99],[-51,42],[-82,152],[-80,55],[-68,4],[-40,-38],[-102,-38],[-42,-1],[-73,77],[-57,2],[-89,-23],[-26,-44],[23,-31],[-100,-53],[-12,-27],[-51,-12],[-168,-158],[-122,-31],[-10,-31],[-173,-85],[-124,38],[-21,35],[21,39],[-18,30],[-99,90],[-37,87],[-29,6],[-64,49],[-37,6],[-99,-22],[-81,-49],[-4,-40],[-157,-16],[-81,-47],[-77,25],[-127,-26],[26,-46],[-119,-82],[-12,43],[29,45],[-65,97],[-69,55],[-48,21],[-92,6],[-84,-55],[-19,-38],[-93,-21],[-184,-11],[-45,-11],[-113,-64],[-71,-5],[-74,39],[-68,-3],[-80,12],[-19,34],[-174,4],[0,42],[-35,11],[0,81],[32,44],[-28,29],[-59,22],[-45,-9],[-154,30],[31,36],[50,-6],[-3,53],[-50,56],[-52,25]],[[463377,8390],[-75,7],[-34,57],[-44,-44],[-80,-7],[-65,-51],[-74,-9],[-5,-21],[-71,-11],[-11,41],[-88,3],[-126,-24],[-51,-26],[-46,16],[2,28],[-101,57],[21,34],[-39,43],[-60,22],[-45,-18],[-80,26],[-52,-44],[-85,14],[5,70],[-121,104],[-73,28],[-43,-17],[-67,27],[-5,47],[-44,16],[-10,154],[25,118],[23,19],[12,80],[-68,46],[32,102],[-44,42],[43,35],[-2,29],[-73,24],[-9,124],[54,85],[66,47],[107,24],[88,40],[58,-17],[107,19],[52,-50],[109,-36],[38,6],[58,35],[73,63],[42,60],[30,96],[-15,68],[-52,23],[-2,32],[-52,49],[-93,51],[95,67],[-26,45],[-95,79],[-30,56],[17,61],[31,21],[100,35],[44,3],[51,-38],[32,-1],[194,-93],[19,-55],[-18,-59],[75,-42],[57,-2],[56,17],[-6,46],[65,2],[32,25],[69,5],[36,-58],[17,-71],[-48,-63],[40,-39],[50,-7],[39,-29],[-82,-13],[-39,-67],[-6,-43],[-43,-28],[6,-43],[-60,-28],[-24,-46],[-44,-12],[9,-60],[-51,-16],[-38,-80],[-6,-43],[75,-58],[78,19],[36,-92],[69,-26],[-8,-64],[57,-5],[58,72],[62,54],[36,-40],[-9,-23],[47,-34],[8,-80],[-22,-49],[60,-52],[-32,-30],[41,-68],[82,-16],[52,9],[22,83],[24,43],[46,20],[9,-115],[17,-48],[30,-17],[37,-104],[59,10],[121,70],[53,-43],[85,35],[56,-7],[69,27],[18,-94],[64,-21],[4,-40],[36,-13],[61,44],[78,13],[46,-38],[63,3],[81,-24],[65,76],[-34,99],[-54,31],[-38,47],[74,82],[-21,20],[28,33],[91,-63],[45,-61],[49,-11],[30,-51],[-24,-57],[33,-26],[20,-59],[54,30],[15,158],[-31,26],[0,52],[77,50],[28,91],[53,22],[68,-26],[69,16],[157,13],[54,27],[90,18],[206,7],[7,52],[-128,-6],[-70,-23],[-46,5],[-105,-15],[-78,-21],[-67,11],[-91,31],[-15,18],[-120,50],[-106,-45],[-192,14],[-7,18],[50,41],[-20,29],[-54,28],[-76,3],[13,61],[32,22],[-50,91],[65,-10],[71,29],[3,24],[67,25],[10,28],[-133,9],[-83,30],[-30,27],[-40,95],[-47,8],[-68,-77],[-35,3],[-43,74],[-58,31],[-45,49],[42,37],[40,-45],[51,-7],[118,1],[60,30],[69,63],[40,9],[92,-17],[41,32],[-58,35],[-11,29],[29,44],[57,32],[76,-6],[58,16],[-87,62],[22,18],[-45,39],[-66,-39],[-43,-57],[-146,-63],[-51,29],[14,104],[-24,30],[-53,-1],[-43,34],[-52,11],[-39,-15],[-14,-48],[-52,3],[16,60],[-28,23],[26,66],[43,-21],[50,57],[18,41],[-25,98],[11,50],[-96,116],[-67,-8],[-88,80],[47,35],[74,11],[54,-64],[54,-7],[54,14],[32,33],[42,-23],[58,23],[42,-3],[51,39],[38,-23],[125,10],[60,-21],[91,0],[80,-29],[31,54],[59,-13],[89,-53],[70,22],[75,-19],[75,-73],[24,67],[32,25],[-1,112],[-10,25],[-121,59],[-43,-8],[-96,27],[-33,-7],[-66,44],[-47,-18],[-11,-42],[-60,41],[-75,-11],[-20,13],[63,53],[52,-15],[48,54],[3,64],[129,-3],[25,17],[-13,51],[-42,18],[-18,40],[38,42],[64,-10],[37,11],[21,101],[133,-15],[29,16],[84,-45],[16,-23],[53,0],[29,52],[43,-25],[-66,-82],[62,4],[33,-14],[9,-47],[-46,-55],[66,-92],[73,-62],[62,-38],[80,-29],[52,6],[18,46],[88,6],[65,19],[30,49],[70,22],[93,-23],[16,-33],[-25,-36],[-86,-53],[-69,0],[-36,-40],[12,-37],[36,-23],[77,2],[29,19],[55,-2],[-9,-59],[35,2],[96,-36],[31,-38],[-12,-37],[13,-54],[41,-27],[145,-154],[-19,-33],[6,-46],[-37,-92],[4,-22],[-113,-100],[-28,-61],[18,-13],[47,-127],[57,-7],[8,-46],[-24,-25],[71,-19],[20,-58],[-50,-42],[-16,-54],[-111,14],[33,-41],[-14,-40],[-122,-54],[-27,-31],[-87,-9],[-55,14],[-53,-12],[-30,-36],[18,-36],[-68,-47],[3,-28],[-36,-34],[-12,-53],[-55,3],[-58,-24],[-49,-70],[-57,25],[-73,-39],[-43,-57],[-12,-84],[43,-121],[39,-37],[74,-42],[67,-5],[50,12],[84,-64],[-43,-100],[45,-32],[-3,-30],[-57,-33],[5,-30],[-44,-39],[104,-28],[32,-31],[-23,-47],[30,-67],[36,-33],[7,-53],[81,-61],[-49,-36],[46,-38],[43,-113],[35,-44],[109,-40],[14,-23],[-33,-41],[-10,-105],[33,-32],[-18,-28],[-85,18],[-24,-35],[-44,-20],[-74,17],[-91,-5],[66,-62],[-56,-37],[-17,-44],[80,-65],[87,-6],[65,92],[92,4],[54,-13],[119,-72],[27,20],[112,-8],[50,15],[-34,-74],[-89,-48],[-62,-70],[-70,2],[-43,-34],[-52,-156],[-131,-123],[-64,-71],[-17,-102],[44,-81],[65,-36],[34,-39],[61,-40],[54,-3],[49,-32],[4,-39],[76,-50],[95,-40],[138,-8],[17,-29],[-80,-38],[-33,-39],[-39,4],[-17,34],[-51,29],[-65,2],[-29,-18],[-62,23],[-44,-2],[-106,30],[8,24],[-129,29],[-73,-18],[-36,16],[-73,2],[-8,50],[21,43],[-6,52],[-54,121],[-27,8],[-87,-12],[-71,-44],[-76,24],[-27,44],[-31,3],[-60,47],[-99,3],[-35,22],[-131,-42],[-28,34],[-5,151],[-18,189],[-21,51],[48,47],[-27,19],[2,63],[-72,76],[9,57],[-17,85],[-3,101],[-53,17],[-77,-44],[-81,-64],[-56,22],[-11,50],[-35,54],[24,60],[-9,74],[-22,41],[-47,-31],[8,-22],[-88,-78],[12,-47],[-57,-33],[141,-80],[67,-88],[-120,36],[-15,-92],[40,-20],[-20,-33],[-81,-22],[16,-40],[-66,-31],[-20,-32],[126,-64],[-14,-32],[69,-33],[34,1],[48,47],[15,93],[45,29],[14,-124],[-10,-39],[-74,-71],[-39,-1],[-69,-32],[-44,-65],[-3,-55],[51,-53],[40,-10],[59,47],[84,-47],[15,-51],[-70,-87],[11,-38],[99,-41],[-7,-43],[-30,-20],[-70,-3],[-102,82],[-128,72],[-17,85],[-69,22],[-69,-44],[10,-51],[-69,10],[-43,-61],[-62,21],[-41,-33],[-49,-73],[-79,-15],[-4,-28],[-73,-1],[-39,-27],[-5,-61],[-96,-61],[34,-31],[18,-93],[-16,-7],[14,-97],[-64,-19],[-94,53],[-24,-18],[-60,39],[-18,36],[24,117],[-68,102],[-81,46],[-35,-3],[-70,55],[-125,9],[-46,-39],[-98,73],[17,52],[-87,3],[-154,17],[-32,46],[-54,8],[-45,-44],[-69,44],[-12,45],[58,103],[5,53],[-69,4],[-29,-20],[-76,30],[-40,61],[-65,72],[35,51],[36,13],[18,43],[-42,54],[-37,14],[39,37],[-31,44],[15,36],[-76,15],[-24,71],[60,84],[33,9],[27,53],[65,61],[69,0],[79,15],[58,-2],[99,-66],[55,13],[56,53],[17,49],[-24,86],[-88,14],[-42,50],[-91,26],[142,49],[41,-9],[31,-48],[64,-10],[12,-52],[71,-25],[12,43],[-50,59],[-13,95]],[[411873,47623],[-41,100],[-58,41],[-3,49],[-62,71],[38,27],[51,5],[74,-32],[84,-7],[62,12],[87,67],[22,38],[-14,62],[-39,83],[8,22],[-28,145],[21,35],[-5,48],[49,68],[-1,69],[35,3],[12,78],[-69,34],[-28,72],[16,29],[64,33],[-55,32],[-7,37],[32,41],[-44,27],[7,23],[-28,84],[-53,60],[-15,46],[-71,20],[-75,40],[12,59],[-118,121],[-31,-3],[-41,55],[-129,51],[-51,50],[-25,59],[26,50],[50,4],[2,33],[-42,41],[-79,2],[-34,60],[11,54],[68,32],[-36,54],[17,25],[-37,38],[92,84],[46,4],[17,25],[-35,36],[29,23],[-33,60],[-5,40],[31,81],[26,24],[-13,38],[57,9],[67,82],[-29,24],[47,25],[37,40],[-44,54],[15,31],[76,74],[30,48],[15,122],[-36,86],[-39,23],[32,27],[-46,56],[-7,62],[36,32],[-24,26],[57,91],[-68,64],[38,35],[1,41],[-56,118],[-28,27],[-11,66],[-55,23],[-5,52],[17,22],[-29,47],[14,66],[-27,55],[54,35],[-22,43],[20,24],[-6,75],[22,26],[-67,91],[-44,37],[15,40],[-31,18],[26,70],[-37,29],[66,62],[70,5],[61,-8],[70,10],[69,48],[17,35],[54,44],[177,41],[66,10],[57,31],[206,180],[136,157],[53,82],[52,112],[27,77],[21,121],[-5,58],[-38,56],[25,53],[-23,73],[-57,54],[-29,49],[25,33],[-9,29],[18,52],[-25,27],[1,60],[-18,22],[31,33],[39,0],[57,-38],[23,6],[64,132],[59,46],[64,23],[55,-55],[55,-31],[120,-35],[152,-74],[46,-41],[9,-32],[84,-31],[77,5],[93,25],[33,22],[45,-79],[52,-27],[22,-37],[65,-26],[74,-46],[122,-46],[49,-29],[46,-7],[62,-29],[95,-31],[75,-112],[150,-124],[87,-64],[61,-29],[190,-129],[200,-109],[15,-44],[-3,-67],[-51,-280],[-18,-146],[-51,-338],[-5,-209],[20,-176],[29,-146],[48,-153],[51,-139],[131,-193],[71,-65],[15,-31],[-42,-188],[-69,-117],[-16,-60],[-42,-61],[-58,-38],[-41,-70],[-26,-77],[-18,-123],[7,-171],[43,-199],[42,-94],[125,-64],[71,-15],[126,-61],[35,-120],[-8,-66],[-26,-49],[5,-43],[-40,-147],[9,-36],[-33,-43],[17,-198],[-22,-60],[-43,-17],[-29,-48],[30,-53],[-21,-42],[-43,-27],[-13,-51],[-61,-47],[-32,-80],[27,-11],[-13,-81],[-102,-46],[-81,-65],[-19,-28],[20,-38],[-19,-20],[17,-92],[45,-25],[-34,-40],[-77,-14],[-51,-64],[-81,38],[-97,-4],[-114,-28],[-26,-16],[-20,-76],[-59,-14],[-7,-52],[-62,-26],[-67,-11],[-77,-47],[7,-38],[-26,-60],[-69,-9],[-58,-40],[-2,-56],[-52,-23],[-57,-47],[-106,-34],[-104,-2],[-57,-30],[-3,-36],[-55,-18],[-103,32],[-85,-13],[-89,-42],[-64,-45],[13,-103],[-73,-31],[-45,-5],[-71,73],[-90,8],[-91,-34],[-106,-73],[-30,-74],[-167,-58],[-62,-36],[-38,-47],[-3,-61],[73,-55],[45,-64],[-1,-55],[-75,-62],[-80,101],[-64,62],[-106,69],[-49,-6],[-16,73],[107,97],[-52,66],[-93,3],[-49,-19],[-156,25],[-89,55],[-18,50],[24,83],[-19,33],[2,61],[21,22],[-79,32],[-28,69],[34,92]],[[467088,46915],[-31,10],[-36,166],[-55,146],[-38,77],[-47,43],[-46,2],[-46,-25],[-29,52],[-3,39],[-79,78],[-95,-4],[-60,23],[-42,50],[-56,13],[-6,66],[-36,61],[-59,8],[-88,-72],[-2,-41],[45,-39],[67,17],[-3,-66],[-50,-47],[-62,-27],[-20,41],[2,110],[-15,216],[-16,92],[-54,32],[-49,95],[-27,86],[-39,81],[-67,49],[-63,12],[-159,51],[-36,-21],[-109,1],[-59,-81],[-132,48],[-149,126],[-93,43],[-47,-16],[-82,5],[-63,-25],[-8,63],[57,4],[111,123],[63,-50],[91,27],[39,59],[3,72],[59,-16],[5,34],[58,-12],[49,52],[-9,27],[66,29],[8,59],[-11,120],[35,1],[16,38],[-10,103],[-61,243],[-31,77],[-86,173],[-72,107],[-68,81],[-98,81],[-87,33],[-67,92],[-40,20],[-69,-7],[-91,3],[-60,-18],[-51,-39],[-52,10],[-200,-94],[-61,-14],[-67,-63],[-91,-23],[-57,48],[19,26],[-24,50],[-57,53],[-64,36],[-32,1],[-109,55],[-63,-1],[-58,21],[-34,42],[-113,11],[-39,17],[16,40],[-70,57],[11,34],[-74,57],[44,13],[42,36],[93,17],[37,37],[62,1],[31,35],[8,107],[14,30],[55,43],[61,12],[12,-26],[61,-7],[106,49],[105,75],[-14,60],[17,24],[109,22],[85,-15],[18,-25],[72,-13],[15,61],[58,6],[87,-41],[53,8],[61,41],[70,115],[-17,74],[-62,49],[-42,14],[6,72],[107,47],[32,44],[75,7],[58,50],[37,51],[28,8],[32,60],[-63,68],[-10,27],[57,36],[-4,33],[-36,37],[-80,53],[-18,34],[-84,40],[-59,84],[-3,43],[23,21],[129,-14],[71,48],[89,-79],[24,-63],[55,-16],[26,-26],[71,8],[104,42],[33,52],[50,47],[69,15],[34,36],[85,-3],[27,18],[67,9],[16,52],[49,1],[141,101],[2,43],[54,51],[-15,27],[41,19],[63,3],[104,-31],[54,-49],[-22,-58],[26,-75],[-21,-93],[57,-61],[-15,-82],[45,-89],[51,-17],[27,-62],[-24,-46],[38,-21],[28,25],[-25,79],[-21,20],[24,43],[51,-35],[74,-69],[6,-36],[64,-45],[9,44],[-26,46],[-13,61],[-29,37],[-70,-2],[-45,104],[-38,43],[-33,66],[-48,20],[-16,132],[47,-28],[142,-192],[135,-164],[113,-98],[174,-122],[112,-114],[164,-197],[88,-96],[143,-138],[167,-149],[187,-152],[85,-82],[126,-104],[116,-109],[69,-81],[257,-280],[-74,0],[-21,-30],[155,-34],[243,-235],[255,-185],[77,-64],[95,-55],[132,-64],[-153,3],[71,-44],[114,22],[89,-26],[55,0],[93,41],[248,-116],[156,-48],[56,-28],[79,-8],[166,-59],[100,-17],[135,8],[130,32],[63,-7],[-34,-59],[-76,-208],[-32,-139],[-13,-103],[-4,-160],[30,-185],[58,-243],[6,-238],[-51,-102],[-59,-52],[-3,-41],[-34,-17],[-34,-45],[-73,-46],[-50,-13],[-226,-103],[-63,3],[-46,-22],[-30,-62],[-109,-122],[-56,-47],[15,-54],[95,-53],[55,8],[41,48],[52,6],[60,-33],[48,-6],[41,15],[66,58],[220,29],[48,21],[52,83],[-18,97],[-10,156],[29,61],[-15,67],[73,-2],[16,-127],[24,-130],[37,-139],[66,-172],[21,-71],[51,-121],[45,-135],[67,-149],[33,-162],[50,-120],[50,-57],[56,-86],[14,-40],[81,-111],[4,-56],[-123,-68],[-152,-96],[-297,-101],[-101,-19],[-157,22],[-1,73],[19,53],[-8,37],[-54,-2],[-31,62],[-41,1],[-73,37],[-40,-35],[-42,22],[-46,-21],[-55,-4],[-13,-29],[-98,68],[-104,-17],[-83,-3],[-57,11],[-88,-6],[-59,-52],[-68,-17],[-155,-137],[49,-82],[-61,-52],[-59,-90],[40,-38],[-30,-46],[-85,-1],[-15,-22],[-128,-11],[-55,-84],[-50,-3],[-17,-47],[-86,10],[-28,-41],[-35,6],[-120,-7],[-16,-44],[-93,27],[-125,-84],[-91,29],[-87,70],[-55,12],[-84,37],[-29,-10],[-5,-52],[-48,-33],[-49,77],[-58,43],[-38,-13],[-108,48],[-75,-9],[-37,80],[-50,42],[-39,13],[-84,-1],[-51,-23],[-44,42],[-18,64],[22,49],[-25,81],[-63,49],[-43,2],[-38,-46],[-36,14],[-33,53],[-15,76],[6,92],[62,-54],[49,6],[59,33],[59,79],[1,50],[-31,107],[-90,125],[-187,177],[-38,103],[15,181],[3,189],[33,-7]],[[456945,8250],[32,-5],[37,-59],[83,-18],[33,-22],[6,-59],[-46,-39],[-138,-14],[-62,23],[-52,-35],[5,-51],[96,8],[72,-52],[-118,-2],[-27,-24],[38,-73],[-72,-10],[-33,-53],[-62,-58],[67,-19],[15,-22],[-121,-32],[35,-70],[-32,-42],[30,-21],[85,-17],[-84,-69],[-30,-42],[2,-38],[47,-44],[0,-35],[94,-49],[38,-31],[-7,-55],[65,-84],[-16,-34],[21,-42],[-8,-34],[33,-31],[12,-68],[-20,-58],[16,-107],[-46,-66],[-16,-60],[-67,-45],[-112,-151],[-21,-77],[29,-31],[-32,-50],[29,-31],[-39,-41],[-50,-5],[-47,-58],[-72,-37],[-96,-29],[-57,-6],[-118,37],[-134,23],[-99,8],[-33,-17],[-55,11],[-77,-26],[-38,-39],[-78,-22],[-85,75],[-86,23],[-37,-5],[-130,138],[14,42],[-20,92],[25,70],[-195,35],[-18,47],[-61,11],[-43,-15],[-13,-33],[-86,-1],[-54,-26],[-5,-34],[-103,-4],[3,69],[-113,10],[-41,31],[28,38],[57,-15],[52,45],[-44,30],[25,54],[-8,32],[-64,49],[-13,66],[71,59],[92,7],[54,17],[77,-10],[25,58],[-51,41],[-130,5],[46,40],[-19,27],[18,46],[-40,3],[-23,43],[22,23],[-11,67],[29,27],[-31,30],[-37,-9],[-71,29],[-14,75],[32,88],[-85,-15],[-79,55],[-23,-47],[43,-120],[-31,-52],[71,-118],[-83,-56],[1,-15],[-109,-53],[26,-49],[55,11],[66,-30],[-40,-29],[-61,-3],[-15,-33],[-49,-35],[-102,-41],[10,-86],[-39,-4],[-19,52],[-65,-2],[-111,65],[-8,30],[-168,41],[-56,-2],[-15,29],[-51,28],[7,76],[-45,22],[-45,-4],[-49,40],[-49,67],[-105,-34],[-179,45],[-61,2],[25,61],[-6,68],[-20,33],[94,12],[42,37],[13,41],[-8,70],[41,66],[-12,35],[34,24],[-7,49],[-27,47],[53,85],[68,32],[21,35],[1,87],[53,154],[39,41],[31,6],[8,72],[42,70],[-12,61],[31,93],[58,81],[49,45],[31,70],[33,42],[35,100],[47,57],[47,138],[2,57],[139,66],[6,30],[-120,69],[-11,-19],[106,-54],[6,-20],[-95,-28],[-39,-22],[-13,-50],[-42,-52],[-133,-78],[-11,-50],[-54,-66],[-60,-143],[-76,-85],[-17,-51],[-69,-73],[-43,-80],[-52,-52],[-10,-73],[-57,-36],[-69,-83],[-1,-41],[31,-38],[-8,-51],[-58,-37],[-93,-1],[-22,-73],[-104,-26],[12,-39],[84,-44],[-15,-36],[28,-18],[6,-116],[-34,-15],[-69,32],[-93,14],[-68,-19],[-7,-50],[32,-20],[87,-18],[65,-60],[-18,-36],[-73,-64],[47,-40],[4,-51],[-74,-102],[52,-23],[11,-63],[31,-22],[-21,-35],[30,-28],[81,-23],[110,39],[107,-42],[11,-14],[-59,-69],[114,-15],[62,-42],[13,-38],[239,-93],[3,-45],[109,-54],[87,-96],[45,17],[62,-45],[85,-43],[118,0],[37,-29],[-1,-54],[19,-92],[69,-78],[64,-48],[76,-24],[82,-9],[21,-60],[98,-25],[22,-38],[-20,-51],[31,-29],[-10,-29],[-79,13],[-118,-4],[-50,-19],[-28,-42],[11,-46],[-10,-48],[-31,-35],[-29,-103],[-53,-12],[-37,-43],[20,-87],[47,-25],[-58,-34],[-27,-49],[-34,-5],[-49,35],[-43,92],[-39,31],[-1,54],[-76,47],[-79,7],[-131,-31],[-49,12],[-77,-47],[-123,26],[-64,-54],[-36,-50],[-29,-9],[-9,-90],[-18,-41],[-105,-11],[-65,63],[-19,38],[-150,25],[-54,-16],[76,-45],[5,-45],[30,-43],[50,48],[77,-26],[40,-64],[145,-5],[37,-39],[80,16],[25,29],[28,74],[30,6],[61,-44],[51,-63],[49,-9],[19,-31],[93,-5],[33,-20],[57,-2],[95,-53],[74,-16],[-4,-61],[-81,-3],[5,-87],[-32,-124],[-67,-89],[-182,-99],[-47,-44],[29,-46],[-48,-51],[-109,-26],[-26,-61],[29,-43],[66,-22],[-60,-43],[-91,-91],[33,-53],[65,-5],[40,-40],[47,-98],[-57,-10],[-64,-49],[5,-38],[-62,2],[-15,42],[-57,61],[-39,4],[-73,-19],[-53,37],[-59,-18],[-19,-67],[-80,11],[-4,34],[-60,24],[-33,33],[-90,-6],[-78,-47],[-30,-63],[1,-60],[-81,-2],[-56,-17],[-50,53],[-35,57],[43,34],[-7,27],[-110,24],[-52,94],[-60,13],[-78,100],[-40,-29],[1,-62],[40,-52],[15,-73],[27,-20],[-8,-54],[-63,-14],[-58,20],[-18,-40],[28,-27],[7,-42],[65,25],[75,49],[102,-7],[49,19],[50,-46],[-86,-19],[53,-73],[81,-33],[55,34],[125,22],[28,-50],[68,-37],[59,20],[91,1],[43,-15],[34,-69],[133,-27],[-27,-41],[16,-52],[57,-16],[-13,-83],[29,-8],[-9,-50],[-51,17],[-71,-22],[-92,-68],[-76,20],[26,33],[29,87],[-45,79],[-42,20],[-102,-5],[-15,-20],[-81,-9],[-18,-65],[-72,-19],[-62,14],[-41,-27],[-46,16],[-55,-46],[-38,-68],[-6,-55],[-91,-48],[2,-27],[93,-28],[20,-34],[42,3],[22,-31],[-19,-41],[37,-45],[54,-24],[50,13],[108,92],[55,76],[121,95],[26,11],[35,-56],[-47,-41],[-44,-13],[-202,-146],[-44,-73],[47,-142],[-22,-70],[-45,-32],[-39,-3],[-79,27],[-210,-37],[-15,60],[-44,-15],[-42,-49],[27,-84],[-43,-18],[-134,20],[-48,27],[76,34],[14,88],[-67,41],[14,57],[-59,-7],[-73,-39],[-2,-39],[-81,-87],[64,-66],[-73,-58],[-37,-116],[60,8],[12,-62],[61,-21],[93,-9],[-29,-36],[-55,-8],[-43,26],[-47,-47],[-54,-11],[63,-64],[0,-55],[-57,-24],[60,-79],[56,16],[54,42],[0,22],[100,10],[16,38],[62,7],[19,45],[77,-18],[-17,-61],[59,-70],[-73,-62],[20,-66],[-33,-30],[56,-44],[-1,-35],[-47,-38],[-73,-35],[-99,-68],[-69,-22],[-78,-55],[-51,17],[-52,-13],[-17,-65],[-75,5],[-75,-39],[3,-68],[-17,-25],[-7,-93],[-45,43],[-72,29],[-70,-4],[-69,-20],[-39,-35],[-69,46],[-46,-35],[-76,-33],[-5,-22],[-110,-42],[-20,41],[49,36],[102,54],[26,62],[-42,37],[-23,88],[-35,47],[-33,9],[-83,65],[-69,37],[-130,5],[-61,50],[-239,25],[3,-58],[-61,-59],[-35,27],[-56,5],[-45,-14],[-66,-69],[-160,66],[-41,-28],[-62,4],[-42,-47],[-25,-58],[-45,22],[-74,-72],[-48,-24],[-38,-48],[-90,-24],[-21,27],[-74,16],[-82,-93],[-6,69],[-55,52],[-37,-4],[-6,82],[-24,9],[-51,128],[-77,111],[-3,31],[-122,29],[-94,-5],[-17,-53],[-42,-25],[-30,-78],[-38,-2],[-47,30],[-5,47],[-45,62],[68,98],[-13,24],[23,47],[-147,22],[-62,-64],[-34,28],[61,30],[-60,54],[-51,4],[-25,61],[-39,6],[-45,84],[-53,30],[-70,16],[-110,-82],[-78,22],[20,48],[50,10],[-38,39],[-60,-19],[-65,10],[7,31],[106,87],[-123,64],[4,66],[-150,89],[-94,70],[-53,63],[44,39],[5,32],[-36,34],[-28,121],[21,31],[-17,51],[9,63],[25,33],[-10,39],[26,35],[-5,51],[-66,35],[-23,70],[-35,25],[-85,107],[-43,-51],[-41,21],[-36,-12],[-44,-48],[-15,-44],[21,-62],[-27,-40],[15,-66],[-10,-31],[25,-28],[65,-9],[8,-47],[-65,-42],[-11,-63],[22,-26],[5,-62],[152,-81],[28,-60],[-16,-36],[92,-22],[102,-72],[61,-21],[25,-59],[-115,50],[-145,52],[-246,76],[-70,28],[-86,-48],[-41,-50],[-194,7],[19,43],[-53,36],[-51,7],[-69,-20],[-72,-60],[-49,1],[9,-45],[-22,-29],[-53,-2],[6,-38],[-64,-36],[-55,48],[-46,14],[-54,-14],[-49,35],[-36,-91],[-67,7],[-76,-16],[-58,35],[-26,68],[-57,-23],[-91,-17],[-137,27],[-76,-2],[-33,14],[-37,-28],[-127,12],[-46,-13],[-26,-38],[-57,21],[-14,35],[-44,4],[-7,37],[-102,25],[-72,-30],[-47,7],[-52,-24],[-45,16],[-52,67],[-2,69],[-15,28],[-114,64],[-75,-26],[-51,8],[-45,27],[-100,-25],[-69,-38],[-91,-22],[10,-27],[-67,-13],[-27,-40],[28,-63],[-45,-13],[-23,-44],[-93,-29],[-27,-22],[-50,2],[-65,-28],[-116,-29],[-28,40],[-102,100],[-50,0],[-13,67],[-130,29],[46,82],[-42,55],[41,16],[5,42],[45,12],[4,75],[26,20],[-41,57],[-188,94],[-117,25],[-126,-18],[-83,9],[-127,-10],[-1,36],[-58,9],[-55,30],[-95,-59],[50,-37],[15,-39],[-1,-90],[-52,-48],[-15,-77],[49,-180],[-28,-25],[16,-48],[-26,-38],[-134,-54],[-105,1],[-8,37],[-96,57],[-21,67],[-20,122],[-57,85],[-82,-12],[-98,-64],[-35,9],[-51,73],[28,71],[-26,41],[-116,1],[-72,-27],[47,-197],[45,-94],[-51,-28],[-30,73],[-25,27],[-45,-9],[-55,33],[-107,-58],[-62,14],[5,-60],[-74,-10],[-32,42],[-73,-38],[-10,-40],[13,-108],[28,-31],[-45,-33],[66,-84],[-7,-76],[-45,-26],[-74,39],[-58,-14],[-85,56],[24,30],[-41,85],[-33,22],[-118,-4],[-48,-34],[-8,-71],[-35,-31],[-5,-42],[-119,-13],[-80,46],[-40,11],[-106,-13],[-64,-119],[-33,-41],[-73,-19],[21,63],[-31,47],[54,87],[8,68],[-45,67],[50,4],[13,73],[27,56],[-40,41],[-8,89],[40,19],[35,137],[-39,11],[-54,64],[13,53],[-21,45],[-95,83],[-12,63],[18,95],[48,111],[-49,60],[-46,32],[-133,21],[-30,-59],[-44,-34],[-30,42],[28,48],[117,60],[-82,78],[19,21],[-80,71],[-55,91],[-51,43],[35,75],[-19,37],[-57,41],[8,40],[-21,61],[26,49],[-55,36],[-140,9],[-62,-4],[-67,11],[-4,29],[52,42],[-19,87],[-81,87],[-96,49],[-121,-14],[-64,19],[-126,-109],[-72,-7],[-30,11],[-23,49],[-70,11],[-25,24],[43,53],[69,0],[34,55],[-28,46],[29,18],[105,-6],[66,-24],[54,103],[46,64],[133,-69],[-6,-44],[28,-21],[78,-1],[38,27],[30,53],[-60,29],[6,51],[75,24],[11,-33],[47,-3],[81,-41],[26,-77],[8,-69],[28,-48],[-32,-8],[-16,-51],[-65,-70],[4,-70],[58,-48],[45,7],[80,134],[-45,96],[47,27],[-4,55],[16,41],[-67,24],[-31,41],[10,53],[-25,123],[-33,21],[-61,-16],[-25,-40],[-39,-16],[-49,52],[23,39],[-3,40],[34,16],[-7,39],[35,21],[7,51],[74,52],[66,-81],[61,-28],[113,-21],[-58,-30],[29,-44],[105,10],[89,-12],[17,-16],[222,-7],[76,12],[108,-14],[131,-50],[90,-26],[92,-63],[63,-10],[-38,-52],[-59,-33],[77,-21],[40,-47],[147,-2],[41,35],[-25,42],[-191,107],[-100,37],[-71,56],[13,20],[-84,24],[38,39],[37,-31],[44,13],[74,-56],[43,-9],[37,32],[41,-23],[39,15],[103,-49],[34,1],[3,51],[76,13],[48,-27],[97,-76],[15,27],[60,1],[82,-15],[82,-34],[18,-65],[-31,-69],[70,-63],[4,-33],[-82,12],[-31,-16],[50,-104],[42,-4],[12,-37],[42,-52],[28,-73],[-14,-72],[46,-22],[-30,-65],[54,-38],[56,-6],[8,-41],[35,-29],[27,-5],[36,12],[66,-20],[22,-26],[91,9],[19,15],[-21,63],[-47,9],[-89,-52],[-37,8],[-54,-14],[-3,32],[-30,36],[-69,17],[-8,48],[-37,81],[3,50],[-94,187],[30,62],[58,8],[92,-41],[25,-116],[49,-21],[39,-40],[35,15],[6,70],[60,45],[158,-18],[-12,57],[-62,-7],[-45,11],[-18,95],[-79,64],[11,36],[122,39],[68,-14],[99,22],[30,-32],[55,-13],[93,6],[139,-7],[52,-17],[-26,-58],[14,-81],[96,-91],[16,-51],[90,34],[14,105],[-90,46],[17,28],[-78,57],[-1,33],[122,1],[46,40],[15,57],[-41,64],[9,24],[-24,51],[15,84],[-27,56],[20,74],[88,24],[-14,24],[-104,22],[-20,29],[-75,-30],[-11,-72],[-69,-20],[-50,68],[-78,39],[-22,59],[-44,3],[-50,27],[-77,-7],[-44,-57],[-12,-80],[-34,8],[-85,86],[3,56],[39,115],[23,38],[-3,63],[-42,60],[-50,28],[-81,-33],[-139,-104],[-11,-67],[70,-49],[-10,-33],[-76,-32],[-44,-43],[-75,-34],[-20,-50],[-22,-160],[-31,-69],[3,-29],[-80,-51],[-82,22],[-135,-13],[-44,12],[-20,35],[-63,14],[-74,-2],[-31,40],[-82,45],[-2,56],[-32,90],[-41,2],[-4,-106],[15,-66],[-58,11],[-61,69],[6,30],[-49,46],[-43,73],[14,74],[-34,68],[-46,27],[-4,41],[-80,17],[2,35],[45,53],[40,1],[20,102],[-33,0],[9,-66],[-12,-32],[-76,32],[-47,-42],[-41,-74],[104,-22],[-17,-45],[-91,-29],[12,-51],[-46,-76],[21,-33],[116,-65],[-80,-59],[-57,-54],[-66,11],[-44,30],[-143,-106],[-46,13],[-2,33],[-178,53],[-130,6],[42,161],[-29,30],[-83,0],[-22,-29],[-144,-17],[-56,25],[-25,53],[4,41],[55,41],[-32,76],[-39,20],[-42,-18],[-93,23],[-31,90],[-73,19],[-1,42],[32,18],[6,56],[-47,32],[-59,-1],[-29,29],[64,37],[80,-8],[51,18],[53,39],[26,59],[-74,30],[-23,62],[59,58],[2,103],[-41,38],[56,26],[-4,57],[36,31],[9,41],[-43,56],[-67,34],[-67,4],[-95,-24],[-113,4],[-20,64],[-111,41],[-31,60],[-28,20],[-2,39],[-42,14],[-54,-35],[-49,35],[-43,-19],[-17,50],[52,20],[51,-21],[48,59],[-74,36],[-4,25],[-55,16],[-40,65],[73,53],[89,-37],[79,29],[8,30],[-83,11],[-38,-36],[-36,18],[-57,-2],[-51,-40],[-53,-8],[52,-111],[41,-13],[3,-33],[-41,-74],[34,-73],[39,6],[22,-45],[-7,-42],[57,-38],[-31,-25],[48,-106],[30,-38],[-22,-54],[16,-21],[-15,-49],[-127,-3],[-31,-24],[-48,29],[-76,-30],[-78,-128],[-13,-49],[-79,-10],[-64,20],[-24,27],[-129,8],[-54,19],[-38,-91],[72,-56],[4,-38],[-65,16],[-59,-1],[-27,-23],[12,-61],[64,-53],[39,-60],[106,-40],[144,70],[48,12],[53,48],[-4,44],[76,59],[-24,70],[69,14],[104,-24],[110,-3],[34,-66],[-44,-43],[8,-28],[-41,-39],[14,-30],[-22,-32],[11,-118],[72,-59],[-4,-26],[-62,-18],[-57,2],[-107,50],[-164,-43],[-33,-35],[20,-78],[-21,-45],[-41,20],[-136,23],[-68,-22],[-34,-94],[-25,-29],[-57,10],[-128,72],[-45,92],[-44,19],[-101,-81],[-45,-16],[-15,48],[29,15],[41,71],[70,-18],[56,70],[-28,79],[-69,33],[-62,-33],[-39,9],[-10,35],[-59,43],[-43,-11],[-36,97],[-99,-13],[-48,33],[22,63],[-7,65],[-35,44],[28,76],[23,26],[-4,53],[-27,20],[-13,52],[-105,-9],[8,41],[-54,20],[38,28],[-34,96],[66,-14],[21,21],[-21,60],[-31,34],[-62,5],[-62,94],[51,25],[43,118],[-26,27],[-62,13],[-12,46],[-97,19],[3,42],[55,63],[-50,43],[-110,27],[-137,-13],[-50,25],[-7,-87],[-51,-2],[-60,28],[-25,46],[41,47],[-40,116],[-36,36],[42,97],[-147,88],[-31,45],[-51,144],[-43,6],[-58,61],[-79,-17],[-80,60],[62,32],[0,103],[85,77],[-15,53],[-50,38],[-87,30],[-94,-29],[-79,-78],[-87,-23],[-66,32],[-39,2],[-72,125],[-79,65],[-43,18],[-71,-17],[-121,94],[137,20],[29,42],[-40,28],[-44,61],[-8,40],[66,64],[-1,65],[88,43],[38,2],[31,72],[-14,83],[-61,51],[-87,-20],[-27,25],[-127,59],[-29,31],[-49,-7],[-31,-39],[-51,-23],[-46,14],[-20,32],[9,47],[-78,13],[29,44],[-52,70],[-4,68],[16,22],[-68,28],[-57,51],[-71,21],[-33,26],[-81,22],[-3,21],[-86,44],[15,62],[-34,34],[-47,6],[-16,55],[48,70],[-88,11],[-4,62],[-56,36],[-68,107],[-48,13],[-107,4],[-24,31],[-63,-13],[-64,15],[-46,-13],[-44,14],[-58,-43],[-45,4],[-82,-45],[-102,-9],[-19,-33],[-53,-8],[-30,-26],[-101,6],[-87,23],[-72,-4],[-37,-35],[-113,-61],[-70,12],[45,31],[11,85],[29,15],[-113,53],[35,42],[-26,18],[35,45],[-16,83],[-46,15],[-6,29],[50,13],[-6,95],[-35,13],[22,42],[-1,57],[-37,26],[-4,38],[-31,48],[-89,-3],[31,57],[-27,47],[21,83],[-43,23],[-66,5],[-43,97],[-91,21],[-95,-4],[-17,51],[-33,8],[-41,41],[29,27],[-58,67],[-10,45],[-69,50],[-30,90],[-71,32],[-2,39],[52,33],[-18,18],[-29,88],[-26,30],[31,44],[-32,33],[-62,19],[-12,47],[-35,61],[-9,53],[-51,-2],[15,113],[14,15],[-8,63],[-26,22],[-22,69],[26,37],[-51,82],[-5,51],[19,22],[-68,63],[-9,54],[-35,18],[14,67],[-47,8],[-22,71],[7,52],[-49,-10],[-85,19],[-26,-8],[-84,80],[-53,-20],[-26,43],[25,29],[-22,61],[-40,47],[-7,54],[17,71],[31,10],[47,57],[42,23],[-23,28],[28,36],[60,-15],[-36,72],[9,74],[-119,-17],[-13,73],[-40,15],[-26,95],[4,56],[-27,15],[18,46],[-65,151],[-42,-7],[-42,49],[15,160],[-14,41],[-2,110],[10,103],[-62,35],[-162,49],[-71,-6],[-14,-20],[-86,16],[-57,-12],[-26,128],[2,64],[59,30],[6,45],[-37,40],[-45,13],[-73,-17],[-10,29],[-62,13],[-53,32],[-38,46],[-107,17],[-53,-5],[-129,-35],[-26,-19],[-6,-56],[-83,-4],[-44,14],[-27,-31],[-82,6],[-3,41],[-33,56],[-57,2],[4,119],[41,7],[34,-30],[52,22],[54,-27],[54,-1],[55,41],[25,43],[48,12],[57,53],[54,29],[18,29],[-61,63],[44,17],[29,53],[16,78],[-42,72],[32,81],[-89,45],[-43,2],[-46,-27],[-30,24],[-10,48],[-98,9],[0,37],[28,33],[-23,33],[32,31],[-80,40],[-8,53],[-42,28],[8,27],[-64,82],[-7,40],[19,40],[-107,78],[-53,17],[-14,49],[48,7],[18,87],[-3,71],[23,18],[-40,55],[-16,49],[-46,11],[22,84],[-26,28],[-114,-1],[-13,55],[-49,61],[3,30],[-56,54],[48,71],[44,-9],[41,58],[15,100],[75,34],[19,48],[-5,39],[-41,48],[19,33],[-102,46],[16,68],[-23,53],[-44,8],[4,51],[-60,50],[34,129],[-40,44],[-20,67],[41,54],[-5,46],[-55,8],[-105,79],[54,118],[0,50],[-34,33],[-1,33],[-73,-13],[-59,6],[20,74],[57,20],[11,64],[-38,44],[-78,33],[-61,144],[-64,28],[-9,34],[-50,20],[-59,64],[16,37],[-26,91],[13,70],[62,56],[91,33],[53,63],[14,43],[-41,99],[13,40],[42,52],[-8,72],[-70,133],[13,39],[-34,39],[-2,63],[-24,39],[-69,36],[-3,29],[-54,14],[-66,38],[7,50],[-8,83],[47,64],[-21,46],[-77,49],[74,110],[-32,73],[-65,-12],[-122,11],[-45,36],[-5,26],[-53,56],[28,21],[81,-4],[17,50],[173,-29],[105,-31],[23,-90],[27,-39],[95,-1],[3,-32],[73,-16],[-8,-38],[17,-72],[72,-40],[5,-50],[46,-11],[-8,-57],[-48,-36],[9,-95],[64,-24],[87,13],[49,-22],[-46,-44],[42,-60],[-16,-62],[40,-82],[125,-8],[97,-36],[15,-57],[-9,-93],[-48,-23],[-10,-32],[30,-62],[73,-35],[107,-11],[64,27],[0,46],[113,50],[24,-16],[119,-4],[23,-73],[-22,-27],[33,-66],[94,-10],[85,11],[81,60],[48,-5],[-56,-96],[-25,-188],[4,-92],[80,-36],[17,-37],[55,-25],[121,-30],[21,-61],[-5,-49],[70,-19],[7,-28],[49,-10],[39,22],[84,-12],[58,-39],[8,-42],[61,-3],[83,-90],[48,28],[41,-32],[6,-58],[71,-8],[32,-49],[75,-40],[35,2],[15,-57],[56,-33],[38,-3],[116,25],[40,30],[136,-61],[4,-28],[64,-9],[0,-36],[81,-13],[17,-52],[60,-38],[44,-59],[-8,-48],[48,-57],[99,-33],[23,-18],[-19,-59],[16,-48],[-12,-40],[-38,-22],[5,-88],[-25,-51],[13,-72],[-5,-48],[37,-43],[48,-103],[55,-62],[43,-217],[38,-90],[-1,-49],[30,-70],[-7,-63],[-41,-36],[-3,-81],[47,-91],[-7,-28],[26,-83],[7,-61],[46,-6],[39,-57],[93,-2],[8,43],[-12,59],[-63,67],[31,81],[-78,75],[37,119],[35,18],[-13,57],[46,136],[-65,59],[2,66],[-40,28],[3,63],[-23,112],[-62,89],[99,42],[-58,17],[-95,-2],[-35,-22],[-85,22],[65,58],[100,23],[34,20],[135,34],[48,26],[54,54],[79,6],[44,-96],[80,-22],[47,-60],[53,-2],[136,-68],[78,-69],[83,-38],[50,3],[48,30],[34,44],[85,32],[57,9],[127,-13],[121,-43],[122,-67],[94,-5],[79,-22],[64,13],[25,38],[59,0],[30,-58],[57,-2],[75,47],[30,41],[-90,118],[33,8],[119,-114],[48,-11],[60,39],[41,7],[72,50],[73,33],[46,2],[132,-32],[81,-62],[92,-7],[4,-64],[42,-160],[3,-57],[-31,-64],[12,-60],[-22,-123],[17,-34],[-8,-84],[43,-49],[19,-93],[-61,-48],[-7,-34],[26,-75],[-7,-29],[-107,-110],[63,20],[22,42],[53,52],[-21,108],[58,56],[2,54],[-24,65],[-26,24],[-1,66],[-18,82],[21,73],[-9,63],[34,102],[-14,59],[-4,88],[-19,50],[-15,93],[-91,13],[-91,57],[-121,35],[-87,0],[-70,-27],[-47,-45],[-126,-58],[-62,32],[-72,91],[-53,8],[-29,-27],[27,-52],[67,-67],[-81,-59],[-49,-5],[-30,52],[-81,2],[-23,-45],[-58,-12],[-38,16],[-108,20],[-168,103],[-109,41],[-58,13],[-115,-21],[-109,-54],[-51,-70],[-59,0],[-94,55],[-6,24],[-137,85],[42,45],[70,38],[54,58],[-57,66],[143,110],[37,60],[26,73],[-25,42],[-6,85],[39,39],[109,-50],[40,22],[11,34],[-64,22],[-10,63],[18,51],[-26,16],[-8,60],[68,11],[28,33],[86,46],[7,28],[-69,77],[-57,37],[-48,6],[1,-39],[-33,-52],[-114,-52],[-49,-132],[-83,-22],[-59,24],[-80,-14],[-21,36],[-52,20],[-51,41],[45,23],[43,-32],[84,7],[41,-16],[90,45],[12,54],[-47,71],[-52,50],[-41,93],[-36,26],[53,31],[-63,59],[-57,7],[-107,51],[-83,73],[-15,-79],[23,-24],[-52,-26],[37,-22],[51,-61],[-1,-21],[-107,-19],[-63,2],[-12,-36],[-48,-25],[40,-25],[42,6],[46,-30],[-62,-52],[51,-7],[-40,-81],[-50,-19],[-38,66],[14,49],[-35,105],[-132,20],[-21,48],[4,86],[-33,70],[4,66],[-13,30],[-92,31],[-30,21],[-74,16],[-133,41],[-82,10],[-35,64],[7,52],[-34,51],[-20,104],[-47,48],[-116,29],[-51,49],[-92,44],[-49,39],[-70,82],[-68,103],[-43,9],[-75,107],[-59,44],[-59,11],[-90,-20],[22,58],[6,67],[-12,27],[-68,62],[11,36],[46,33],[78,32],[7,87],[-45,103],[-43,37],[57,27],[1,44],[-45,-2],[-100,34],[-32,-9],[3,-72],[-45,-17],[-87,29],[24,62],[40,21],[27,57],[79,56],[18,71],[-10,125],[-33,34],[-69,17],[-57,57],[-122,27],[-38,-5],[-8,-54],[-54,-38],[-32,24],[10,71],[-45,64],[57,68],[53,19],[-8,50],[-43,-12],[-79,-51],[-70,31],[-72,-1],[-16,30],[-65,39],[-30,-33],[64,-28],[43,-68],[-24,-20],[40,-49],[50,-118],[-18,-46],[-65,11],[-126,-48],[-120,5],[-32,-54],[-60,0],[-72,-49],[-57,-59],[-60,-95],[-60,-45],[65,-70],[42,-22],[83,-15],[49,11],[39,36],[-26,95],[-34,23],[60,21],[23,-17],[-36,-44],[23,-71],[-27,-27],[3,-51],[-28,-55],[50,-97],[3,-39],[-126,-63],[-84,-12],[-80,10],[-120,45],[-29,43],[-100,56],[-93,10],[-155,-18],[-85,24],[-23,31],[14,34],[81,83],[117,79],[114,112],[78,103],[70,133],[33,137],[41,280],[18,199],[-11,76],[-14,191],[-49,247],[3,18],[-44,140],[4,28],[-61,169],[17,21],[-22,103],[-67,150],[15,27],[-27,95],[61,95],[-26,3],[-44,-67],[-5,-31],[24,-111],[2,-49],[24,-71],[35,-49],[23,-80],[-17,-14],[-201,424],[-76,164],[-94,169],[-81,130],[-38,89],[-262,418],[-30,24],[-70,125],[-91,34],[-27,71],[-57,20],[-7,42],[-109,33],[-35,0],[-84,35],[-40,55],[-26,68],[-82,11],[-120,80],[-127,62],[-72,63],[5,32],[-22,73],[-36,33],[-61,9],[-78,112],[-122,69],[-33,-3],[-125,71],[-63,51],[-53,62],[-73,37],[-23,53],[-18,120],[-18,13],[3,62],[-80,37],[-58,85],[-60,64],[-81,15],[-48,44],[-41,57],[-64,-21],[-69,14],[-36,54],[56,-4],[25,25],[-26,28],[-107,15],[-46,74],[-4,38],[-53,6],[-11,59],[-48,17],[-27,67],[-32,11],[-7,120],[21,20],[-56,84],[-94,35],[-28,31],[19,59],[-14,36],[-58,76],[-80,77],[-99,71],[-103,135],[-94,75],[-66,34],[-129,22],[-64,-38],[-64,-64],[-44,0],[-71,45],[-69,56],[-35,7],[-31,70],[-31,20],[23,64],[-45,45],[6,48],[-22,17],[-37,81],[-4,38],[26,41],[119,39],[55,44],[-2,77],[-17,64],[75,38],[31,45],[68,43],[79,24],[99,53],[57,17],[59,55],[65,97],[102,51],[48,47],[129,32],[75,-3],[60,25],[34,56],[101,52],[110,2],[108,-6],[59,-13],[69,10],[55,-8],[55,-36],[51,-12],[89,-46],[-4,-46],[44,5],[-38,69],[-30,4],[-179,83],[-112,-6],[-151,16],[-130,1],[-95,-38],[-56,-79],[-49,-18],[-122,1],[-87,-25],[-36,-44],[-143,-78],[-27,-52],[-73,-67],[-254,-84],[-55,-50],[-45,-64],[-53,-19],[-17,-38],[-63,17],[-58,89],[-67,30],[8,68],[-37,1],[-20,42],[14,65],[-83,56],[78,96],[-4,77],[-48,61],[3,53],[-28,13],[-49,128],[-72,101],[-16,100],[-44,28],[9,24],[-82,140],[-32,29],[-23,55],[-96,106],[-31,65],[-161,213],[-77,115],[-39,40],[-49,85],[-97,123],[-130,125],[-63,32],[15,18],[-95,101],[-38,73],[19,48],[-107,70],[-51,68],[-7,30],[-92,72],[11,40],[-42,70],[-85,117],[-46,22],[-50,62],[-51,34],[-101,10],[-36,37],[19,31],[-105,63],[-63,3],[-55,31],[-3,55],[62,21],[27,63],[76,-26],[65,4],[80,30],[62,48],[40,48],[40,92],[3,92],[-18,126],[-34,125],[-50,130],[-105,173],[-85,66],[-27,45],[-65,47],[-32,5],[-65,55],[-53,11],[-37,70],[10,30],[-33,69],[20,48],[-61,79],[-124,38],[1,30],[-59,-5],[-44,83],[45,19],[-20,61],[20,47],[-80,11],[-32,65],[33,12],[-1,52],[-59,37],[4,35],[-22,119],[-64,70],[-89,30],[-17,49],[-50,54],[-44,-4],[-31,27],[13,47],[-54,57],[92,55],[-56,13],[-6,86],[10,44],[39,10],[24,55],[-19,54],[62,65],[2,56],[-49,75],[-18,73],[14,34],[-59,59],[-57,4],[-22,37],[20,75],[-13,22],[-67,34],[21,42],[-45,44],[-17,50],[45,16],[-12,29],[42,46],[18,113],[-40,61],[-70,4],[-21,27],[21,65],[-5,51],[-58,41],[23,73],[61,25],[26,64],[-3,51],[23,62],[-12,176],[-32,106],[-45,100],[-69,95],[-62,111],[53,60],[91,60],[78,-29],[48,8],[31,42],[-2,50],[-35,28],[9,35],[67,-3],[27,-40],[56,-35],[28,-37],[37,-13],[51,23],[81,-43],[51,14],[56,-23],[56,22],[54,-66],[71,-9],[52,27],[69,-34],[116,-12],[105,-75],[88,-30],[20,-31],[93,-83],[17,55],[-69,3],[-57,66],[-103,33],[-40,39],[-75,37],[-91,5],[-100,39],[-27,-29],[-71,8],[-26,63],[-32,5],[-41,-27],[-41,22],[-65,-10],[-87,46],[-83,-17],[-26,37],[-66,41],[-23,38],[-62,13],[-33,-60],[36,-35],[-5,-48],[-63,-20],[-66,28],[-156,-72],[-49,25],[-27,44],[-55,23],[-144,10],[0,51],[-90,32],[13,49],[-59,88],[-65,59],[-86,41],[-9,58],[-48,26],[-55,64],[27,19],[72,-14],[114,53],[15,38],[57,20],[30,118],[-14,24],[5,67],[-41,52],[49,100],[13,84],[-19,103],[-28,21],[-41,83],[-68,3],[26,36],[-24,35],[-40,6],[-74,-14],[-17,42],[19,82],[137,47],[23,-13],[53,50],[28,90],[75,21],[157,16],[35,61],[54,17],[7,83],[-64,35],[0,64],[86,-57],[61,-19],[93,-13],[94,-41],[56,15],[64,39],[70,81],[86,130],[77,136],[31,91],[11,63],[-70,54],[102,29],[36,31],[22,66],[1,130],[-17,120],[-63,33],[-17,36],[-66,48],[6,61],[23,33],[-5,51],[-73,36],[11,65],[62,21],[-33,51],[75,65],[-20,57],[-94,107],[99,58],[34,31],[28,59],[-4,60],[13,73],[-41,110],[-52,30],[-63,5],[-51,-36],[-35,7],[-76,71],[-23,72],[13,39],[4,172],[-48,18],[-1,66],[-47,18],[22,83],[93,9],[-21,84],[60,14],[-20,60],[94,36],[20,61],[-6,54],[-33,30],[-62,1],[-34,57],[-31,15],[40,47],[-24,39],[74,40],[-20,24],[31,51],[109,43],[114,20],[51,20],[51,51],[7,42],[59,84],[59,25],[29,-59],[-17,-41],[19,-36],[-5,-54],[56,-83],[123,-112],[62,-198],[-56,-12],[-31,59],[-29,4],[-39,-35],[25,-68],[55,-38],[15,-48],[44,6],[35,27],[62,-22],[74,-44],[86,20],[44,-23],[55,-85],[-2,-39],[-29,-68],[-37,-43],[0,-56],[29,-31],[21,-60],[-28,-60],[13,-43],[73,-3],[17,43],[49,62],[-18,205],[36,47],[62,16],[186,-45],[65,-23],[52,-68],[-18,-58],[55,-44],[41,55],[93,37],[86,22],[108,-4],[38,-41],[10,-90],[26,-69],[0,-48],[-25,-49],[4,-43],[103,72],[56,-1],[71,-19],[59,-43],[86,-11],[33,-23],[111,-24],[31,-18],[206,-19],[113,9],[60,-15],[112,-53],[8,-47],[-37,-27],[93,-52],[66,59],[115,66],[128,-2],[9,22],[65,-11],[245,61],[8,32],[110,58],[59,-26],[53,-76],[46,1],[57,-55],[23,-66],[57,-22],[-40,-62],[36,-31],[25,-64],[89,95],[58,-22],[-77,-57],[-16,-53],[21,-10],[80,21],[31,49],[87,25],[-30,-62],[-37,-34],[69,-22],[-22,-44],[-57,-65],[71,-5],[22,-40],[47,28],[29,48],[77,-24],[9,67],[26,20],[82,-45],[105,-36],[9,-45],[68,-32],[85,-139],[-12,-47],[57,9],[39,-120],[32,-8],[32,38],[-18,26],[16,40],[131,-57],[62,-5],[0,-43],[-23,-91],[57,19],[75,-40],[34,7],[2,51],[-43,8],[-25,47],[51,53],[56,13],[71,-58],[40,-52],[16,-63],[-30,-34],[74,-20],[37,-28],[-9,-32],[38,-50],[149,152],[-23,76],[149,-9],[78,31],[94,-39],[87,-24],[34,33],[-37,19],[-16,49],[-96,60],[-107,26],[-64,-22],[-28,65],[-112,41],[-147,29],[-77,-22],[-48,86],[36,7],[132,-18],[196,-60],[202,-35],[252,-15],[222,-1],[125,6],[265,33],[129,32],[137,45],[145,59],[53,-14],[-107,-113],[-149,-66],[-181,-46],[76,-50],[166,-2],[56,-8],[110,48],[58,44],[59,18],[8,70],[29,53],[59,57],[15,39],[-32,43],[-8,115],[25,100],[47,127],[-1,117],[-14,42],[-98,15],[-24,126],[-32,54],[-76,20],[34,55],[-28,54],[29,44],[-13,35],[58,15],[41,28],[65,-91],[56,-35],[-4,-72],[49,-65],[45,-39],[84,-40],[95,21],[90,-33],[39,-81],[-68,-89],[45,-76],[111,-30],[40,-45],[-54,-50],[-97,17],[-48,38],[-66,-35],[-55,-69],[-91,-162],[-62,-72],[-23,-129],[-68,-9],[30,-79],[7,-60],[101,-70],[81,-20],[6,-54],[-31,-17],[-23,-57],[71,-41],[0,53],[48,31],[67,-18],[-22,48],[8,68],[-28,54],[-31,126],[-85,101],[64,-28],[100,-170],[66,-95],[90,-109],[76,-80],[26,-61],[-64,-54],[57,-56],[53,-35],[-36,103],[20,31],[39,-3],[131,-87],[160,-67],[76,-17],[87,8],[79,-21],[112,3],[89,20],[79,-8],[46,19],[30,-15],[61,1],[-3,-32],[33,-29],[87,-28],[41,35],[71,-11],[60,-28],[25,-38],[87,-13],[17,-38],[95,-37],[132,-30],[93,-13],[28,-43],[89,38],[229,9],[146,24],[90,29],[85,78],[62,16],[33,33],[-9,41],[30,24],[104,-30],[2,-35],[38,-20],[-61,-53],[2,-34],[76,-81],[62,-39],[-21,-73],[34,-24],[-26,-28],[51,-62],[158,-86],[72,-83],[61,-8],[37,-31],[-41,-29],[35,-47],[175,-76],[123,7],[128,26],[111,-29],[61,-80],[54,-32],[78,-21],[60,2],[37,-15],[49,27],[47,-31],[62,-60],[43,-18],[113,-7],[28,12],[83,-43],[71,-7],[65,-40],[118,1],[27,16],[184,-18],[80,17],[103,-28],[93,5],[115,-27],[143,-43],[78,31],[89,-20],[43,-39],[7,-109],[-65,-44],[-49,-90],[1,-30],[65,-79],[-3,-25],[50,-65],[85,-46],[-10,-25],[55,-34],[114,-23],[83,-24],[52,-45],[94,2],[56,-65],[94,-49],[19,-62],[52,-70],[65,-22],[27,-29],[67,-36],[50,-48],[76,-6],[3,-33],[118,-34],[40,-24],[86,-7],[32,-25],[67,-6],[77,-26],[55,4],[116,-30],[63,11],[133,6],[86,-7],[62,18],[43,-55],[59,-27],[160,5],[55,-10],[21,-37],[53,-19],[44,8],[42,-57],[12,-41],[-16,-56],[31,-21],[132,-52],[94,-15],[99,1],[70,26],[67,-8],[83,29],[40,1],[80,-23],[37,-32],[39,17],[73,-68],[69,-28],[59,-4],[125,-42],[56,0],[137,-120],[57,-36],[48,-8],[45,-28],[89,-15],[47,-33],[78,-18],[84,-3],[13,-39],[66,-29],[81,20],[115,-29],[64,-60],[45,-63],[70,-36],[98,-1],[116,-28],[100,-4],[52,-39],[81,0],[23,14],[87,-12],[46,-34],[68,-21],[-33,-91],[65,-49],[125,-21],[46,-32],[70,-15],[140,-6],[61,-44],[50,-77],[8,-67],[-61,-9],[-27,38],[-69,-1],[-52,-108],[-60,14],[-40,45],[-92,-15],[-91,46],[-16,-35],[-93,5],[36,-54],[54,35],[34,1],[55,-49],[86,22],[-3,-44],[101,-19],[113,89],[138,24],[5,91],[42,1],[180,-37],[195,12],[76,-40],[86,12],[82,-10],[68,-45],[57,-17],[64,4],[195,34],[36,-25],[6,-67],[-40,-32],[2,-54],[-58,-88],[75,38],[65,11],[-1,38],[-29,38],[-7,142],[54,64],[40,-2],[138,-34],[82,-52],[172,-27],[195,11],[109,27],[58,27],[25,-11],[85,32],[72,-21],[43,-26],[-26,-42],[6,-39],[67,29],[109,-8],[14,19],[100,-9],[16,40],[61,-16],[-27,-27],[59,-45],[69,-11],[-12,-71],[-34,-55],[18,-42],[-13,-70],[17,-48],[35,-27],[4,-35],[-99,-110],[-49,0],[-14,-73],[28,-51],[100,30],[39,-54],[-25,-40],[27,-50],[68,-13],[8,-42],[-26,-40],[109,-37],[20,-26],[55,35],[93,15],[70,-2],[-17,-49],[39,-15],[39,31],[-31,40],[-115,39],[-66,15],[-62,54],[-109,168],[-48,37],[-44,-4],[-49,40],[21,33],[77,55],[-8,68],[-36,52],[-17,91],[17,43],[33,27],[48,3],[83,37],[103,-9],[72,-40],[114,10],[216,66],[111,60],[26,-9],[67,23],[103,2],[146,14],[36,-11],[123,9],[168,51],[240,92],[131,59],[216,113],[109,74],[28,50],[-31,54],[16,24],[63,23],[56,-83],[93,-22],[-29,-147],[-3,-59],[48,-66],[-11,-36],[-34,-12],[-7,-46],[51,-47],[141,-43],[37,-38],[24,-64],[-18,-28],[126,-77],[-11,-39],[15,-52],[33,-47],[-100,-50],[9,-27],[-32,-37],[72,-83],[-6,-58],[35,-87],[-13,-17],[89,-54],[-69,-94],[-78,-10],[-12,-125],[116,-20],[-79,-40],[50,-28],[33,15],[48,70],[-1,47],[-86,3],[46,36],[55,65],[56,25],[28,32],[-7,62],[22,44],[-22,43],[-2,61],[58,-39],[-24,-63],[14,-41],[92,-8],[36,-43],[-11,-46],[-30,-21],[25,-47],[-7,-52],[35,-79],[43,20],[-21,49],[36,44],[-29,66],[30,70],[-20,55],[42,51],[74,6],[-31,37],[-40,-9],[-60,-48],[-34,-47],[-44,48],[-67,-14],[2,42],[35,19],[-50,115],[-49,31],[-69,20],[56,47],[9,55],[-64,58],[61,51],[-12,78],[25,78],[72,44],[78,-20],[7,65],[84,40],[28,43],[-34,21],[-35,-45],[-64,-1],[-61,-16],[-121,37],[-117,-82],[-66,-20],[-44,35],[-25,50],[5,33],[40,50],[6,38],[88,-12],[88,8],[176,33],[125,38],[85,33],[219,115],[129,92],[29,46],[-13,18],[25,55],[77,8],[72,60],[-1,21],[-76,131],[24,38],[42,20],[58,-10],[61,18],[49,-35],[151,-50],[39,-21],[61,14],[121,65],[118,69],[204,173],[21,34],[-97,125],[26,12],[91,-7],[51,-36],[4,-46],[115,-30],[20,-49],[43,-15],[91,3],[49,-33],[7,-59],[87,-4],[106,64],[46,19],[91,-6],[91,-46],[63,-49],[31,-41],[73,-36],[39,-41],[18,-75],[70,-59],[4,-38],[-64,-2],[-20,-53],[33,-9],[42,-45],[51,26],[70,4],[63,-48],[-8,-50],[26,-47],[-30,-37],[23,-61],[69,-20],[44,-36],[-122,-13],[-8,36],[-97,2],[-58,-52],[-124,3],[-48,-52],[-72,-46],[5,-22],[-44,-31],[-60,19],[-81,-15],[54,-137],[-4,-35],[38,-13],[9,79],[40,11],[47,53],[54,21],[97,84],[92,-33],[131,46],[49,-11],[42,14],[34,-17],[30,-43],[47,-12],[-20,-83],[31,-90],[-34,-83],[64,-27],[62,-4],[55,-25],[30,-61],[-44,-58],[-20,-57],[35,-33],[-26,-33],[2,-36],[52,-17],[-11,58],[41,13],[13,34],[62,26],[58,-19],[40,10],[-127,102],[12,48],[-51,90],[-72,42],[22,32],[61,-23],[28,-32],[90,-14],[57,-49],[68,25],[26,33],[70,48],[66,88],[13,43],[64,53],[181,-57],[112,-62],[43,7],[74,-42],[40,-56],[77,-37],[79,-13],[16,-37],[41,-18],[15,-61],[-57,-14],[-93,-52],[-16,-36],[-82,-32],[96,-36],[-26,-32],[5,-40],[-32,-34],[-72,-27],[-4,-46],[-64,10],[-22,52],[-49,-19],[40,-77],[98,-83],[99,-60],[19,-33],[57,-34],[39,-5],[25,-32],[105,-59],[24,-39],[-12,-94],[64,-95],[81,-73],[13,-56],[65,-23],[47,4],[21,32],[130,85],[26,-27],[69,-23],[-47,-37],[-30,-64],[36,-78],[104,-50],[-10,-48],[20,-50],[-22,-99],[-51,-78],[-47,1],[-19,-29],[29,-35],[10,-65],[-27,-26],[59,-72],[162,-103],[77,-25],[64,5],[56,-19],[56,15],[54,-61],[-5,-27],[31,-42],[92,-80],[155,-100],[47,-83],[46,60],[126,17],[14,27],[82,24],[37,24],[32,54],[30,7],[128,-25],[92,-54],[11,-38],[-48,-28],[-58,-65],[-8,-70],[39,-61],[38,-85],[-4,-127],[-12,-57],[27,-71],[45,-48],[44,-18],[90,-63],[81,-26],[218,-22],[65,-62],[3,-45],[61,12],[32,-47],[-15,-26],[-66,-37],[-29,-37],[17,-60],[51,-44],[56,-90],[77,-60],[-14,73],[-33,14],[-120,136],[-1,34],[96,47],[33,61],[-72,65],[-73,43],[-37,71],[-65,44],[-55,17],[-145,86],[-25,101],[-28,41],[-74,50],[-67,59],[-20,39],[-42,126],[7,50],[63,37],[25,34],[-6,39],[-99,113],[-29,22],[-94,17],[-78,-16],[-135,-68],[-54,22],[9,57],[-12,35],[-36,24],[33,27],[-11,43],[-53,27],[-83,18],[-45,-4],[-45,27],[-59,6],[-59,-16],[-152,9],[-94,-10],[-78,22],[-90,9],[-51,47],[-63,18],[-21,77],[28,55],[59,35],[26,38],[58,16],[22,36],[55,18],[65,39],[119,29],[66,4],[17,76],[-60,25],[4,30],[-95,43],[-19,45],[-45,48],[8,29],[-58,27],[4,21],[-81,82],[-77,19],[-28,43],[-68,19],[-24,40],[5,40],[-49,20],[-38,-21],[-107,27],[-57,36],[-41,-9],[-67,46],[-35,9],[0,61],[-17,36],[21,77],[-31,94],[-53,-25],[-35,-45],[-45,-31],[-38,5],[-115,-57],[-120,67],[-15,49],[53,60],[40,-24],[53,9],[70,51],[-56,69],[-25,50],[28,30],[3,61],[77,13],[46,41],[125,22],[122,-23],[42,-33],[54,-69],[67,5],[-108,146],[-135,47],[-82,44],[-80,57],[-70,37],[-174,130],[-108,94],[58,2],[-18,61],[-119,1],[-27,23],[25,42],[-90,3],[-64,27],[-84,61],[-86,11],[-63,-11],[-28,-29],[-60,-9],[-102,-58],[-204,2],[-91,29],[-57,-9],[22,63],[-24,42],[-67,-25],[-119,94],[94,59],[-16,100],[48,23],[-9,33],[-63,-27],[-58,-8],[-34,48],[12,20],[-26,84],[22,59],[-56,110],[-41,56],[-52,38],[2,91],[-43,22],[-31,64],[-132,50],[42,66],[65,-66],[42,0],[19,-33],[53,-5],[90,40],[60,52],[45,22],[53,67],[35,64],[81,45],[91,8],[148,66],[55,39],[85,25],[119,70],[59,84],[30,-17],[68,6],[39,-34],[49,-72],[49,-21],[125,8],[53,28],[69,-8],[59,-38],[54,-5],[64,22],[59,-6],[124,41],[114,30],[56,-7],[34,19],[57,59],[80,64],[102,50],[144,104],[116,107],[22,65],[94,61],[70,-28],[99,21],[51,43],[89,-1],[126,-120],[75,2],[94,15],[104,38],[72,-22],[134,-87],[6,-49],[57,-18],[86,8],[101,31],[33,42],[56,-33],[49,-2],[39,-24],[141,37],[73,4],[-9,-59],[98,-48],[151,-48],[44,4],[20,-31],[64,-12],[91,-43],[65,12],[44,-22],[-85,-44],[-69,-68],[-3,-85],[51,19],[4,49],[62,23],[74,104],[-26,40],[49,45],[80,-30],[95,6],[79,34],[148,95],[46,0],[45,-23],[42,26],[131,44],[86,52],[110,85],[74,70],[60,85],[97,103],[62,116],[-11,34],[37,16],[72,4],[103,43],[37,33],[76,4],[90,59],[41,-39],[-31,-16],[29,-62],[109,-66],[54,-16],[118,-8],[120,16],[85,25],[135,71],[82,60],[26,32],[78,34],[27,-6],[28,-62],[68,-69],[26,-44],[-26,-113],[85,-136],[-14,-55],[66,-6],[106,11],[72,-38],[118,-31],[68,-42],[15,-30],[-28,-59],[28,-87],[67,-39],[-8,-48],[34,-47],[43,-10],[28,-33],[145,-16],[8,32],[-146,12],[-6,46],[165,-7],[166,23],[124,28],[38,-2],[244,98],[77,48],[179,77],[156,84],[115,77],[116,90],[117,100],[109,103],[91,95],[294,324],[65,92],[64,106],[71,75],[47,17],[53,53],[-13,22],[116,154],[62,95],[-16,45],[-36,27],[-6,39],[112,-16],[27,67],[50,46],[-8,57],[67,52],[90,-10],[60,4],[100,28],[66,8],[106,51],[127,44],[26,47],[67,1],[73,53],[58,63],[114,52],[14,-19],[-25,-61],[52,-37],[63,-23],[144,-96],[-5,-29],[54,-50],[-2,-24],[43,-58],[93,-78],[102,-52],[90,-15],[136,10],[227,64],[125,3],[38,-13],[25,-72],[-5,-31],[119,-57],[23,-28],[81,-31],[15,-34],[62,-35],[45,3],[218,-54],[76,8],[95,-21],[42,0],[80,-28],[28,8],[155,-9],[292,87],[178,100],[125,51],[37,-2],[-70,-96],[10,-37],[35,-17],[97,-4],[-49,38],[-13,46],[6,52],[40,42],[-8,37],[51,53],[177,142],[209,219],[165,215],[124,186],[83,131],[0,25],[-41,49],[12,98],[31,31],[39,-20],[45,33],[61,142],[12,93],[-17,28],[-44,3],[-22,31],[-42,13],[-32,-24],[-67,3],[-3,44],[-36,19],[14,37],[-30,55],[46,14],[20,-33],[83,-54],[49,11],[93,-8],[84,37],[82,22],[27,33],[67,-39],[75,11],[30,-21],[116,-5],[90,-20],[113,-12],[18,-31],[51,-25],[8,-37],[38,-12],[86,11],[73,26],[3,-69],[66,-72],[-62,-39],[35,-56],[71,-55],[16,70],[-72,32],[10,31],[73,-46],[66,-16],[89,-41],[54,-9],[172,-6],[75,13],[30,24],[45,-51],[37,-6],[25,-44],[101,-89],[80,-55],[18,-62],[55,-85],[83,-111],[69,-73],[122,-102],[94,-69],[120,-75],[-111,22],[-69,48],[-34,50],[-81,-32],[4,86],[-51,51],[-57,-19],[-10,-61],[8,-49],[-20,-37],[36,-37],[92,-23],[80,-8],[24,54],[131,-67],[75,-8],[22,-18],[106,-24],[240,-11],[35,11],[35,64],[-14,59],[-39,33],[26,18],[3,48],[35,0],[57,-52],[-4,-30],[42,-52],[161,-107],[124,-57],[119,-31],[87,4],[-7,-52],[-27,-69],[6,-131],[21,-54],[65,-91],[53,-22],[25,-56],[50,-40],[101,-36],[53,17],[69,-38],[88,-17],[52,-102],[61,-36],[-13,-80],[19,-57],[75,-109],[80,-91],[75,-62],[44,-10],[59,-70],[53,-34],[56,-6],[7,-56],[-17,-34],[4,-58],[34,-112],[32,-46],[112,-55],[26,-31],[-9,-55],[27,-67],[58,-47],[16,-40],[79,-44],[58,-3],[64,38],[80,-10],[59,-46],[-125,-19],[-124,-75],[-64,-69],[-56,-32],[-175,-195],[0,-16],[-82,-65],[-51,-69],[-32,-67],[-21,-74],[-8,-146],[-45,-10],[-52,119],[42,59],[38,127],[-18,15],[-68,-36],[-73,24],[-58,-13],[-95,-49],[-52,-43],[-35,-8],[-35,-48],[50,-55],[53,3],[94,-50],[107,15],[51,-22],[18,-56],[74,-54],[57,-11],[-29,-66],[-41,-37],[-44,-119],[-8,-69],[-50,-52],[-25,-106],[-80,-83],[-66,-142],[-35,-189],[19,-90],[-2,-111],[27,-52],[44,-29],[12,-80],[47,-49],[51,-8],[-22,-42],[30,-32],[-48,-32],[-15,-65],[-61,-26],[-81,-77],[-91,-15],[-72,-80],[104,21],[77,24],[-3,-89],[28,-151],[-87,35],[-4,-24],[79,-61],[166,3],[13,-20],[-44,-40],[30,-50],[-24,-16],[17,-116],[47,-78],[82,-91],[-16,-32],[95,-96],[-111,-14],[28,-33],[58,-13],[67,40],[139,57],[44,-47],[-7,-45],[127,29],[53,47],[65,-63],[54,-12],[3,-73],[-50,-28],[-26,-70],[9,-47],[-39,-25],[-17,-37],[-54,-48],[-90,-3],[-21,-52],[-90,-63],[0,-77],[34,-55],[-85,-56],[-96,-15],[-96,-4],[-7,92],[70,73],[-24,46],[9,72],[-69,-2],[-133,25],[1,-64],[-77,-69],[8,-137],[-52,-88],[59,-71],[-4,-39],[-81,-46],[-88,-9],[-45,-39],[-33,18],[-62,-12],[-53,-53],[-82,56],[-30,46],[-43,-39],[81,-73],[62,7],[32,-26],[85,-7],[39,-42],[10,-45],[36,-29],[78,14],[69,-5],[159,129],[82,55],[110,20],[114,67],[49,78],[-4,62],[30,53],[44,38],[97,32],[32,69],[33,32],[3,55],[29,36],[7,69],[69,-52],[81,16],[112,74],[58,11],[30,-20],[-2,-87],[-62,-23],[-21,-41],[-56,4],[-132,-96],[-99,-102],[-45,-58],[-49,-88],[-43,-112],[-26,-147],[-60,-162],[-159,-255],[-69,-67],[-45,9],[-96,-14],[-21,-17],[-73,-11],[0,-72],[124,-22],[14,31],[-27,22],[65,72],[43,-11],[-43,-109],[-21,-86],[-10,-160],[-46,-53],[-61,-95],[-59,-157],[-21,-113],[20,-49],[-53,-65],[-39,-82],[-28,-93],[-15,-111],[-109,39],[-29,-2],[-60,37],[-53,1],[-32,-40],[-82,14],[-49,-20],[112,-95],[33,9],[-10,69],[46,49],[46,-28],[64,-9],[119,-45],[-17,-127],[12,-206],[29,-120],[-24,-7],[-59,121],[-78,73],[5,40],[-94,-55],[11,-22],[84,-2],[25,-48],[42,-15],[11,-49],[-14,-40],[100,-76],[71,12],[23,-138],[34,-36],[11,-152],[24,-37],[3,-57],[42,-44],[10,-38],[-36,-42],[39,-100],[36,-43],[54,-21],[18,-28],[73,14],[47,-52],[23,-79],[38,-26],[98,-21],[-2,-73],[23,-60],[-9,-54],[21,-34],[-5,-41],[29,-80],[-10,-150],[21,-149],[-37,-45],[-45,-18],[-1,-58],[20,-42],[-31,-21],[-35,-58],[-80,-34],[-83,-92],[-65,-111],[-36,-104],[-15,-71],[-8,-170],[18,-56],[63,-49],[-29,-50],[-30,0],[-39,-62],[-21,-64],[-27,-159],[15,-107],[56,-110],[84,-65],[47,-14],[43,12],[22,-102],[-75,-17],[-49,5],[-76,-37],[-50,-55],[-50,-76],[-22,-66],[-48,-102],[-68,-94],[-61,-147],[-26,-109],[-5,-72],[8,-87],[30,-127],[-5,-54],[13,-111],[21,-74],[63,-124],[114,-99],[51,-24],[11,-62],[117,-44],[48,-46],[45,11],[10,37],[93,-56],[1,-41],[-37,-9],[11,-38],[-49,-15],[-16,-42],[37,-36],[-39,-50],[24,-44],[111,-123],[69,9],[-21,-84],[40,-30],[37,-68],[-42,-55],[10,-22],[-51,-29],[-38,-48],[-45,-3],[-88,-53],[-35,-91],[4,-105],[18,-47],[44,-27],[40,-94],[-57,-37],[-80,-6],[-80,-91],[-55,-145],[-16,-113],[-27,-19],[-32,-143],[-3,-395],[32,-112],[69,-104],[61,-37],[37,-49],[148,4],[34,-78],[9,-81],[62,-41],[-5,-66],[59,-32],[41,-40],[-12,-118],[58,-106],[44,-30],[57,-12],[66,8],[30,-76],[-35,-36],[60,-68],[5,-62],[-19,-27],[-99,-30],[-25,-26],[2,-62],[-113,24],[-65,-16],[-16,-62],[52,-122],[5,-42],[-45,-10],[-9,-49],[-58,-29],[-3,-30],[-44,-31],[-59,3],[-70,-15],[-65,-61],[50,-86],[53,-30],[56,-5],[35,51],[63,26],[84,-27],[19,-23],[105,-28],[94,-74],[88,-10],[71,34],[10,-33],[-20,-33],[7,-40],[57,-73],[-53,-132],[-69,-55],[-52,-60],[21,-35],[-18,-36],[43,-81],[-102,-56],[-92,-4],[-42,-42],[-68,-105],[-8,-57],[19,-120],[-64,-35],[-11,-29],[36,-41],[-8,-33],[-163,-29],[4,-83],[80,-41],[-74,-46],[-144,-46],[-43,1],[-45,25],[-8,42],[32,30],[-24,62],[-6,83],[-57,73],[-73,46],[-64,13],[-29,-38],[-99,30],[-73,4],[-49,29],[-48,55],[-30,127],[11,51],[-24,43],[39,32],[45,-18],[42,33],[58,-16],[64,39],[47,73],[-21,40],[64,58],[4,61],[144,81],[34,31],[25,97],[-55,94],[-131,147],[-87,61],[-81,-11],[-57,17],[2,93],[80,98],[63,56],[57,33],[128,18],[79,50],[75,13],[7,51],[59,39],[-44,82],[-62,33],[-40,-31],[-91,-15],[-34,48],[20,29],[-63,56],[-75,46],[-69,24],[-131,-5],[-21,-23],[-78,-1],[-84,49],[-11,77],[-83,38],[-11,67],[58,33],[8,38],[-36,24],[-86,30],[-43,33],[-132,52],[-141,44],[28,56],[38,22],[55,-44],[61,-18],[29,20],[4,41],[-65,38],[-83,0],[-169,25],[-87,-27],[-41,-80],[-57,-38],[-71,10],[-118,-21],[-140,10],[-55,28],[-17,138],[37,68],[46,31],[90,26],[47,-2],[18,31],[-55,27],[5,69],[20,31],[85,4],[52,18],[86,60],[65,16],[61,-30],[107,-13],[104,51],[43,54],[13,49],[33,42],[53,17],[36,36],[2,38],[82,116],[83,37],[27,29],[37,76],[2,61],[-16,45],[-49,41],[-65,23],[-81,0],[-27,-30],[-77,-45],[-78,30],[-25,-73],[-27,-17],[16,-42],[62,-47],[-74,-56],[-8,-40],[-86,-95],[-65,-12],[-43,-46],[-73,18],[-55,37],[-42,71],[-68,25],[-77,3],[-24,73],[7,70],[-75,23],[-119,-78],[-64,-56],[13,-47],[-123,-86],[-16,-78],[33,-57],[-30,-33],[22,-40],[-8,-59],[21,-41],[-51,-8],[-25,-32],[12,-49],[-14,-46],[35,-11],[62,29],[42,61],[-5,62],[-68,36],[46,43],[84,-18],[88,-38],[14,-73],[-56,-85],[45,2],[40,-24],[-101,-67],[-67,-67],[-170,-14],[-126,31],[-92,-82],[-56,-34],[95,-12],[26,-26],[-58,-26],[55,-35],[-5,-37],[121,16],[191,60],[49,-23],[28,-35],[128,-74],[35,-6],[115,10],[78,31],[154,-18],[62,-1],[157,-20],[99,-39],[154,-42],[58,-36],[-1,-59],[-48,-14],[-174,36],[-289,39],[-174,10],[-235,21],[-151,4],[-164,-2],[-184,-10],[-172,-20],[-134,-23],[-102,-27],[-112,-42],[-134,-81],[-82,-75],[-7,-32],[44,-101],[120,-51],[-95,-60],[-9,-47],[20,-79],[40,-38],[-60,-56],[6,-99],[43,-17],[-21,-63],[32,-51],[35,-27],[-101,-36],[-59,-65],[-33,-55],[-10,-107],[-31,-51],[-235,-104],[-65,-41],[-14,-84],[-27,-39],[-33,-4],[-96,-78],[-20,-79],[-47,-19],[-25,-40],[-86,-73],[-55,-59],[-22,-68],[18,-59],[68,-13],[26,-43],[58,-10],[35,-58],[-113,-77],[-51,-45],[12,-82],[-39,-14],[-7,-49],[38,-18],[6,-60],[-41,-12],[-34,-59],[-51,-38],[-48,-61],[-31,-72],[10,-63],[-27,-19],[-65,11],[-124,-4],[-60,-17],[-2,-31],[-118,-103],[-12,-51],[44,-44],[-45,-57],[-230,-46],[-108,7],[4,-35],[44,-20],[-87,-36],[-65,25],[-14,57],[-56,-71],[-4,-65],[59,-19],[56,29],[54,8],[20,-25],[78,51],[45,0],[-7,-45],[38,-79],[28,30],[29,69],[-22,40],[73,65],[29,-40],[111,58],[49,-15],[45,28],[-91,12],[14,34],[57,29],[-45,43],[106,29],[82,74],[-25,44],[71,40],[56,-41],[63,3],[82,-25],[59,33],[46,-36],[-53,-49],[22,-45],[-11,-44],[31,-42],[-1,-41],[91,-110],[-24,-26],[-8,-55],[58,-6],[-54,-49],[-52,-13],[-116,-122],[-21,-44],[11,-79],[-32,-33],[-105,-35],[-69,-62],[-66,-83],[-46,-83],[-24,-84],[-33,-68],[61,-57],[-10,-32],[96,-52],[41,-53],[-12,-74],[59,-57],[-35,-36],[55,-73],[111,9],[25,-22],[-18,-82],[40,-34],[-38,-30],[-20,-71],[21,-42],[-78,-39],[-37,-45],[-22,-91],[-29,-20],[-26,-162],[-39,-16],[-4,-40],[-38,-60],[51,7],[-5,88],[34,-1],[9,-94],[23,-52],[57,-14],[23,-36],[58,-39],[48,-14],[-129,-103],[-70,-3],[30,-46],[-41,-49],[-41,-16],[-45,22],[-65,106],[-116,3],[-44,-44],[-49,-18],[-17,-31],[34,-23],[-15,-52],[-131,-37],[-35,-96],[25,-56],[-36,-18],[14,-37],[-13,-41],[-72,-31],[-99,55],[-20,28],[-114,-39],[-25,96],[9,31],[-76,24],[8,58],[57,37],[-41,24],[-22,44],[-150,125],[7,39],[75,59],[43,54],[-13,48],[-49,-30],[-6,-68],[-61,-33],[-53,23],[-25,-26],[19,-45],[-103,-41],[-43,-52],[6,-29],[43,-36],[143,-68],[35,-85],[-24,-41],[37,-44],[-47,-48],[-134,27],[-42,-19],[-36,23],[-114,14],[-66,-64],[-66,-27],[-67,-55],[61,-11],[-3,-42],[43,-78],[77,0],[58,-27],[65,-5],[33,42],[51,-2],[64,-42],[20,-100],[38,-75],[51,-28],[26,-70],[61,-16],[89,-53],[40,23],[8,-80],[49,-47],[127,-38],[-8,-62],[-86,-53],[30,-28],[-44,-59],[17,-50],[-49,-17],[-45,-52],[18,-36],[46,-34],[101,-53],[148,-55],[34,-44],[0,-59],[-162,33],[-71,30],[-80,10],[104,-86],[135,-13],[17,-26],[3,-64],[86,-80],[38,-24],[-48,-88],[37,-34],[-57,-36],[-4,-45],[-80,-22],[-85,-60],[-7,-58],[-48,-20],[-33,-61],[18,-54],[-38,-38],[37,-23],[51,56],[49,-35],[-17,-39],[-54,-17],[27,-40],[-9,-68],[39,-58],[-76,-55],[-16,-33],[-60,-45],[-103,-33],[-153,-10],[-78,4],[-29,-34],[-101,-23],[-97,-99],[-12,-45],[-57,-27],[-26,-56],[-42,-33],[-44,-78],[-65,-150],[-37,-111],[-21,-104],[-10,-166],[17,-152],[37,-112],[69,-124],[49,-31],[-16,-33],[-138,110],[-30,67],[-13,69],[-35,83],[-36,-5],[-11,-87],[-36,-20],[-62,-116],[-7,-106],[-60,23],[-62,-24],[-37,-44],[-17,-62],[24,-62],[-69,-7],[-22,-44],[12,-30],[127,-87],[-39,-63],[-36,0],[-2,62],[-17,50],[-45,33],[-82,-35],[-11,-94],[-26,-25],[16,-43],[-95,-19],[-63,-41],[-7,-45],[-95,-18],[-69,-42],[-105,19],[-43,-14],[-14,-34],[28,-74],[-25,-27],[-113,38],[-122,19],[-46,-22],[13,-35],[-53,-40],[-57,55],[-74,21],[-41,-9],[-51,56],[-95,22],[-83,3],[-21,-22],[-82,-28],[16,73],[-58,62],[-44,22],[-79,-18],[-27,-43],[-95,-13],[-36,-29],[-50,7],[-73,35],[-83,-18],[-8,-53],[-83,-26],[-25,-22],[-152,-12],[18,29],[8,63],[-36,40],[-134,66],[-44,-3],[-54,-84],[-42,2],[-89,55],[-18,58],[10,53],[28,29],[82,-6],[105,-50],[67,79],[77,10],[57,21],[77,-11],[49,33],[3,88],[43,9],[74,-18],[9,26],[-91,5],[-69,-21],[-33,-37],[-78,-32],[-52,5],[-49,-46],[-90,-34],[-35,13],[-54,-26],[-62,2],[-86,44],[-168,48],[-144,26],[-100,-24],[3,42],[40,7],[16,61],[-50,43],[-4,28],[83,-10],[37,66],[52,6],[17,24],[-3,87],[-69,71],[-47,12],[-57,35],[-37,47],[-1,42],[36,39],[-16,21],[-65,-9],[-26,61],[-45,60],[-19,90],[78,39],[2,35],[-47,67],[40,34],[-43,40],[-20,51],[-46,-17],[-18,-36],[41,-46],[-27,-41],[-87,-23],[-53,0],[-35,23],[-76,22],[-71,2],[-68,21],[-20,-48],[-93,18],[-36,30],[1,64],[-19,40],[-78,20],[-66,-18],[-36,41],[-73,12],[-27,-47],[32,-20],[-20,-56],[61,-32],[42,-57],[9,-71],[-47,-32],[-91,14],[-35,18],[9,35],[-37,70],[1,49],[-53,34],[17,29],[-58,37],[-62,4],[-69,-44],[-48,-57],[-74,-53],[-81,-34],[11,-42],[-83,-24],[-135,88],[-13,30],[-102,9],[-49,32],[-120,95],[10,17],[108,54],[62,62],[-10,59],[-42,-23],[-134,40],[-36,37],[-35,-17],[-1,-37],[29,-43],[-5,-46],[-61,-36],[18,-40],[-26,-21],[-44,30],[-75,10],[9,-81],[79,-29],[21,-76],[34,-20],[3,-52],[93,-23],[40,-46],[26,-58],[85,-37],[125,-10],[116,26],[52,-24],[-22,-25],[-81,23],[-45,-9],[-26,-31],[22,-95],[65,-49],[37,1],[67,-26],[66,32],[114,94],[2,66],[23,22],[65,-20],[55,30],[14,-46],[-17,-49],[59,-88],[62,-31],[133,-1],[194,38],[176,-4],[152,10],[69,-2],[199,-44],[85,-48],[26,-46],[77,-44],[91,-75],[-60,-17],[-117,57],[-134,43],[-244,13],[-122,-16],[-247,-51],[-187,-65],[-179,-98],[-158,-122],[-11,-33],[100,-78],[8,-43],[-95,-127],[-45,-85],[8,-27],[-62,-90],[-25,-83],[17,-74],[65,-51],[156,15],[13,-99],[30,-26],[86,10],[110,-82],[21,-65],[57,-70],[-19,-47],[22,-66],[-30,-32],[0,-61],[-77,-4],[-99,78],[-94,-13],[-10,-33],[20,-51],[51,-30],[-89,-11],[-44,-35],[44,-73],[47,-9],[35,-39],[30,-96],[32,-37],[73,-9],[82,37],[48,55],[16,41],[-17,40],[-104,32],[8,71],[96,-2],[76,36],[84,-87],[-14,-48],[24,-47],[-19,-47],[8,-43],[44,-20],[-1,-27],[-147,-11],[-141,-31],[-87,-35],[-23,-22],[7,-50],[54,-43],[8,-80],[-66,-91],[-38,-37],[34,-16],[-16,-33],[-56,-8],[-32,18],[-198,-31],[-98,-23],[-119,-40],[-24,-49],[-63,-23],[-117,-16],[-162,1],[-205,-44],[-210,-74],[-90,-91],[-50,34],[-97,33],[52,19],[-21,51],[-68,39],[21,37],[47,13],[10,30],[52,33],[15,62],[-19,73],[-47,62],[-68,49],[-90,15],[-28,24],[37,63],[28,99],[35,31],[-4,81],[-44,47],[-98,38],[-14,34],[121,23],[47,83],[-5,60],[52,-1],[0,-145],[-62,-22],[26,-60],[63,-33],[103,-34],[19,-101],[-7,-85],[-21,-39],[68,-58],[75,-100],[-32,-64],[41,-51],[-2,-37],[33,-25],[81,-26],[197,-30],[113,23],[85,40],[76,58],[17,60],[-5,46],[-49,33],[40,41],[-33,53],[-23,74],[52,62],[-2,58],[77,27],[11,42],[-39,96],[-93,82],[-44,16],[-73,-34],[-107,10],[-51,-60],[-26,0],[36,86],[-44,62],[64,40],[23,45],[2,65],[-50,36],[68,10],[29,36],[-8,61],[9,81],[87,52],[23,118],[111,56],[54,9],[34,-18],[46,-98],[67,-19],[45,24],[-36,32],[-59,27],[-7,35],[27,41],[-4,49],[-28,48],[-46,34],[-70,0],[-115,-31],[-62,-3],[-38,-31],[-95,33],[-66,13],[-123,2],[-69,-50],[43,-67],[-27,-90],[-35,-18],[-128,-195],[-72,14],[-25,19],[-62,-14],[-12,46],[42,79],[6,65],[-13,48],[22,58],[66,63],[-2,46],[-40,79],[-29,26],[-34,79],[-59,29],[-23,35],[29,19],[-30,50],[-154,34],[-88,-12],[-41,31],[-152,-1],[-55,-41],[-44,51],[6,42],[47,13],[20,40],[-143,-34],[-72,-24],[-19,70],[35,18],[20,47],[-60,-1],[1,69],[49,33],[9,99],[-65,-40],[-26,24],[-49,4],[-16,34],[-66,22],[0,46],[86,56],[-23,20],[-123,-50],[-97,137],[-122,74],[2,48],[42,39],[-11,21],[-66,20],[-32,-12],[-66,50],[-134,23],[-59,18],[-6,23],[-105,47],[-41,33],[4,53],[84,29],[59,68],[-20,43],[-72,49],[-15,59],[-67,-54],[-116,-2],[-89,62],[-5,92],[-44,66],[20,28],[31,97],[-37,48],[-113,42],[-4,-37],[60,-58],[-37,-17],[-64,88],[-23,51],[-173,77],[-60,-25],[-76,51],[-97,28],[-39,-3],[-140,134],[-67,18],[-97,-26],[-89,-54],[-29,-134],[-103,-20],[-58,-21],[-117,-61],[-98,-6],[-61,-23],[-55,-53],[-79,-146],[-83,-31],[-85,-8],[-66,12],[-57,-18],[-85,-66],[14,-14],[92,57],[45,18],[109,-11],[117,28],[39,21],[20,72],[68,81],[67,45],[152,18],[191,81],[92,28],[56,-3],[96,37],[118,-6],[167,-91],[166,-52],[49,-46],[14,-53],[115,-54],[37,-35],[55,13],[10,-54],[53,-75],[4,-37],[-74,-106],[111,0],[74,-17],[42,-43],[61,4],[30,20],[83,0],[-33,-33],[-48,-14],[-58,-42],[-169,55],[-21,-25],[59,-22],[-6,-60],[-60,-22],[-49,-70],[42,-63],[-1,-51],[47,-1],[49,-40],[45,0],[35,-45],[55,-37],[72,-12],[11,21],[81,55],[100,21],[50,-2],[82,-23],[40,-40],[-101,-32],[-53,-47],[39,-19],[37,12],[15,-49],[40,6],[-7,88],[82,-6],[89,-27],[64,-37],[20,-76],[-34,-28],[-40,1],[7,-78],[67,1],[42,-27],[7,-46],[-71,2],[-28,-54],[116,-60],[27,-43],[61,-3],[26,-25],[-35,-66],[9,-41],[53,-46],[31,-64],[-60,-6],[-57,-40],[88,-11],[-7,-63],[-63,-36],[-24,-78],[83,-21],[-17,-22],[100,-58],[51,-12],[92,4],[16,-50],[45,-38],[25,-140],[-19,-79],[-53,-94],[-4,-69],[-25,-94],[-115,-25],[-67,-111],[9,-56],[-38,-51],[2,-46],[-32,-18],[-104,-26],[-58,-82],[75,-56],[4,-97],[-21,-60],[-51,-45],[-4,-40],[57,-16],[21,-59],[-18,-55],[25,-19],[46,-76],[12,-75],[47,-83],[-12,-76],[46,-23],[43,-60],[-19,-59],[-71,-26],[-40,-44],[-72,8],[-94,-42],[-107,17],[-87,95],[0,25],[-74,70],[-29,81],[-40,37],[1,35],[-75,75],[-15,31],[3,71],[-36,17],[-30,113],[-85,-13],[-79,-61],[-46,-86],[18,-31],[79,7],[39,-43],[-48,-39],[11,-52],[-26,-64],[-40,-9],[16,-38],[-77,-19],[5,-62],[-28,-35],[32,-25],[-20,-56],[-54,-72],[24,-38],[-89,-50],[4,-28],[114,-6],[164,-31],[64,-52],[107,-13],[9,-17],[108,-47],[-1,-88],[-50,-66],[-104,-64],[-41,-37],[-15,-88],[-50,47],[-89,41],[-91,-42],[-71,25],[-61,-14]],[[213993,375746],[115,-26],[127,-10],[67,-16],[27,-25],[68,-13],[60,-67],[16,-38],[51,-65],[36,-31],[3,-74],[111,-32],[55,27],[-40,134],[6,30],[59,48],[50,13],[50,-6],[146,-68],[199,-135],[15,-62],[48,9],[101,-99],[44,-72],[18,-68],[51,-70],[1,-111],[-19,-44],[-9,-61],[-5,-126],[-33,-86],[7,-17],[-31,-121],[32,-147],[63,23],[-32,78],[8,68],[18,46],[59,91],[58,113],[15,51],[30,35],[77,19],[76,-50],[119,-110],[98,-75],[99,-34],[93,-59],[114,-35],[42,-23],[128,-102],[3,-19],[-39,-80],[0,-58],[-31,-71],[-18,-66],[-1,-53],[-15,-119],[-46,-74],[-54,-44],[-49,-59],[-6,-117],[4,-87],[59,-114],[86,-210],[8,-104],[-29,-18],[-16,-41],[103,-33],[46,-67],[-4,-38],[45,-8],[46,-33],[35,-88],[-7,-71],[41,-83],[-11,-31],[-69,-25],[-68,-126],[-48,-43],[-5,-47],[-78,-45],[-53,-12],[-22,-29],[-5,-59],[8,-67],[-11,-45],[21,-56],[-14,-43],[-41,-13],[-36,-74],[-105,-66],[-47,-61],[-3,-43],[23,-109],[102,22],[71,3],[20,50],[46,36],[58,78],[53,-85],[44,10],[-34,48],[20,100],[-1,47],[38,105],[59,131],[75,118],[51,-14],[-30,-36],[-1,-32],[-43,-31],[-30,-44],[36,-12],[62,13],[43,-4],[84,-86],[174,-152],[75,17],[-16,80],[-31,89],[-30,37],[-129,92],[61,53],[95,187],[38,-3],[103,80],[-6,172],[18,66],[-51,24],[31,75],[48,-5],[83,99],[-20,37],[20,19],[-33,37],[-81,141],[-24,72],[-6,56],[83,54],[117,100],[21,58],[30,41],[2,55],[-18,58],[14,65],[31,11],[56,-49],[3,-24],[-61,-88],[-33,-149],[2,-43],[30,1],[10,99],[31,101],[17,26],[88,91],[70,60],[62,34],[42,5],[41,-67],[48,-33],[11,26],[-46,26],[-29,57],[-26,18],[-50,-8],[-148,-72],[-107,107],[-43,19],[-80,72],[-45,9],[-60,29],[-65,16],[-38,70],[-2,70],[67,54],[40,160],[-7,80],[-55,142],[-49,160],[-9,82],[27,293],[-6,51],[13,134],[15,22],[52,-12],[25,35],[-44,43],[-58,84],[-28,59],[-1,58],[-22,62],[-12,110],[4,57],[-11,61],[-95,185],[-1,124],[48,69],[42,16],[124,3],[72,-29],[5,-35],[108,-38],[100,-10],[50,-31],[-8,-81],[-67,-113],[130,2],[38,23],[171,51],[99,24],[186,9],[164,-36],[49,-20],[27,-33],[93,-17],[76,-52],[-1,-55],[53,12],[110,-4],[88,-52],[37,-43],[46,-74],[19,-54],[43,-57],[35,-121],[76,-30],[66,-16],[34,-30],[137,4],[38,-31],[87,-38],[20,-34],[79,-11],[18,-16],[121,-3],[108,-15],[23,-13],[74,-11],[25,7],[87,-34],[46,-38],[60,-11],[143,-48],[34,-40],[26,3],[131,-30],[88,-46],[53,-66],[108,-218],[56,-94],[53,-51],[104,-143],[15,-48],[45,-78],[109,-155],[45,-140],[7,-58],[-23,-41],[4,-53],[100,-33],[71,-42],[150,-128],[96,-66],[27,-64],[23,4],[42,-31],[107,-110],[73,-132],[37,-52],[66,-53],[51,-57],[75,-116],[78,-66],[57,-94],[2,-39],[-17,-45],[26,-22],[7,-71],[-41,-95],[-50,-53],[-75,-45],[-93,-73],[-101,-43],[-94,-63],[-66,14],[-36,-17],[-44,-62],[-24,-89],[1,-40],[-16,-71],[26,-48],[58,-75],[78,35],[-1,74],[54,98],[39,32],[5,46],[67,51],[42,-12],[59,18],[136,6],[99,-11],[62,4],[84,84],[64,53],[46,68],[46,-9],[143,28],[217,-38],[188,-118],[161,52],[27,24],[-5,64],[14,88],[-39,16],[-121,119],[-63,36],[-62,59],[-158,182],[-89,150],[-54,115],[-25,136],[20,72],[-2,278],[99,12],[52,50],[26,50],[38,10],[12,-27],[60,17],[18,39],[-25,47],[-47,30],[-58,10],[-43,-18],[-153,-122],[-36,-1],[-39,48],[-15,60],[-61,151],[-55,94],[-40,111],[-6,120],[19,111],[34,122],[2,53],[-16,26],[7,123],[-14,35],[-48,61],[-145,12],[-161,-120],[35,-93],[8,-68],[-43,-5],[-42,34],[-40,64],[-45,158],[-40,103],[-54,102],[-77,123],[-46,87],[-70,90],[-66,99],[-41,76],[-31,36],[-108,193],[-76,91],[-62,54],[19,85],[-21,86],[-79,157],[-75,88],[-102,174],[-35,49],[-48,32],[-11,35],[-31,23],[-21,61],[-38,20],[-40,47],[-24,116],[17,54],[87,18],[74,-38],[125,-79],[32,-38],[53,-16],[83,-64],[94,-121],[73,-84],[26,-20],[23,-56],[40,-14],[47,-40],[101,-106],[28,-56],[26,-8],[98,-139],[36,-97],[81,-186],[43,-62],[60,-107],[188,52],[157,70],[5,78],[-17,80],[-61,80],[-86,39],[-90,55],[-77,84],[-21,38],[-57,61],[-51,94],[-22,118],[-109,248],[7,78],[15,22],[56,10],[40,-17],[66,-63],[130,-78],[179,-139],[46,-27],[98,-81],[57,-60],[48,-65],[30,-63],[155,27],[5,80],[60,16],[130,-26],[139,-60],[40,-28],[143,-56],[24,-16],[53,7],[59,-16],[122,-11],[86,-24],[186,0],[108,5],[109,14],[61,0],[135,38],[91,41],[44,3],[49,38],[11,-51],[49,-48],[53,5],[62,-25],[82,-14],[79,-50],[108,-35],[193,32],[153,57],[181,88],[47,18],[85,-2],[45,29],[-34,63],[-42,35],[-20,59],[68,37],[212,70],[79,21],[77,3],[31,-15],[56,81],[-111,85],[-51,6],[-62,-13],[-48,-37],[-19,10],[8,74],[-9,24],[108,42],[56,-32],[29,-2],[82,49],[71,96],[36,67],[119,57],[26,49],[-5,54],[-41,15],[-104,16],[-109,-1],[-149,-40],[-56,-29],[-57,-53],[-105,-72],[-150,-135],[-36,-49],[-65,-56],[-32,-73],[9,-46],[-56,-7],[-136,-56],[-76,-16],[-51,3],[-34,-43],[-29,30],[-80,18],[-121,-39],[-96,-68],[-57,8],[-64,-14],[-51,7],[-35,-13],[-27,23],[-60,22],[-62,2],[-43,59],[-70,57],[2,75],[62,87],[40,15],[211,53],[86,67],[58,89],[40,83],[74,31],[-12,34],[31,71],[76,13],[60,-18],[28,25],[-14,41],[-59,-32],[-52,50],[20,73],[-56,12],[-108,-114],[-108,-58],[-50,-63],[-11,-59],[26,-42],[-148,-37],[-36,0],[-38,40],[-54,-27],[-39,-44],[-53,-23],[-65,-15],[-110,-47],[-41,0],[-89,33],[-112,63],[-56,46],[-28,56],[-112,44],[-115,64],[-130,42],[-44,3],[-98,46],[3,36],[-89,67],[-42,95],[-15,92],[16,86],[60,25],[-36,86],[-23,20],[-55,-2],[-67,30],[-117,93],[-110,129],[-18,59],[-55,74],[-102,83],[-24,79],[-58,53],[-104,-11],[-55,13],[-102,53],[-49,85],[-65,86],[-35,110],[-14,71],[-58,81],[-5,171],[11,81],[47,103],[65,13],[116,-10],[60,-21],[60,2],[46,22],[116,13],[47,-3],[111,22],[66,4],[99,-7],[48,6],[170,-4],[97,-7],[129,-28],[140,3],[57,9],[47,32],[113,119],[21,29],[102,99],[52,95],[35,26],[91,41],[90,19],[49,-3],[50,-19],[82,53],[60,80],[43,5],[16,49],[82,69],[22,38],[44,41],[67,44],[53,100],[42,32],[-45,40],[-84,-38],[-60,-45],[-66,-24],[-504,-165],[-55,-5],[-231,-71],[-102,-55],[-76,-26],[-88,-60],[-50,-44],[-106,-35],[-59,-2],[-148,12],[-252,74],[-14,8],[-315,69],[-97,9],[-112,-4],[-105,17],[-30,16],[-42,-5],[-65,18],[-127,21],[-64,36],[-34,48],[12,27],[-57,31],[-51,3],[-51,22],[-184,11],[-35,15],[-74,-59],[-26,44],[-39,27],[2,29],[-29,27],[-33,99],[-35,63],[-46,19],[0,33],[-59,57],[-98,80],[-48,29],[11,38],[-23,36],[-67,40],[-15,32],[53,54],[82,58],[68,85],[20,81],[51,88],[-1,26],[-32,72],[-56,55],[-77,18],[103,-75],[36,-67],[-52,-89],[-31,-78],[-54,-79],[-147,-118],[-45,-10],[-10,31],[-53,35],[0,124],[-15,65],[-7,126],[-13,52],[-36,75],[14,63],[-42,-20],[-63,51],[-36,42],[-54,22],[134,-146],[56,-146],[13,-215],[9,-35],[-14,-41],[-54,-49],[-67,-4],[-64,-35],[-33,-37],[-51,-17],[-29,17],[-17,47],[3,42],[-37,94],[61,44],[-20,54],[-31,-16],[-17,33],[-76,40],[-86,-13],[-11,25],[-60,56],[-86,68],[-14,88],[-46,24],[15,60],[-15,57],[34,-3],[-60,89],[-38,18],[-14,41],[-33,9],[-40,67],[-118,82],[-94,49],[-90,35],[-64,8],[-133,-12],[-31,-26],[-42,-12],[-94,-5],[-15,63],[54,156],[27,110],[-26,75],[19,87],[-6,44],[21,52],[36,30],[118,280],[-6,100],[-15,35],[-43,44],[-33,17],[30,78],[80,32],[93,123],[36,-15],[62,26],[57,53],[48,71],[91,154],[24,28],[26,68],[54,64],[62,-34],[-26,96],[14,81],[-53,-41],[2,131],[12,75],[-34,72],[-11,150],[33,91],[-32,47],[85,77],[80,-14],[6,-21],[119,83],[143,171],[37,69],[56,136],[34,57],[43,19],[29,-53],[36,-2],[51,36],[12,61],[39,46],[72,116],[16,44],[87,165],[39,101],[39,72],[23,62],[74,139],[39,43],[60,1],[33,-47],[50,-24],[22,36],[-11,31],[40,42],[-29,22],[-26,-16],[-96,67],[-16,63],[54,162],[0,179],[-13,67],[-26,54],[-42,25],[-66,18],[-57,-4],[3,173],[-12,56],[-38,64],[-82,34],[30,47],[47,17],[73,-6],[35,-13],[28,-33],[0,-48],[61,-91],[117,-108],[97,-20],[59,9],[-14,25],[108,82],[33,46],[-48,59],[34,14],[91,-59],[55,-73],[7,-103],[-38,-66],[-8,-77],[64,-62],[30,-49],[-8,-67],[-61,-30],[-41,-61],[-28,-75],[-2,-52],[-15,-31],[15,-26],[1,-93],[-26,-67],[-28,-19],[31,-58],[60,0],[58,-43],[42,-89],[196,31],[-5,78],[5,81],[-32,152],[6,84],[38,116],[15,97],[73,78],[50,85],[40,22],[98,-49],[28,-41],[23,-60],[41,11],[47,62],[29,-21],[-11,-31],[62,-1],[18,102],[35,12],[38,63],[85,102],[40,82],[16,76],[-8,53],[-80,105],[-107,99],[-7,35],[-77,19],[-7,24],[38,29],[33,49],[-6,34],[11,73],[45,86],[26,-101],[-17,-64],[46,-81],[70,-73],[68,-36],[51,2],[43,-57],[58,-15],[39,-28],[122,-6],[40,-10],[196,54],[52,35],[20,29],[59,34],[102,26],[81,49],[22,0],[119,61],[69,60],[32,11],[34,-18],[82,75],[85,-24],[85,28],[94,75],[-16,29],[61,108],[30,82],[65,90],[47,36],[20,77],[60,21],[5,79],[71,180],[6,58],[-33,27],[-44,13],[-7,25],[36,131],[-34,87],[17,81],[0,47],[-67,75],[-14,96],[-58,92],[-20,19],[-59,15],[-60,0],[-40,-18],[-54,2],[-32,17],[-25,37],[6,65],[-10,38],[10,87],[49,118],[14,73],[-12,31],[24,136],[19,45],[117,108],[69,86],[46,80],[297,202],[49,50],[105,149],[143,114],[95,-13],[41,-16],[-14,145],[-61,21],[-47,68],[-5,103],[35,137],[8,68],[24,106],[14,104],[-1,46],[-30,70],[-51,13],[-17,22],[4,99],[22,162],[-1,94],[12,72],[40,136],[9,56],[-4,75],[99,191],[35,90],[92,172],[69,158],[27,50],[58,138],[124,337],[52,212],[39,28],[-34,59],[-16,138],[-34,230],[0,66],[-21,103],[-50,72],[-26,20],[-51,6],[-12,21],[11,59],[26,10],[57,-23],[0,-55],[34,-43],[67,-16],[107,2],[107,21],[95,28],[130,82],[41,3],[80,25],[46,-43],[34,39],[-51,22],[-26,40],[-31,16],[-29,56],[3,38],[26,37],[-23,47],[21,59],[45,40],[40,75],[-3,38],[17,43],[63,20],[53,125],[59,61],[78,51],[9,-88],[-29,-7],[-10,-33],[31,-41],[15,-54],[23,-30],[-37,-61],[18,-45],[31,-17],[-19,-112],[35,-131],[-32,-51],[17,-53],[-3,-64],[34,-57],[70,-88],[42,-34],[77,-44],[49,-41],[34,-1],[57,-89],[129,-36],[138,-12],[47,-36],[52,1],[13,-18],[64,-2],[52,17],[48,-5],[100,23],[98,1],[6,-32],[139,2],[42,47],[58,12],[15,-32],[63,2],[85,51],[60,7],[100,63],[87,38],[122,72],[86,76],[7,23],[75,81],[48,30],[37,-2],[36,-54],[27,25],[12,63],[65,86],[145,125],[117,114],[86,96],[60,52],[49,56],[33,-51],[54,-4],[58,-69],[111,5],[40,14],[173,95],[63,68],[59,41],[159,167],[113,155],[116,175],[31,25],[84,163],[30,25],[468,1066],[177,395],[-12,32],[-48,32],[-56,95],[-32,90],[-18,128],[-21,50],[-34,32],[-96,137],[-150,155],[-30,41],[-44,27],[-25,50],[-60,61],[-48,34],[-92,121],[-70,66],[-16,35],[-41,25],[-97,101],[2,24],[-63,55],[-161,12],[-36,-14],[-92,6],[-107,-22],[-49,57],[-106,53],[-36,51],[0,33],[26,67],[7,66],[-17,87],[20,147],[11,24],[113,150],[47,90],[31,74],[-2,38],[-49,34],[1,26],[-66,50],[-24,43],[-49,53],[9,73],[-5,49],[23,81],[3,67],[47,111],[37,128],[10,88],[1,124],[13,60],[47,95],[78,194],[21,76],[-3,85],[-12,55],[-28,60],[-44,3],[-59,38],[-25,40],[-2,71],[17,60],[-3,32],[49,96],[57,65],[27,50],[22,87],[3,133],[58,34],[78,-14],[103,36],[94,114],[21,39],[63,45],[44,48],[39,-1],[98,-52],[95,21],[3,-46],[-25,-78],[14,-72],[42,-32],[6,-34],[83,-78],[38,-46],[49,-19],[57,-41],[124,-28],[124,21],[183,14],[20,-25],[30,40],[152,44],[199,118],[49,4],[37,43],[129,90],[44,7],[28,28],[74,40],[56,80],[37,29],[61,75],[145,68],[21,-6],[70,34],[86,75],[3,60],[-35,8],[-43,31],[104,243],[37,72],[52,122],[60,178],[64,258],[20,97],[-5,41],[-51,37],[-18,76],[17,24],[-9,62],[29,103],[-2,88],[-31,31],[0,78],[-15,34],[23,132],[-11,28],[22,99],[-1,37],[23,73],[-9,68],[-21,53],[-26,25],[-28,60],[-47,49],[18,62],[11,86],[-23,59],[13,72],[2,89],[21,70],[34,146],[26,9],[44,-22],[40,-43],[58,-39],[101,-15],[40,-15],[48,30],[49,-47],[95,-49],[119,-141],[19,-38],[54,-35],[27,49],[-3,46],[18,15],[-32,78],[-31,3],[-36,50],[-45,36],[21,84],[0,46],[-32,9],[-37,63],[10,31],[32,19],[193,69],[44,-11],[-6,-30],[-50,-63],[21,-21],[39,8],[60,56],[79,42],[-4,50],[-56,78],[20,42],[84,11],[63,49],[19,44],[80,22],[31,-72],[14,-56],[93,21],[35,-23],[28,60],[56,13],[94,-61],[20,-48],[50,-45],[91,-62],[57,-22],[62,-47],[46,-19],[16,-69],[35,-14],[17,30],[119,7],[52,15],[63,-44],[29,-62],[35,-109],[-2,-137],[-38,-73],[-88,-96],[-53,-116],[40,-71],[100,-110],[43,-81],[-43,-92],[25,-57],[16,96],[29,56],[-36,69],[1,35],[78,-9],[40,49],[-115,-15],[-59,25],[-40,99],[9,45],[64,37],[52,50],[52,-28],[35,-41],[122,-59],[85,4],[103,75],[60,63],[48,3],[24,-51],[6,-45],[44,35],[48,8],[81,-30],[32,-63],[54,-4],[46,-71],[-19,-133],[-22,-71],[-29,-28],[-50,-18],[-2,-45],[85,35],[55,52],[29,85],[59,15],[55,48],[0,66],[122,8],[42,-37],[-25,-34],[-67,-42],[-3,-52],[35,6],[0,44],[38,13],[37,39],[46,4],[86,-51],[73,-14],[45,11],[40,-43],[-14,-56],[18,-141],[-38,-138],[6,-43],[-38,-115],[80,46],[40,66],[7,39],[37,79],[18,87],[-21,38],[-19,72],[11,75],[-11,31],[-86,68],[-103,47],[-78,96],[17,42],[63,32],[32,-22],[48,-88],[24,-21],[83,3],[64,34],[112,-8],[147,-21],[72,-60],[42,-62],[46,11],[53,-27],[107,-17],[74,-53],[-3,-41],[-93,-59],[-43,-90],[26,-42],[99,-40],[59,48],[-8,33],[-44,-28],[-49,4],[-19,35],[19,21],[72,40],[82,103],[6,48],[71,33],[46,41],[7,78],[57,8],[82,29],[51,7],[88,29],[5,21],[-119,-15],[-67,8],[-114,-15],[-81,-56],[-63,-59],[-67,0],[-98,38],[-49,44],[6,15],[133,75],[32,68],[41,26],[89,37],[-63,10],[-111,-73],[-33,-53],[-84,-33],[-78,2],[-63,29],[-59,48],[0,31],[59,59],[61,46],[-82,3],[-19,-37],[-29,25],[-46,1],[-21,25],[-64,-26],[-27,40],[-53,47],[-45,-34],[-98,4],[-55,19],[-14,49],[-30,53],[-60,55],[-42,25],[-7,31],[-48,-34],[-12,-50],[-70,-3],[-75,50],[-65,8],[-58,19],[-47,-73],[-49,-2],[-19,-59],[-43,-42],[-10,46],[-71,88],[0,44],[-24,46],[-56,46],[-10,52],[18,64],[-6,31],[-86,50],[-19,38],[-84,37],[-76,57],[-32,35],[-72,16],[4,61],[50,69],[-6,47],[51,16],[51,-79],[35,-12],[107,10],[174,44],[28,-8],[27,-41],[4,-206],[38,-77],[-17,-103],[28,18],[11,97],[-28,56],[-11,89],[20,83],[93,132],[55,11],[11,26],[60,25],[17,124],[41,7],[40,-36],[37,-78],[54,-32],[59,18],[58,42],[35,6],[29,-53],[13,-52],[30,-38],[88,-38],[0,26],[-88,31],[-32,118],[-41,35],[-31,-1],[-112,-58],[-38,10],[-21,40],[-4,50],[-36,49],[-74,30],[-55,11],[-42,-18],[-90,45],[-49,74],[3,40],[35,29],[-23,38],[-47,-48],[-17,-50],[-95,-77],[-58,-13],[-23,43],[-47,54],[10,28],[-30,73],[35,87],[-2,37],[-46,69],[42,124],[85,181],[-14,26],[42,64],[10,35],[-9,59],[46,72],[6,81],[21,66],[68,63],[-14,24],[21,57],[147,8],[66,-14],[15,18],[-23,43],[6,85],[-6,34],[-66,29],[-18,27],[-41,8],[-48,40],[0,28],[-32,25],[-25,62],[-67,28],[-14,45],[48,105],[55,60],[50,-31],[55,30],[55,12],[54,-11],[37,30],[116,-8],[84,29],[12,15],[-75,52],[-38,106],[-34,50],[-49,26],[-58,4],[-24,30],[-46,-10],[-77,37],[-72,-6],[-17,35],[-38,28],[-34,62],[13,38],[-31,29],[-20,55],[11,22],[72,18],[26,-9],[68,4],[108,67],[47,10],[12,31],[38,-3],[63,35],[77,80],[4,73],[34,-7],[-6,-38],[32,-40],[47,-19],[80,9],[127,-13],[18,-27],[64,-22],[55,10],[42,-25],[28,-63],[27,-1],[34,-33],[46,-2],[64,-22],[18,-64],[51,-36],[79,-33],[40,-26],[83,-7],[66,3],[142,31],[66,-49],[1,-62],[138,-36],[66,-34],[99,0],[46,-14],[89,29],[31,-15],[52,11],[41,-22],[69,-69],[14,-33],[67,-4],[28,-34],[17,-92],[-17,-31],[-6,-71],[-28,-21],[-16,-47],[-29,-29],[-16,-65],[10,-44],[-20,-18],[1,-79],[-15,-59],[-64,-69],[-38,-53],[-72,-183],[-76,-104],[-81,-72],[-72,-74],[20,-35],[29,28],[47,-5],[33,15],[18,40],[1,47],[25,18],[47,66],[50,90],[23,70],[37,75],[38,49],[39,29],[76,84],[70,-14],[73,62],[39,-22],[11,-55],[-34,-79],[-32,-19],[-20,-40],[8,-87],[63,-72],[23,-46],[-26,-54],[9,-87],[-104,-87],[42,-78],[-28,-48],[52,-84],[-21,-71],[-67,-33],[6,-64],[-8,-45],[-55,-49],[-59,-31],[-60,-46],[-27,-44],[-32,-78],[-45,-28],[-124,3],[5,-35],[108,-23],[85,35],[46,51],[39,74],[37,43],[96,54],[75,69],[57,11],[32,-37],[10,-153],[-61,-165],[-11,-81],[-27,-60],[-56,-50],[66,-6],[28,25],[55,-50],[-6,-59],[-29,-91],[47,6],[42,134],[19,38],[-9,65],[-43,43],[20,63],[49,62],[86,65],[-1,79],[-47,122],[-26,41],[-28,74],[18,76],[89,71],[49,21],[18,25],[100,7],[36,-15],[20,-53],[7,-79],[-37,-74],[-24,5],[-3,-103],[59,-44],[7,-77],[27,-66],[48,-14],[81,-8],[-60,50],[4,61],[-36,94],[-14,70],[32,12],[89,-6],[66,5],[79,40],[37,3],[43,-30],[-6,-82],[15,-60],[40,-27],[23,-45],[25,-13],[6,-67],[133,-95],[65,-103],[34,-32],[-10,-37],[20,-26],[-47,-48],[-52,-86],[-43,-45],[-79,-16],[10,-20],[91,7],[43,41],[67,33],[35,-15],[-3,-60],[11,-44],[75,-88],[6,-34],[-76,-78],[-28,-64],[5,-118],[25,24],[-2,87],[15,41],[114,95],[55,-53],[14,-111],[61,-72],[60,-17],[69,-60],[-1,-25],[-39,-56],[22,-8],[67,54],[20,29],[-9,49],[-71,71],[-64,40],[-45,15],[-11,132],[-40,28],[-58,70],[1,49],[-18,43],[29,94],[-19,54],[121,8],[37,9],[85,-34],[71,10],[39,-7],[104,14],[85,-30],[89,-13],[45,-22],[35,-64],[17,-77],[40,-104],[71,-102],[125,11],[11,63],[23,17],[-16,94],[2,53],[-40,23],[-68,126],[-35,21],[-58,70],[-44,41],[-11,52],[-27,15],[-26,60],[-55,56],[-95,52],[-58,15],[-72,50],[-53,13],[-61,-12],[-10,-53],[-131,40],[-26,16],[-73,-9],[-17,20],[-12,81],[-57,141],[-20,33],[40,19],[97,-41],[76,-60],[55,-2],[-114,90],[-99,54],[-39,47],[-23,81],[-17,109],[-23,44],[-38,26],[-46,7],[-31,-17],[-41,7],[-8,28],[-5,187],[-29,28],[52,62],[41,-30],[51,-9],[26,-57],[-3,-65],[77,-63],[30,-14],[71,4],[170,65],[62,34],[31,-42],[-64,-101],[20,-11],[50,92],[71,6],[25,31],[97,64],[40,12],[69,-66],[27,-46],[17,-95],[-35,-89],[2,-25],[86,-57],[10,26],[46,5],[58,-20],[45,-55],[32,27],[90,-52],[-27,59],[29,22],[-16,104],[-61,-1],[-69,23],[-4,48],[-31,-6],[-11,35],[20,145],[-2,71],[52,59],[-14,15],[-47,-62],[-36,9],[-24,54],[-43,41],[-40,59],[-15,48],[6,59],[106,131],[-36,27],[-40,-67],[-101,-84],[-35,-7],[-95,12],[-38,-21],[-58,44],[-47,2],[-4,-51],[-38,-41],[-37,-6],[-36,16],[-48,66],[-17,62],[1,57],[62,58],[73,22],[78,2],[-11,22],[-193,-12],[-49,29],[-27,78],[15,25],[-43,40],[-3,55],[-31,11],[14,-96],[20,-23],[16,-71],[-54,-32],[-43,11],[-110,69],[-21,21],[-92,36],[-74,39],[26,73],[75,-3],[41,39],[-95,-6],[-78,18],[-53,37],[-10,-86],[46,-39],[-34,-59],[-8,-42],[26,-58],[-10,-95],[15,-34],[-101,-41],[-42,8],[5,74],[-93,67],[-24,32],[-74,-12],[-54,10],[-59,-2],[-24,75],[48,29],[37,60],[57,-26],[43,53],[20,45],[-9,40],[41,101],[11,58],[-44,77],[-53,119],[-71,-26],[-53,-5],[-5,49],[-29,31],[28,35],[62,7],[74,-19],[83,-39],[44,-31],[20,47],[32,16],[49,53],[39,157],[-71,49],[-2,34],[-28,45],[10,17],[55,5],[21,26],[50,17],[21,23],[36,-19],[66,-4],[42,114],[52,66],[38,84],[47,52],[118,112],[70,31],[82,121],[40,11],[32,-32],[97,-35],[31,-32],[32,-3],[163,-60],[-9,-27],[100,19],[85,-2],[58,19],[59,0],[21,-26],[-12,-64],[58,43],[41,-14],[69,25],[26,-15],[63,33],[84,-9],[75,10],[17,24],[47,-5],[130,-101],[64,-1],[98,-32],[55,-54],[42,-20],[121,-30],[46,21],[122,-12],[15,-18],[70,40],[-3,53],[68,59],[41,14],[53,-16],[39,20],[-83,21],[-75,-5],[-125,-28],[-52,30],[-19,45],[37,13],[-61,51],[-19,59],[46,88],[64,20],[148,-41],[94,-43],[-97,97],[-40,3],[-82,43],[-25,1],[-27,35],[-54,10],[-63,-17],[-30,-43],[-41,-34],[-14,-30],[-48,65],[26,122],[6,99],[20,29],[14,77],[63,219],[47,99],[41,194],[15,162],[17,82],[-10,91],[-17,62],[-60,48],[-41,89],[-41,16],[-51,-15],[-36,6],[-53,61],[-44,25],[12,69],[-43,-16],[-20,37],[-27,109],[-42,56],[-14,45],[20,28],[-20,79],[18,120],[52,38],[47,68],[93,57],[57,9],[84,34],[128,83],[83,13],[113,36],[71,-41],[10,-22],[-35,-52],[40,-88],[81,-72],[99,-39],[89,26],[43,67],[68,42],[96,34],[66,8],[49,-18],[226,-6],[34,-46],[-18,-59],[27,-107],[-16,-51],[57,-51],[79,-45],[118,-19],[46,0],[87,21],[53,27],[66,69],[25,60],[33,21],[166,-67],[-7,-125],[58,-81],[92,-94],[92,-63],[104,-39],[95,-82],[71,-113],[46,-2],[128,-79],[-12,-56],[-45,-25],[-75,-57],[-18,-39],[-2,-47],[20,-89],[-27,-58],[-52,-44],[-12,-68],[52,-47],[60,4],[56,26],[156,-11],[51,-34],[-59,-71],[16,-16],[58,64],[5,44],[-22,22],[-47,13],[-149,17],[-142,-11],[-4,43],[44,33],[44,53],[4,49],[-20,105],[31,56],[84,34],[60,7],[-2,26],[154,93],[82,12],[39,-6],[68,57],[-43,59],[-53,11],[-136,-6],[-31,9],[-29,74],[9,53],[42,125],[78,101],[58,49],[57,84],[-3,32],[91,154],[26,125],[-12,35],[-54,40],[-11,72],[11,78],[33,61],[44,31],[12,34],[55,52],[30,99],[90,94],[5,71],[-8,79],[-56,217],[1,30],[49,82],[52,42],[58,62],[74,107],[60,66],[9,39],[41,9],[67,40],[67,-15],[-18,-40],[34,-81],[-61,-60],[-3,-57],[29,-78],[-18,-15],[101,-107],[45,-1],[40,-99],[85,-52],[16,-24],[-17,-40],[-38,-37],[-21,-63],[-18,-144],[9,-22],[91,-76],[-9,-60],[-51,-31],[-30,-62],[-7,-81],[47,-69],[58,-27],[11,-22],[-15,-80],[-23,-55],[-36,-43],[-43,-85],[32,-154],[84,-184],[68,-116],[86,-119],[116,-141],[85,-89],[74,-67],[70,-52],[87,-88],[190,-109],[108,-73],[62,-28],[31,-38],[52,-6],[38,-25],[317,-116],[63,-10],[182,-54],[130,-14],[99,-18],[132,-12],[63,6],[127,0],[93,-8],[310,16],[196,24],[117,22],[103,11],[39,-3],[46,-28],[122,28],[14,-13],[311,-21],[32,-12],[148,-18],[60,5],[73,-11],[187,1],[33,-7],[161,8],[52,-7],[151,-1],[25,-16],[79,2],[40,10],[62,-4],[139,7],[26,20],[93,27],[118,15],[25,-23],[76,39],[203,26],[79,-7],[100,10],[166,30],[87,-1],[98,36],[65,15],[80,30],[38,0],[21,37],[133,55],[4,16],[87,17],[109,37],[175,44],[201,89],[218,145],[50,24],[81,60],[106,67],[87,77],[41,16],[66,8],[43,-7],[124,-2],[49,-34],[24,-41],[100,-54],[6,-38],[-22,-62],[24,-51],[73,-75],[65,-26],[16,-39],[-17,-43],[24,-66],[86,-86],[182,-116],[23,-20],[150,-58],[227,-65],[155,-31],[171,-7],[58,-16],[134,-53],[39,-29],[154,-51],[205,-40],[179,4],[87,-18],[67,-27],[108,-8],[-10,83],[39,84],[114,76],[146,70],[92,36],[38,27],[41,2],[71,37],[105,66],[51,23],[62,44],[65,29],[46,44],[67,41],[72,71],[38,19],[105,98],[69,102],[46,47],[10,31],[45,32],[-5,61],[22,3],[17,50],[32,20],[78,-3],[47,39],[64,-35],[123,36],[192,85],[97,60],[79,41],[33,27],[12,63],[46,39],[17,111],[32,55],[45,28],[30,-13],[18,-49],[67,-12],[45,12],[14,31],[33,15],[32,-43],[83,-8],[6,-56],[27,-48],[-22,-105],[3,-116],[11,-41],[53,-99],[38,-36],[8,-42],[67,-53],[22,-46],[109,1],[5,29],[66,54],[96,32],[57,10],[84,33],[71,13],[88,33],[163,90],[152,13],[68,23],[36,0],[54,-30],[37,-50],[9,-34],[84,-126],[96,-86],[87,-48],[75,-87],[40,-29],[369,183],[-8,157],[8,81],[-13,32],[19,82],[49,99],[72,116],[70,123],[28,59],[17,67],[30,29],[-7,41],[38,76],[54,40],[153,30],[61,18],[121,16],[182,39],[143,53],[259,121],[139,77],[73,35],[89,56],[66,58],[154,113],[35,-3],[14,42],[-18,108],[33,18],[49,-7],[42,-41],[0,-50],[43,-62],[31,-6],[104,-100],[384,147],[305,100],[-60,98],[-25,85],[2,102],[39,138],[-11,24],[-12,153],[-22,107],[-27,71],[-25,110],[5,47],[23,17],[40,152],[17,82],[40,128],[14,66],[32,193],[44,87],[21,95],[28,90],[7,116],[-10,28],[12,46],[-3,151],[16,45],[-5,31],[27,163],[30,58],[79,37],[75,46],[-16,42],[-90,110],[-24,56],[8,130],[40,64],[-29,33],[-36,74],[3,48],[-50,184],[-61,153],[-54,62],[-35,8],[-38,50],[-64,21],[-40,26],[-83,-8],[-52,9],[-32,-12],[-55,31],[-76,10],[-63,41],[-40,65],[-1,46],[-109,88],[33,93],[38,-1],[58,35],[36,81],[51,12],[-1,32],[111,35],[116,53],[42,9],[62,55],[5,76],[21,49],[66,65],[79,65],[41,48],[99,68],[-141,127],[-51,-44],[-67,-31],[-98,-20],[-42,2],[-103,-22],[-45,-2],[-58,-34],[-87,-2],[-175,32],[-246,65],[-83,6],[-106,20],[-112,38],[-104,107],[-138,267],[-59,42],[-100,29],[-71,7],[-47,33],[4,50],[23,15],[13,110],[0,80],[-21,165],[9,65],[54,84],[33,8],[75,-23],[38,2],[155,-16],[132,1],[93,16],[80,23],[98,-19],[88,-135],[98,-78],[122,-52],[71,-3],[134,48],[9,168],[-27,5],[-87,67],[-122,107],[-116,73],[-64,48],[-74,39],[-126,40],[-46,35],[-49,97],[21,39],[-52,56],[-25,62],[-33,34],[-29,76],[40,47],[42,13],[46,-10],[52,46],[-29,42],[44,50],[29,74],[41,26],[-10,52],[-63,0],[-79,13],[-76,-3],[-89,37],[-73,62],[-25,41],[-5,78],[58,61],[-1,86],[31,66],[-36,41],[-86,-50],[-32,3],[-79,28],[-112,74],[-74,75],[-21,40],[-24,90],[8,71],[31,47],[124,85],[52,28],[18,31],[116,49],[96,33],[-28,43],[-51,-12],[-101,-4],[-34,-19],[-58,0],[-11,-45],[-140,-85],[-73,-38],[-68,-18],[-51,10],[-120,95],[-93,164],[-80,77],[-52,24],[-82,17],[-207,27],[-52,1],[-55,20],[-17,-18],[-55,10],[-165,-10],[-102,-17],[-96,24],[-125,18],[-79,37],[-115,36],[-116,14],[-91,48],[-104,-24],[-126,-56],[-105,-80],[-68,-7],[-96,-39],[-103,-50],[-78,-60],[-60,24],[-62,-9],[-22,19],[-51,-31],[-81,38],[-69,8],[-60,-9],[-93,22],[-20,23],[-105,23],[-53,22],[-51,2],[-50,-25],[-102,19],[-58,-25],[-38,-36],[-63,-12],[-16,-44],[-45,14],[-35,-11],[-101,-66],[-10,-30],[-97,-123],[-33,-18],[-59,-71],[-16,-32],[-38,9],[-52,-28],[-81,-4],[-39,17],[-87,16],[-60,-23],[-62,-75],[-14,-35],[-108,-12],[-22,-24],[-39,-5],[4,-80],[-53,-98],[-93,-61],[-88,-5],[-24,19],[-16,62],[-34,7],[-52,-18],[-58,8],[-23,-24],[14,-47],[64,-28],[12,-39],[-51,-72],[-28,-24],[-14,-71],[-56,5],[-41,80],[-41,23],[-82,-12],[-37,18],[-94,-14],[-91,6],[-60,16],[-171,83],[-34,39],[-55,93],[24,73],[-10,45],[-50,93],[-96,45],[-101,35],[-26,25],[-61,109],[-21,68],[-5,80],[-32,105],[27,51],[39,15],[99,-45],[76,4],[44,55],[43,30],[10,36],[38,43],[7,43],[-66,49],[76,52],[-23,47],[-57,12],[-33,37],[-123,97],[-30,-19],[-114,-5],[-155,-51],[-25,-24],[-89,-31],[-75,2],[-55,16],[-81,-1],[-64,18],[-50,42],[-13,36],[48,114],[44,22],[-18,22],[43,55],[-75,56],[-46,-4],[-150,-87],[-68,-23],[-103,-4],[-49,52],[-141,80],[-67,27],[-31,24],[-9,43],[61,28],[209,131],[57,10],[163,-54],[39,2],[57,40],[17,52],[-54,25],[-98,17],[-72,65],[-18,77],[-17,27],[21,34],[52,20],[51,-18],[17,35],[2,52],[-18,66],[-24,24],[-38,-2],[-55,29],[-82,-16],[-47,13],[-29,-79],[-60,-47],[-120,40],[-40,-22],[-30,-55],[-42,-29],[-44,-6],[6,-51],[24,-32],[-34,-15],[-68,28],[-86,89],[13,47],[41,1],[-5,45],[36,47],[15,61],[30,58],[36,15],[55,57],[56,37],[42,-3],[64,36],[-11,49],[-28,32],[-63,11],[-56,28],[-18,-15],[4,-48],[-13,-35],[-94,-21],[-89,17],[-41,-8],[-65,27],[-27,64],[-67,31],[-40,38],[-78,-7],[-35,13],[-56,87],[-33,28],[-51,5],[-48,18],[-14,28],[-36,8],[-28,35],[-62,-1],[-40,27],[-52,10],[-81,-27],[-71,-83],[-13,-48],[-59,-80],[-48,-32],[-57,0],[-81,-29],[-159,-33],[-81,5],[-29,-19],[-114,-23],[-65,14],[-30,-32],[-33,-8],[-138,-5],[-49,-15],[-71,8],[-19,14],[-17,64],[-66,29],[18,35],[0,65],[-36,-4],[-45,97],[44,21],[42,-21],[104,-6],[13,-31],[-36,-15],[-18,-40],[25,-24],[71,-11],[39,39],[21,41],[-64,54],[3,58],[40,66],[150,-62],[28,5],[78,-24],[69,42],[30,57],[0,99],[-21,51],[-107,45],[-57,44],[23,45],[147,30],[55,3],[50,-33],[35,1],[86,-75],[0,-30],[34,-38],[42,-8],[50,9],[104,-26],[50,-49],[28,30],[61,9],[73,74],[12,39],[-67,62],[-17,59],[-46,24],[-1,40],[25,49],[-4,28],[-42,24],[-83,25],[-29,21],[-13,60],[-91,134],[-49,21],[-58,62],[-23,36],[-41,29],[-4,74],[-15,35],[47,32],[51,53],[68,-100],[31,-25],[26,-102],[66,-16],[36,-23],[95,41],[29,71],[35,23],[10,43],[97,52],[9,-25],[-38,-74],[-4,-42],[32,-32],[36,15],[30,36],[56,-10],[35,-44],[10,-40],[53,-112],[24,-17],[69,40],[-27,40],[-4,35],[29,35],[-21,26],[9,39],[64,114],[2,34],[-71,52],[-21,-5],[-42,61],[4,46],[-13,32],[4,47],[34,63],[49,-13],[97,0],[91,-57],[32,-38],[46,-28],[5,-51],[-19,-30],[36,-59],[40,12],[70,-22],[-44,-21],[-19,-48],[-27,6],[-18,-50],[33,-63],[62,-11],[24,28],[35,3],[17,-32],[-16,-71],[43,-41],[17,-42],[39,-44],[41,7],[19,-47],[53,-49],[-55,-52],[-18,-45],[8,-63],[23,-37],[35,-16],[33,27],[12,37],[55,4],[89,33],[6,31],[-29,22],[-2,39],[28,7],[77,-39],[48,9],[69,-77],[42,37],[20,60],[-20,127],[90,9],[35,-15],[48,22],[56,48],[55,82],[31,62],[-40,38],[12,21],[-22,59],[-33,34],[-6,31],[-33,31],[-66,14],[-31,32],[16,78],[-5,39],[-34,40],[-47,7],[0,50],[-36,25],[-14,32],[20,27],[43,7],[29,52],[50,-5],[72,-43],[21,-48],[45,-13],[69,28],[65,10],[13,56],[-64,-2],[-22,52],[15,162],[-20,67],[-61,31],[-29,60],[-58,51],[-44,-13],[-30,39],[35,132],[69,-21],[44,-2],[95,22],[17,28],[56,29],[33,-19],[91,-20],[79,-36],[32,6],[13,-35],[-20,-24],[93,-145],[-17,-49],[10,-38],[62,-89],[13,-79],[20,-19],[48,-104],[28,-28],[-1,-38],[37,-24],[36,-115],[28,-35],[64,-26],[47,19],[-17,-58],[49,-27],[42,17],[37,-4],[31,-38],[34,24],[-28,70],[-32,45],[78,39],[4,50],[87,5],[34,47],[-28,27],[10,38],[55,-17],[36,-33],[-118,-156],[24,-52],[53,-28],[48,28],[48,-7],[1,-60],[-46,-49],[-3,-95],[51,-65],[38,-28],[-50,-32],[-2,-42],[33,-47],[62,-55],[79,-17],[64,-1],[48,38],[3,58],[42,45],[-20,26],[87,41],[9,55],[-7,36],[68,-10],[-16,-33],[-8,-68],[11,-39],[-22,-31],[-1,-53],[42,-70],[-49,-43],[-6,-52],[-38,-35],[-23,-94],[0,-67],[-66,-24],[-62,-53],[-1,-96],[33,-13],[3,-30],[48,-26],[58,13],[36,41],[63,32],[37,-69],[-12,-21],[12,-52],[-39,-110],[-51,-19],[-27,8],[-47,-35],[-29,-90],[-34,-32],[-14,-69],[31,-36],[54,-10],[27,-32],[7,-47],[-94,-106],[1,-38],[74,-36],[51,-5],[37,-120],[43,-40],[62,-27],[23,-33],[42,40],[0,45],[-26,26],[-5,49],[22,57],[10,63],[-20,87],[20,85],[66,55],[19,96],[56,41],[26,-12],[27,-57],[-25,-69],[10,-59],[20,-35],[69,-51],[133,-40],[-22,-44],[-2,-42],[-62,-59],[-6,-94],[-28,-74],[5,-63],[-20,-89],[31,-40],[72,15],[-2,-54],[-19,-82],[20,-43],[-103,-60],[-11,-57],[32,-25],[47,20],[43,-3],[29,23],[26,-15],[-1,-37],[-22,-69],[-47,-28],[63,-49],[8,-41],[46,-54],[84,-22],[28,-31],[6,-39],[-51,-37],[7,-48],[27,-33],[57,-3],[16,-15],[58,28],[25,30],[14,72],[-38,73],[2,32],[-52,59],[20,26],[35,-8],[51,-60],[23,-42],[70,-40],[62,-14],[28,-44],[2,-39],[35,-24],[54,12],[34,34],[21,170],[-34,49],[-67,3],[-13,47],[19,124],[-38,44],[-49,-17],[-56,-1],[-24,21],[-71,201],[36,55],[16,47],[42,35],[5,35],[49,16],[44,-21],[47,-78],[39,-13],[52,-42],[96,-45],[63,-54],[36,-4],[41,21],[86,65],[-18,62],[8,104],[70,89],[4,54],[-23,47],[-37,27],[-12,42],[-50,29],[5,58],[-10,34],[-75,30],[-39,47],[-44,0],[-57,100],[-92,17],[-88,69],[-49,-1],[-74,-40],[-81,-145],[-62,-76],[-67,-8],[18,76],[22,36],[109,104],[106,85],[23,35],[-18,36],[39,70],[-9,57],[-43,37],[45,52],[46,121],[-33,55],[-35,20],[-36,90],[12,65],[-27,48],[-94,23],[107,48],[69,88],[35,93],[25,36],[-28,43],[2,78],[-45,98],[-30,27],[-45,-2],[-42,15],[-23,41],[-90,80],[-25,41],[-64,75],[-32,17],[-90,1],[12,60],[-1,83],[24,79],[-3,50],[-21,36],[-48,18],[-47,50],[-38,-15],[-72,32],[-33,-17],[-29,31],[22,77],[9,111],[-4,64],[-45,34],[3,35],[-34,20],[-31,65],[79,-26],[113,9],[44,-43],[111,-42],[67,-4],[60,21],[71,9],[78,-1],[56,-35],[11,-34],[30,-25],[7,-46],[39,-55],[-41,-55],[25,-73],[-4,-25],[34,-112],[26,-30],[94,-72],[42,-109],[52,-48],[79,-24],[102,28],[20,-18],[-6,-46],[30,-83],[75,-45],[50,1],[31,22],[59,-23],[-25,-82],[20,-31],[-14,-50],[-38,-56],[26,-81],[71,-39],[27,18],[15,-92],[32,-61],[44,-4],[-7,-62],[38,-70],[-1,-41],[23,-17],[2,-82],[26,-51],[50,-59],[33,-23],[77,-8],[62,-49],[44,-59],[32,37],[-27,54],[39,11],[36,38],[-26,87],[-17,22],[-68,41],[10,63],[-31,24],[44,23],[26,44],[-18,107],[-32,39],[-64,8],[3,37],[-20,57],[-28,29],[-39,-3],[-43,66],[1,29],[45,82],[35,26],[45,62],[-11,57],[-62,22],[-18,30],[8,36],[-40,157],[40,14],[46,-5],[88,50],[57,11],[58,32],[12,37],[77,-15],[6,-37],[57,-18],[44,8],[33,-40],[51,-13],[52,13],[60,34],[81,76],[-8,35],[-49,22],[18,57],[27,-5],[87,34],[55,38],[42,49],[41,75],[4,101],[-21,33],[18,74],[-85,50],[15,51],[31,-28],[93,-18],[-28,-98],[13,-80],[37,-43],[106,-68],[66,-88],[-22,-52],[33,-87],[-15,-21],[20,-74],[11,-131],[32,-70],[50,-58],[-5,-78],[25,-31],[72,-45],[68,-19],[68,-90],[-27,-71],[-2,-43],[15,-41],[-4,-111],[-26,-45],[12,-154],[-3,-54],[-35,-69],[-3,-64],[-37,-78],[43,-16],[28,-66],[-15,-37],[17,-45],[-68,-59],[25,-52],[-41,-30],[-14,-38],[8,-57],[49,-22],[42,32],[5,26],[64,61],[24,-44],[-25,-59],[6,-22],[87,-19],[88,12],[43,54],[21,47],[-2,67],[27,81],[-25,76],[7,52],[27,48],[41,9],[50,-71],[19,-11],[47,20],[47,46],[20,50],[-20,90],[5,68],[-67,109],[-36,29],[2,39],[72,89],[-1,27],[33,49],[88,76],[34,13],[59,61],[46,-41],[85,2],[11,-30],[58,-9],[30,-84],[48,-25],[-5,-27],[77,-56],[53,-82],[7,-48],[33,-38],[41,-21],[37,-52],[10,-69],[25,-39],[63,-22],[83,1],[7,-45],[73,-49],[86,-1],[74,-48],[-23,-59],[-15,-92],[-80,16],[-25,-48],[13,-28],[-59,-40],[-15,-35],[-35,-27],[5,-45],[43,-24],[57,10],[32,23],[49,59],[70,-39],[43,-37],[21,-38],[-94,-68],[2,-44],[23,-22],[51,4],[52,-27],[-54,-50],[-65,11],[-24,-8],[-31,-51],[6,-95],[31,-14],[78,13],[33,-29],[11,-77],[27,-20],[36,-68],[107,31],[77,36],[42,-12],[116,-8],[40,-18],[58,-101],[14,-78],[55,-121],[60,-68],[36,-19],[78,-9],[38,-52],[39,-72],[19,-8],[41,-75],[69,-83],[194,-137],[103,-26],[79,7],[58,-11],[54,-43],[61,-73],[9,-48],[32,-29],[9,-43],[49,-115],[20,-70],[-26,-164],[0,-120],[19,-112],[55,-138],[107,-169],[29,-29],[78,-115],[51,-58],[110,-71],[115,-37],[103,-5],[61,53],[71,4],[11,-16],[118,-68],[105,-37],[87,-5],[132,33],[81,44],[17,47],[93,87],[41,80],[34,37],[-6,40],[51,40],[64,13],[107,52],[48,67],[-23,37],[105,69],[58,58],[0,65],[46,60],[-6,43],[30,48],[-25,39],[30,16],[17,38],[33,-12],[132,37],[51,-2],[84,35],[89,88],[19,31],[50,42],[79,119],[19,92],[-45,33],[11,58],[-13,26],[163,53],[72,34],[14,30],[42,8],[57,28],[12,-45],[88,-123],[-16,-70],[32,-44],[86,-43],[15,15],[101,-18],[27,-60],[41,-34],[23,-42],[33,-21],[57,-7],[54,8],[59,34],[98,100],[15,68],[-48,72],[-10,71],[32,45],[30,74],[3,63],[54,51],[-86,134],[-51,13],[-72,32],[-10,36],[-1,72],[-27,60],[-34,31],[-58,30],[-11,41],[-27,37],[-86,25],[-49,41],[-65,-1],[-5,36],[34,30],[9,39],[42,57],[55,4],[67,-39],[76,-24],[55,21],[37,-49],[64,-45],[97,17],[35,29],[38,4],[85,62],[51,-54],[56,-30],[-8,-24],[24,-86],[78,-192],[22,-38],[80,-46],[50,21],[37,-72],[7,-85],[32,-90],[45,-45],[-5,-26],[30,-63],[33,0],[28,-64],[27,-17],[69,-163],[71,-76],[44,20],[66,-17],[45,-48],[141,-40],[34,22],[27,-31],[48,-16],[15,-31],[51,-27],[27,-32],[46,-144],[27,-25],[17,-70],[35,-40],[8,-45],[28,-32],[0,-28],[64,-100],[20,-10],[45,-73],[55,-118],[67,-89],[77,-122],[49,-35],[32,-4],[36,-41],[81,-58],[43,8],[64,-14],[70,-40],[19,-22],[20,-61],[-15,-66],[-20,-24],[-4,-45],[-20,-21],[2,-42],[-33,-18],[-18,-39],[1,-65],[24,-77],[48,-113],[83,-149],[47,-70],[101,-135],[29,-27],[-15,-61],[54,-103],[61,-68],[4,-63],[35,-97],[20,-35],[-21,-65],[34,-74],[83,-109],[102,-95],[61,-85],[67,-60],[-2,-85],[17,-55],[99,-130],[82,-79],[-25,-36],[10,-33],[70,-95],[100,-92],[74,-45],[107,-55],[111,-45],[239,-70],[162,-26],[108,-5],[71,-29],[87,-22],[149,-2],[122,4],[172,42],[59,38],[43,14],[9,24],[107,36],[67,39],[20,57],[58,24],[33,30],[34,76],[46,-20],[66,11],[120,31],[203,83],[108,23],[60,-2],[61,-23],[74,-77],[29,-81],[19,-150],[-26,11],[-92,-11],[-26,-33],[-27,-67],[-77,18],[-59,3],[-61,22],[-126,-18],[-7,-35],[-66,-59],[-9,-45],[-37,-50],[2,-77],[28,-76],[17,-107],[29,-23],[44,-83],[64,-43],[68,12],[56,30],[40,7],[107,-19],[46,28],[30,-13],[35,31],[32,0],[27,-57],[-9,-38],[46,-62],[42,-8],[50,18],[72,-7],[3,18],[80,78],[-13,52],[-59,77],[-24,20],[34,28],[96,-2],[61,23],[63,53],[22,38],[5,61],[52,28],[100,102],[22,-2],[88,-71],[47,3],[31,-54],[-53,-25],[-24,-41],[11,-76],[41,-79],[-141,16],[-27,-13],[-40,14],[-6,-82],[11,-55],[67,-50],[43,-78],[28,-24],[46,0],[43,25],[88,-2],[87,13],[114,36],[78,-43],[64,-15],[26,-38],[-13,-87],[-22,-23],[37,-49],[63,-50],[24,-56],[55,-2],[20,26],[63,42],[33,11],[35,47],[75,32],[2,60],[28,51],[75,20],[62,-31],[37,-4],[118,14],[112,65],[26,38],[38,3],[65,45],[19,41],[75,59],[102,23],[29,-21],[35,-54],[7,-48],[-42,-128],[-18,-14],[-32,-85],[-25,-4],[-25,-47],[50,-108],[24,-2],[-40,-91],[8,-60],[-88,-69],[-16,-66],[34,-113],[30,-23],[-24,-49],[18,-99],[-103,-112],[-4,-51],[-23,-54],[-28,-21],[-50,-12],[24,-70],[-12,-50],[18,-41],[31,-19],[73,41],[42,36],[67,123],[-12,67],[17,41],[55,44],[23,58],[8,100],[34,56],[27,23],[-5,68],[104,-14],[39,8],[36,35],[-14,39],[36,33],[16,46],[35,37],[27,52],[77,15],[79,-16],[118,-6],[90,-18],[117,7],[72,-16],[28,-46],[2,-36],[-37,-55],[2,-27],[-43,-95],[-36,-25],[74,-86],[93,-50],[38,64],[96,-5],[30,48],[45,-36],[51,9],[4,40],[24,38],[86,69],[92,-11],[94,18],[142,78],[-10,67],[-21,30],[-66,33],[91,40],[95,80],[64,89],[50,54],[-40,78],[-36,-2],[-77,36],[-39,4],[51,55],[43,18],[41,-43],[78,-41],[141,-33],[140,-1],[100,8],[140,-15],[179,2],[82,13],[47,31],[100,49],[117,73],[96,48],[92,64],[55,57],[25,41],[-2,34],[-30,46],[15,43],[-3,65],[74,59],[36,42],[52,22],[46,39],[11,36],[44,-10],[46,-34],[81,-21],[97,-5],[100,14],[89,33],[49,36],[63,15],[33,-44],[42,-141],[47,-70],[44,-47],[94,-67],[85,-29],[112,-12],[92,18],[101,-7],[70,-29],[128,22],[52,60],[130,60],[14,24],[48,-21],[17,-67],[34,-81],[49,-86],[34,-37],[63,-17],[52,9],[38,-37],[-56,-71],[-31,17],[-14,33],[-72,28],[-44,3],[-122,-77],[-34,-50],[-48,-29],[-45,-66],[-13,-87],[-31,-36],[-16,-135],[-27,-33],[-54,-27],[-38,-1],[-22,-37],[-112,27],[-41,44],[-155,26],[-60,-6],[-123,-51],[-87,-47],[-12,-32],[-85,-88],[-73,-138],[-20,-12],[-76,-8],[-40,-40],[-14,-43],[21,-63],[32,-2],[52,-88],[7,-62],[28,-52],[0,-36],[40,-104],[32,-57],[52,-44],[48,22],[43,-13],[56,28],[67,-10],[60,-94],[89,-105],[93,-100],[-26,-40],[10,-54],[30,-36],[61,-22],[35,11],[33,40],[47,12],[52,-22],[6,-54],[46,53],[63,35],[48,-29],[80,18],[11,-56],[-15,-50],[10,-53],[23,-9],[51,37],[59,19],[68,-30],[45,5],[48,53],[67,32],[67,11],[99,33],[50,10],[25,29],[205,79],[69,22],[72,38],[49,41],[44,56],[-20,11],[25,65],[72,51],[68,89],[-2,38],[30,53],[58,9],[36,23],[92,4],[69,12],[27,43],[68,28],[95,-7],[51,-55],[59,-41],[78,-9],[40,5],[110,-90],[14,-104],[-42,-40],[-4,-80],[22,-60],[27,-35],[65,-43],[57,-14],[38,-58],[1,-66],[-82,-52],[-35,-67],[16,-63],[21,-34],[8,-117],[47,-34],[16,28],[57,51],[74,53],[23,-12],[97,-15],[48,40],[45,22],[10,37],[-2,76],[25,28],[38,7],[23,54],[36,-25],[103,26],[26,22],[4,57],[-36,56],[42,19],[67,-18],[46,-32],[22,-32],[34,-151],[-10,-67],[73,-55],[11,-33],[38,-38],[17,-39],[43,-39],[23,-44],[93,-85],[140,-136],[51,-27],[54,16],[0,-56],[-30,-6],[-55,-73],[9,-71],[-29,-1],[-196,49],[-15,-115],[-17,-60],[5,-37],[57,-104],[52,3],[56,-27],[9,-41],[50,-37],[70,-29],[28,6],[23,69],[65,36],[11,-47],[-14,-52],[-33,-55],[2,-62],[37,-29],[-17,-33],[22,-40],[49,-45],[8,-29],[99,-70],[-34,-29],[-14,-72],[-27,-13],[-32,-64],[0,-33],[-65,-72],[-31,-115],[7,-64],[-11,-76],[-52,-60],[-58,-96],[-29,-89],[-69,-123],[-11,-52],[14,-44],[68,-104],[49,-109],[43,-69],[88,-82],[44,17],[-69,76],[-13,36],[10,101],[41,74],[55,45],[27,43],[55,175],[14,94],[-9,112],[14,18],[142,101],[58,122],[56,17],[2,26],[92,50],[14,44],[71,61],[14,57],[96,-32],[58,10],[34,-8],[61,21],[14,24],[41,-14],[41,63],[-21,25],[16,96],[-14,51],[14,45],[-13,22],[-25,94],[-26,45],[23,82],[-34,73],[-23,6],[12,81],[40,-30],[81,-27],[49,0],[102,26],[92,14],[142,36],[126,-131],[41,-83],[59,-72],[71,-67],[104,-84],[109,-70],[83,-36],[19,-44],[81,-61],[134,-89],[97,-40],[72,-13],[25,-40],[27,19],[98,-43],[236,-25],[43,-28],[41,1],[63,-95],[187,-63],[67,-15],[132,-8],[153,-14],[54,8],[126,-3],[92,23],[70,3],[47,-38],[11,-54],[63,-4],[31,17],[67,-19],[71,15],[37,-14],[80,2],[102,27],[138,8],[160,22],[89,27],[163,36],[157,45],[155,53],[84,12],[83,-4],[297,61],[69,35],[263,176],[67,36],[38,31],[87,50],[177,125],[79,96],[58,82],[42,82],[12,40],[106,144],[111,194],[16,58],[51,-39],[109,-21],[103,6],[125,56],[28,30],[96,-15],[60,0],[107,12],[65,31],[25,50],[-8,22],[31,39],[147,-30],[55,-51],[103,-38],[21,-66],[-74,-57],[-14,-35],[15,-69],[34,-19],[3,-48],[-18,-35],[5,-38],[-34,-68],[-29,-10],[-5,-40],[19,-24],[-2,-59],[77,-56],[61,23],[64,-31],[-5,-38],[27,-46],[1,-30],[63,-58],[11,-68],[29,-113],[111,-202],[150,2],[39,-13],[101,-68],[53,-19],[79,-4],[34,14],[66,-5],[76,-61],[7,-42],[6,-182],[-33,-52],[-15,-53],[6,-96],[-7,-53],[20,-164],[-3,-43],[22,-34],[40,-26],[121,-179],[103,5],[146,-27],[133,-20],[32,-17],[99,-103],[44,-38],[105,-59],[56,-7],[160,62],[101,56],[137,-8],[56,-26],[52,-5],[170,-103],[134,-53],[117,-90],[9,-59],[53,-20],[35,-55],[47,-111],[41,-115],[57,-114],[69,-119],[37,-51],[81,-77],[103,-79],[95,-53],[158,-127],[107,-109],[57,-73],[33,-59],[35,-40],[40,-4],[36,26],[33,-1],[39,41],[79,14],[96,-11],[49,5],[54,78],[43,-8],[36,45],[35,11],[73,0],[20,23],[103,13],[77,-6],[76,87],[56,5],[101,-36],[8,-21],[46,-10],[40,43],[40,23],[53,-35],[8,-41],[36,-43],[46,-23],[57,-8],[8,-56],[47,-110],[30,-51],[45,5],[85,-33],[34,-51],[52,-49],[99,-66],[100,-44],[20,-20],[1,-56],[76,-8],[94,-49],[18,-17],[81,18],[-5,74],[-31,45],[-64,45],[-14,39],[8,37],[-48,41],[-83,122],[-17,-3],[-175,89],[-55,52],[47,31],[2,66],[-43,31],[-15,39],[-48,38],[-34,-4],[-34,24],[13,31],[-49,29],[-36,-18],[-52,-6],[-56,44],[35,63],[87,-21],[69,9],[37,-11],[14,-31],[67,-13],[35,21],[48,-16],[44,22],[59,-66],[121,1],[11,-26],[89,8],[126,43],[133,17],[47,-5],[55,30],[62,0],[77,38],[86,8],[77,-14],[41,4],[41,-49],[101,-192],[78,-108],[11,-31],[85,-34],[200,-23],[51,14],[44,-11],[180,80],[44,-5],[80,25],[102,51],[60,46],[46,71],[30,87],[-79,1],[-47,-41],[-52,-29],[-45,-5],[-68,-51],[-160,-30],[-64,5],[-60,19],[-56,42],[-61,31],[-42,36],[-61,22],[-93,50],[-87,89],[0,27],[-74,90],[-24,53],[-51,-10],[-40,15],[-73,-22],[-94,13],[-45,30],[-40,51],[-34,73],[-41,29],[-54,8],[-110,-18],[-77,55],[49,53],[45,10],[77,34],[171,11],[28,-8],[125,1],[121,29],[51,34],[25,69],[86,46],[40,54],[61,-10],[29,-21],[144,36],[76,59],[31,53],[61,81],[41,30],[0,47],[-38,29],[-93,21],[-49,41],[35,60],[-16,91],[132,49],[56,58],[102,47],[125,22],[73,4],[124,46],[64,52],[39,62],[-1,29],[-32,29],[37,24],[75,81],[57,25],[80,-33],[19,-68],[55,-20],[99,9],[94,43],[25,38],[-1,53],[61,0],[134,-16],[49,11],[25,-16],[50,1],[-39,-59],[-24,-6],[-27,-40],[-50,-24],[-41,-61],[-15,-52],[47,-68],[70,-76],[28,-17],[73,-8],[59,15],[79,6],[87,-16],[172,5],[138,31],[84,29],[28,41],[60,20],[52,35],[90,33],[29,37],[97,42],[150,99],[62,67],[16,31],[-11,34],[79,129],[13,57],[112,-35],[40,8],[35,-13],[58,0],[14,-44],[-11,-25],[21,-88],[32,-63],[51,-34],[-11,-43],[34,-33],[52,-28],[118,-45],[74,-47],[49,-10],[76,61],[86,36],[12,24],[112,60],[73,26],[30,31],[38,14],[77,80],[104,66],[274,113],[110,96],[77,149],[59,43],[137,33],[61,6],[99,25],[84,-8],[42,11],[60,64],[37,57],[157,18],[53,17],[44,31],[93,46],[10,24],[52,22],[39,39],[63,-6],[35,-15],[67,7],[62,21],[96,-4],[143,61],[44,14],[41,39],[181,106],[48,13],[165,76],[143,55],[79,23],[60,6],[84,-5],[55,21],[70,0],[198,75],[64,10],[117,50],[123,1],[98,42],[40,-22],[35,-1],[63,30],[53,49],[98,57],[89,43],[73,-31],[-18,-61],[-282,-207],[-23,-51],[-57,-36],[-35,-10],[-74,-48],[-71,14],[29,89],[-56,34],[-43,-25],[-6,-28],[-77,-19],[-92,-7],[-71,15],[-64,-35],[-24,16],[-75,2],[-58,-32],[-64,-83],[10,-79],[55,-7],[19,-47],[-69,-51],[-54,-4],[-34,-20],[-43,-69],[-35,-35],[-6,-32],[-70,-11],[-41,-20],[-11,-27],[-66,-37],[-13,-73],[-68,-57],[-60,6],[-19,-31],[-102,-25],[-24,-36],[-59,-38],[-78,-95],[-2,-21],[-84,-142],[-51,-55],[-30,-80],[32,-51],[-119,-14],[-46,-26],[-24,-55],[-7,-74],[-83,-1],[-22,24],[-69,-22],[-26,-45],[12,-50],[-19,-38],[-50,11],[-125,-39],[-35,-39],[-1,-33],[-30,-54],[-72,-64],[-14,-45],[-45,-64],[-58,-35],[-68,-10],[-66,-40],[-24,-55],[-39,-49],[-77,-62],[-82,-57],[-43,9],[-82,-5],[-47,-81],[-61,-151],[-6,-41],[2,-122],[-8,-79],[-19,-42],[26,-37],[4,-121],[47,-82],[29,-70],[37,-49],[25,-60],[44,-68],[43,-47],[105,-136],[71,-62],[46,-54],[78,-59],[56,-25],[105,-25],[79,-46],[54,-67],[15,-53],[94,-140],[10,-65],[-106,-158],[-52,-63],[-38,-78],[43,-19],[126,111],[56,41],[55,56],[84,108],[147,309],[92,35],[94,76],[80,-2],[29,-12],[22,-39],[-39,-93],[6,-61],[34,-1],[90,125],[29,112],[-9,51],[30,38],[-3,55],[-30,114],[-3,61],[16,43],[77,71],[41,12],[49,44],[26,-19],[64,49],[14,36],[50,29],[-9,51],[20,60],[87,-47],[85,20],[20,43],[-12,61],[18,42],[35,6],[30,48],[62,-30],[47,-44],[66,12],[17,27],[-11,48],[15,28],[59,-40],[52,-14],[94,54],[20,103],[-15,42],[14,27],[39,-3],[43,-62],[22,-5],[68,46],[17,29],[12,89],[-48,30],[24,48],[138,30],[32,38],[42,5],[-7,-59],[-20,-7],[-6,-52],[25,-24],[-45,-34],[-13,-64],[69,-34],[-40,-72],[50,-14],[40,-26],[17,-32],[1,-80],[41,-20],[43,52],[-9,36],[9,65],[53,54],[26,71],[-9,49],[52,28],[63,55],[9,89],[47,37],[30,9],[79,-38],[1,-50],[28,-93],[70,3],[70,52],[14,46],[-25,30],[-15,67],[48,51],[1,-50],[66,-27],[18,-47],[49,6],[40,40],[12,-33],[60,11],[55,-15],[57,69],[-1,76],[-16,35],[86,-12],[35,11],[83,56],[29,63],[117,39],[55,38],[69,64],[42,3],[17,32],[-12,29],[4,66],[-41,36],[23,44],[40,15],[-12,47],[-52,24],[-20,36],[92,115],[26,-35],[47,-1],[1,56],[13,32],[93,-11],[31,5],[43,42],[80,0],[36,16],[35,45],[1,38],[78,-3],[17,69],[42,-21],[-58,-86],[47,-42],[-60,-15],[-13,-78],[-29,-40],[-63,-31],[-48,17],[-27,-69],[-29,-36],[-17,-57],[-38,-21],[-3,-128],[-22,-19],[-83,-151],[-130,-67],[-63,-110],[-85,-69],[-7,-63],[-93,-56],[-36,-106],[-44,-70],[9,-28],[-16,-95],[-42,-140],[-116,28],[-39,30],[-35,-3],[-33,-27],[-13,-42],[-32,-23],[10,-41],[34,-39],[-34,-40],[-38,21],[-66,-2],[-47,-32],[-20,-47],[-38,-32],[-27,-50],[-77,-96],[-27,-61],[10,-118],[24,-62],[62,-55],[145,-48],[94,-53],[33,-28],[6,-55],[-21,-22],[-7,-75],[112,-126],[36,-29],[77,-19],[41,32],[42,-21],[51,17],[26,48],[80,-47],[69,7],[93,42],[20,57],[28,29],[23,98],[18,48],[19,98],[44,46],[-4,63],[42,-36],[94,-42],[50,-1],[130,34],[68,55],[35,15],[72,-4],[53,-84],[47,-23],[51,0],[-2,-83],[-48,-94],[-16,-78],[-30,-30],[1,-85],[-60,-40],[-58,64],[-39,13],[-65,-24],[-22,-34],[-31,-6],[-16,-67],[-1,-87],[-27,-26],[-29,-72],[21,-44],[-6,-29],[-99,42],[-14,33],[-54,29],[-62,4],[-31,-22],[-35,-74],[22,-52],[29,-35],[44,-18],[69,-61],[-6,-31],[38,-59],[-7,-52],[-49,-12],[-66,-67],[-98,-164],[-31,-80],[-9,-87],[-27,-44],[-36,0],[-33,-90],[-60,11],[-61,-5],[-127,-122],[-44,-94],[22,-144],[-4,-26],[-37,-38],[-29,-80],[-7,-45],[-21,-27],[6,-35],[-13,-65],[44,-21],[27,41],[42,177],[41,40],[109,-8],[103,-58],[50,-15],[64,0],[55,28],[93,28],[21,-29],[-38,-111],[-29,-17],[-36,-60],[14,-65],[-18,-50],[-51,-43],[-33,-12],[-44,-136],[-20,-42],[1,-51],[24,-12],[89,-146],[62,1],[45,-11],[55,-36],[15,-39],[-13,-50],[-1,-65],[-12,-17],[0,-103],[-24,-75],[4,-54],[26,-45],[48,21],[21,83],[68,65],[54,78],[31,9],[45,-12],[-44,-103],[52,-20],[22,44],[100,128],[3,68],[14,27],[-20,26],[12,99],[53,87],[48,44],[23,40],[84,75],[-2,44],[33,19],[76,-57],[55,-3],[23,-36],[-46,-87],[2,-33],[33,-64],[64,-60],[64,-15],[95,-4],[52,8],[89,31],[30,29],[20,163],[34,8],[24,-41],[72,-75],[69,-2],[72,29],[68,-3],[64,38],[46,65],[108,15],[20,22],[83,-57],[50,-82],[8,-86],[-10,-44],[5,-77],[65,-12],[42,9],[28,-46],[67,-12],[52,5],[41,21],[18,-24],[71,24],[19,-30],[76,-5],[92,17],[45,17],[22,-12],[46,41],[48,3],[41,19],[62,-10],[26,-60],[-6,-26],[-46,-43],[-53,-71],[40,-19],[100,88],[38,59],[29,134],[44,40],[87,63],[80,49],[46,8],[19,33],[142,91],[56,29],[120,96],[56,54],[45,27],[6,22],[50,31],[40,52],[71,58],[47,61],[40,31],[39,78],[46,67],[0,58],[12,39],[-69,55],[-32,5],[19,48],[-17,62],[20,37],[72,48],[21,54],[54,66],[34,12],[29,52],[60,48],[12,41],[40,63],[37,95],[19,74],[4,88],[-45,39],[-55,22],[-23,65],[40,20],[32,43],[42,1],[53,-22],[71,29],[32,46],[27,75],[65,68],[5,69],[20,93],[-28,42],[-85,22],[-30,36],[5,61],[46,31],[47,13],[173,21],[157,58],[50,28],[-13,43],[-54,-26],[-94,-28],[-45,11],[-41,99],[-5,72],[-23,92],[-28,71],[-72,143],[-44,39],[-39,17],[-39,44],[-35,19],[-85,16],[-94,5],[-50,-17],[-29,-52],[-56,-40],[-59,9],[-8,20],[-92,30],[-144,20],[-67,-8],[-67,-39],[-19,15],[-45,-29],[-33,24],[-42,4],[-74,-28],[-169,-17],[-174,-40],[-28,22],[-103,-17],[-38,2],[-6,155],[-83,119],[-33,58],[-38,35],[-48,2],[-15,18],[-71,-27],[-53,-41],[-27,-41],[-129,-50],[-24,-1],[-137,54],[-58,8],[-54,-6],[-19,38],[43,28],[-48,33],[13,103],[68,21],[22,61],[-29,49],[-78,6],[-9,33],[58,41],[10,20],[53,4],[35,-23],[63,-21],[15,14],[80,-6],[52,-32],[35,20],[10,51],[33,37],[54,-9],[92,68],[27,-29],[37,-3],[16,23],[-18,56],[11,23],[-13,58],[-71,41],[28,88],[55,14],[93,-29],[80,4],[-20,48],[34,87],[17,63],[50,17],[76,-1],[60,59],[12,53],[3,92],[67,70],[24,64],[50,52],[11,37],[109,128],[2,38],[-33,41],[98,49],[70,44],[179,58],[49,40],[50,9],[54,33],[53,-27],[4,-39],[35,-24],[40,35],[72,21],[66,3],[44,16],[27,-53],[48,17],[2,-85],[72,3],[65,27],[5,35],[-22,20],[11,64],[86,29],[17,25],[2,57],[-14,46],[-47,14],[6,30],[92,0],[35,12],[45,65],[-28,39],[45,6],[78,-66],[59,0],[13,34],[-19,53],[20,29],[-14,36],[-53,30],[27,37],[29,0],[14,-35],[86,-74],[53,56],[-2,39],[36,39],[-22,76],[50,17],[-66,53],[46,21],[29,40],[51,44],[48,71],[49,36],[16,74],[37,26],[55,16],[27,46],[78,105],[14,41],[100,7],[45,-8],[10,-68],[47,-58],[11,-37],[66,36],[11,19],[-22,49],[42,-3],[43,64],[50,22],[25,75],[-1,64],[-78,11],[27,48],[87,18],[44,-3],[64,-26],[25,-49],[50,-47],[78,-29],[60,29],[72,-23],[66,3],[22,-23],[93,6],[39,26],[131,29],[42,25],[38,62],[-11,35],[44,5],[43,-46],[86,36],[46,74],[-29,33],[-13,45],[11,48],[37,18],[32,41],[95,7],[62,18],[44,-6],[3,-46],[38,-26],[90,24],[37,38],[50,12],[55,68],[61,28],[26,38],[21,71],[-13,32],[-64,18],[-39,48],[-30,4],[-67,90],[6,53],[28,16],[-14,35],[30,30],[43,-16],[45,-70],[16,-66],[-14,-54],[15,-33],[80,-61],[84,-39],[7,-14],[-3,-126],[-33,-39],[-83,-55],[-28,-9],[-63,-76],[-39,-11],[-71,-49],[-30,-59],[-44,-35],[-112,-52],[-59,-2],[-75,-55],[-105,-30],[-127,-15],[-91,-30],[-29,-29],[-65,-4],[-26,-17],[-76,-22],[-152,-18],[-36,5],[-104,-9],[-44,-40],[-18,-83],[14,-104],[-13,-36],[2,-56],[25,-75],[30,-55],[-5,-34],[-61,16],[-35,48],[-27,76],[19,20],[-16,43],[-53,29],[-56,-4],[-44,-24],[-38,-42],[-6,-52],[21,-94],[-12,-36],[33,-15],[47,-73],[36,10],[78,-8],[56,75],[33,-76],[35,-27],[7,-64],[23,-36],[80,-70],[67,-11],[38,-38],[-48,-67],[17,-25],[47,-8],[31,30],[68,-7],[5,46],[-35,81],[1,38],[43,-4],[19,18],[-15,36],[-35,-15],[4,74],[51,45],[42,17],[20,56],[-50,21],[62,71],[40,16],[26,44],[67,21],[19,-16],[51,13],[40,-12],[43,-48],[39,12],[16,-31],[19,-141],[54,-213],[47,-130],[34,-71],[40,-27],[34,-99],[1,-39],[66,-187],[115,-213],[46,-54],[65,-38],[66,10],[52,-13],[88,39],[7,-65],[22,-52],[-29,-46],[-32,-130],[-34,-1],[16,-91],[32,-68],[-9,-27],[25,-67],[-15,-31],[-52,-21],[-21,-49],[13,-83],[-30,-27],[-18,-42],[24,-108],[72,-143],[10,-41],[37,-63],[51,-62],[15,-38],[50,-63],[7,-51],[23,-33],[13,-146],[90,-99],[64,-43],[174,-140],[186,-91],[30,2],[71,-50],[6,-65],[-23,-27],[33,-127],[-28,-140],[28,-74],[105,-88],[24,27],[48,-26],[24,-35],[9,-49],[51,-18],[36,69],[42,1],[63,-30],[68,-7],[107,64],[51,-16],[24,-47],[-2,-33],[29,-31],[116,-36],[66,27],[7,36],[33,24],[-9,33],[58,77],[23,76],[57,-99],[71,-12],[72,14],[17,25],[49,-6],[60,68],[6,47],[43,20],[14,75],[69,109],[51,32],[50,6],[27,40],[-6,24],[-44,33],[23,49],[-9,17],[-112,7],[-31,-8],[-14,40],[-46,54],[28,82],[-15,58],[-177,-40],[-25,-26],[-18,-63],[-46,6],[42,56],[3,68],[-31,35],[-82,12],[-72,81],[-12,65],[-65,34],[-38,-12],[-6,43],[-31,33],[-36,-11],[-47,48],[-69,-7],[-18,-22],[-150,-47],[-34,-66],[-19,15],[24,85],[33,64],[-18,27],[41,49],[155,-41],[99,-17],[113,3],[163,45],[46,41],[22,35],[-29,43],[14,31],[79,-4],[126,21],[70,41],[40,47],[105,-19],[145,14],[119,37],[41,34],[62,-72],[19,-90],[2,-106],[11,-43],[34,-50],[62,6],[29,-55],[45,-34],[16,-41],[70,-86],[90,-87],[82,-44],[65,18],[34,23],[29,-19],[143,-40],[56,52],[44,-3],[79,-29],[16,7],[167,-84],[46,-4],[29,-31],[12,-76],[62,-56],[26,-116],[41,-81],[65,-36],[58,21],[83,-7],[7,-99],[23,-21],[0,-41],[-27,-64],[-1,-72],[-13,-22],[5,-59],[48,-68],[46,-19],[66,13],[42,74],[53,-14],[52,0],[48,-34],[-7,-122],[3,-59],[33,-59],[-7,-65],[32,-14],[12,-118],[81,-111],[-37,-27],[-19,-39],[18,-44],[-16,-45],[-44,20],[-10,-65],[-30,-5],[-7,-42],[-69,15],[-38,-13],[-50,9],[-27,-38],[0,-63],[-64,-85],[-138,-84],[-12,-14],[-91,-8],[-69,-26],[-68,-9],[-52,-46],[-29,-64],[1,-65],[69,136],[37,17],[94,3],[122,10],[61,-17],[85,-4],[20,16],[18,51],[0,45],[61,121],[44,18],[-8,41],[39,39],[47,-78],[35,0],[51,-51],[76,-46],[75,-22],[35,22],[100,-15],[62,67],[99,40],[5,38],[-29,65],[195,-11],[11,-39],[-35,-17],[-72,-96],[-7,-42],[-74,-19],[-45,-72],[-7,-64],[25,-50],[-144,-14],[-41,48],[-49,14],[-118,-42],[-127,-91],[-71,3],[-60,-22],[-19,-29],[-42,-3],[-69,-69],[-45,-3],[-82,-78],[-67,-89],[-33,-86],[-5,-67],[-90,-36],[-45,-43],[-129,-73],[-174,-168],[-180,-195],[-188,-236],[-27,-22],[-77,-105],[-109,-126],[-105,-158],[-8,-51],[-63,-9],[-36,-45],[-59,-43],[-27,5],[-45,-28],[-78,-74],[-63,-81],[-46,-73],[-25,-75],[-3,-40],[24,-98],[-5,-62],[-45,5],[-25,67],[14,64],[-38,56],[-36,13],[-2,69],[-32,45],[1,53],[109,99],[73,101],[36,113],[-13,61],[20,22],[49,-12],[117,-4],[58,36],[22,46],[2,153],[-6,67],[-22,43],[-12,71],[30,58],[-1,42],[-36,78],[-96,36],[-87,-21],[-129,-95],[-49,-23],[-31,-41],[-29,-8],[-10,-42],[-160,-81],[-42,-6],[-27,-44],[-55,-32],[-35,8],[-31,-17],[-29,33],[-84,-68],[29,-26],[-77,-106],[4,-27],[42,-48],[11,-71],[54,-32],[54,-5],[6,-48],[38,7],[24,-28],[-6,-56],[47,-44],[-38,-12],[-58,-69],[-53,45],[-44,-27],[-14,-65],[78,-47],[-2,-39],[85,5],[16,31],[46,-5],[51,20],[5,-33],[-42,-8],[-45,-91],[-29,-76],[-12,-82],[-63,-62],[-8,-34],[-43,-21],[-23,34],[22,43],[-12,39],[-46,9],[-72,-8],[-20,-56],[-35,-18],[-10,-73],[-29,-16],[-131,45],[-89,-23],[-35,-35],[-17,-46],[10,-119],[0,-72],[-42,-35],[-49,2],[-39,23],[-60,58],[-43,9],[-66,-21],[-30,-51],[9,-50],[43,-33],[56,-23],[14,22],[49,3],[31,33],[104,-3],[60,51],[24,99],[-27,47],[9,73],[71,24],[85,-21],[80,-29],[43,5],[38,25],[28,77],[30,1],[55,-81],[80,-15],[55,30],[18,28],[28,105],[-16,48],[50,17],[30,31],[27,-20],[33,-53],[42,-11],[-12,-99],[17,-29],[94,-60],[-2,-70],[-84,-2],[-30,48],[-81,-3],[-65,-22],[-66,-33],[-118,-79],[-86,-73],[-120,-114],[-60,-73],[-67,-70],[-90,-138],[-69,-128],[-54,-162],[-66,-107],[-20,-106],[-25,-51],[-14,-69],[40,-48],[-17,-97],[14,-108],[48,-53],[39,3],[27,-58],[38,-3],[40,-36],[50,-74],[-49,10],[-18,-50],[1,-39],[-43,-14],[-132,16],[10,64],[-68,19],[-75,-17],[-82,-47],[-32,-37],[-129,7],[-26,16],[-32,98],[-76,18],[-36,-8],[-32,33],[-66,2],[-52,-18],[-103,-66],[-87,-76],[-74,-84],[-67,-122],[-30,-90],[-12,-63],[17,-38],[4,-62],[42,-50],[52,-27],[67,0],[81,-55],[-13,-117],[43,-68],[27,-18],[-3,-37],[-58,-50],[-82,-176],[-43,-140],[-29,-150],[23,-71],[4,-47],[24,-61],[71,-71],[29,-57],[-81,43],[-16,37],[-116,57],[-36,35],[-75,-17],[-23,32],[-56,21],[-25,35],[-39,22],[-25,78],[2,53],[-35,122],[27,61],[-18,62],[42,28],[7,60],[-13,34],[-1,89],[19,32],[-45,49],[-33,10],[-44,-27],[-127,67],[-47,111],[-96,25],[-43,24],[-7,73],[-22,64],[-62,3],[-109,-32],[-57,-26],[-40,-32],[17,-43],[-85,-83],[12,-61],[36,-52],[-29,-73],[-9,-48],[29,-45],[39,-15],[29,-43],[-11,-66],[37,-61],[-40,-47],[-17,-48],[7,-31],[82,-47],[-53,-10],[-47,20],[-108,-5],[-38,-31],[-99,58],[-15,101],[-41,69],[-33,10],[-54,67],[-38,12],[-41,-8],[-34,80],[-48,39],[-10,30],[-55,48],[-73,-17],[-100,-56],[-9,-49],[-61,-63],[41,-71],[-3,-84],[54,-12],[53,-57],[111,0],[45,-18],[-8,-104],[34,-52],[-13,-31],[-67,18],[-47,-38],[-31,-86],[-8,-109],[23,-84],[38,-58],[85,-59],[58,-15],[54,-31],[108,4],[42,-88],[2,-95],[12,-34],[53,-27],[37,-56],[29,-19],[51,23],[69,-14],[71,-74],[80,-11],[90,30],[40,36],[13,37],[42,-8],[24,-45],[-64,-57],[-26,-47],[-11,-56],[-43,-27],[-12,-50],[-1,-122],[39,-127],[37,-40],[69,-25],[41,4],[21,25],[8,49],[63,-31],[25,-32],[40,-16],[52,6],[29,-66],[89,4],[49,-41],[73,-7],[11,-33],[62,-18],[28,12],[45,-31],[4,-28],[33,-37],[34,19],[63,-2],[15,-44],[62,-70],[39,-20],[57,-71],[59,12],[83,-11],[31,-106],[16,-114],[22,-51],[-4,-54],[13,-65],[79,-138],[57,-20],[37,24],[34,-15],[60,-78],[70,-49],[-61,-35],[-54,-54],[-17,-56],[-42,-18],[-84,38],[-73,-56],[-21,24],[-50,0],[-62,-23],[22,50],[5,123],[20,22],[-42,71],[-58,26],[33,64],[-37,60],[-10,84],[16,32],[-3,42],[-45,50],[-45,23],[-67,6],[-42,-14],[-33,-55],[-45,7],[-80,-32],[-53,-67],[-3,-50],[20,-81],[-104,-37],[-83,-52],[-29,-27],[-42,-87],[34,-57],[43,15],[25,-34],[-32,-18],[-8,-71],[-47,-11],[-46,41],[-45,25],[-39,2],[-44,-20],[-41,-48],[8,108],[-12,64],[55,30],[24,52],[-56,99],[-71,19],[-28,35],[-82,7],[8,36],[33,23],[54,7],[24,-25],[52,27],[7,33],[-35,65],[-44,60],[6,60],[-41,13],[-50,-8],[-42,-38],[-49,-12],[-25,-31],[-47,17],[-36,-34],[10,-40],[39,-10],[19,-31],[-76,-11],[-70,-39],[21,-49],[-9,-71],[-38,22],[8,34],[-39,21],[-35,-18],[-24,51],[-7,67],[-40,21],[-51,-14],[-136,-76],[-54,10],[-43,-73],[-76,-55],[-67,37],[-32,33],[-49,15],[-51,49],[-31,64],[-99,-8],[-38,52],[-56,-7],[-88,-65],[-29,-70],[25,-94],[58,-5],[64,-36],[70,-20],[36,42],[78,-35],[43,-30],[-12,-58],[76,68],[63,5],[92,42],[88,-23],[64,-9],[14,-30],[-12,-73],[8,-109],[25,-41],[40,-22],[68,30],[25,-43],[28,4],[50,-42],[74,-12],[39,45],[9,-62],[-38,-46],[-28,-85],[-1,-104],[18,-99],[27,-43],[52,-50],[56,-18],[53,8],[14,29],[53,-20],[74,-2],[57,-22],[53,19],[31,-30],[-91,-141],[-75,-130],[-41,-44],[-68,-135],[-16,-96],[-29,-14],[-41,-91],[-47,-151],[-11,-136],[-30,-119],[-56,-82],[34,-99],[-98,32],[-38,-1],[-36,37],[12,70],[-33,33],[-81,22],[-126,-29],[-118,-103],[-44,-62],[-75,-85],[-56,-109],[15,-87],[-12,-74],[29,-49],[-31,-18],[-57,-136],[-28,-120],[4,-60],[-16,-53],[41,-119],[16,-20],[-10,-113],[-58,-83],[-37,-82],[-46,-18],[-15,-34],[-58,-12],[-56,-39],[-31,53],[-52,28],[-35,4],[25,127],[41,6],[37,106],[-4,73],[-35,37],[-68,11],[-12,46],[-52,4],[-28,-12],[-44,-54],[24,-62],[-6,-42],[-42,-25],[-86,13],[-153,-44],[-135,-56],[-67,-41],[-68,-76],[-17,-37],[-57,-81],[-42,-93],[-6,-39],[-47,-49],[-68,-135],[-10,-38],[-37,-16],[-13,-77],[-33,-36],[-28,3],[-43,-59],[-35,-10],[-41,-63],[-24,-74],[-63,-65],[-66,-56],[-49,-74],[-31,-23],[-36,24],[-68,1],[-38,-23],[-18,24],[24,30],[2,86],[-15,44],[-39,30],[-84,21],[6,52],[-48,56],[8,62],[94,5],[25,15],[64,71],[45,91],[14,45],[7,80],[-31,99],[-36,54],[-77,36],[9,91],[35,-12],[66,12],[102,45],[102,-4],[13,-54],[85,-50],[64,8],[111,42],[85,73],[61,72],[56,99],[16,74],[-13,52],[-59,39],[-16,44],[2,40],[-37,102],[-24,26],[-50,14],[-55,33],[-39,37],[18,130],[34,52],[-8,76],[-17,53],[20,38],[-6,53],[-46,53],[-4,24],[-57,46],[-22,66],[-47,44],[42,54],[96,20],[54,19],[12,62],[-47,71],[-34,14],[-45,-4],[16,68],[-12,35],[-74,57],[124,66],[56,74],[-10,46],[-45,45],[-25,46],[-8,44],[30,34],[72,150],[12,75],[-38,120],[-40,73],[-23,21],[-99,38],[-49,26],[-76,-6],[-40,19],[-24,37],[-45,24],[-47,6],[-30,42],[-25,-66],[-74,-87],[-179,-150],[-60,-91],[13,-41],[-20,-37],[6,-72],[-21,-31],[9,-27],[-9,-67],[-54,-24],[-20,-26],[-58,-7],[-52,-114],[45,-32],[45,-5],[97,27],[57,-14],[90,-81],[44,-67],[-21,-117],[-39,-23],[-82,-90],[-50,-85],[42,-98],[5,-34],[64,-38],[11,-29],[-53,-40],[-27,-46],[-82,24],[-61,-25],[-40,-38],[-65,14],[-115,-4],[-29,60],[31,56],[-18,50],[-81,-35],[-67,-6],[-40,20],[-21,32],[-36,14],[-89,-15],[-19,14],[-12,55],[10,18],[3,79],[-13,17],[49,160],[-43,83],[-26,11],[-30,-61],[-4,-93],[-67,-18],[-26,-55],[15,-48],[-8,-44],[-33,-6],[-70,10],[-13,17],[-65,30],[-50,70],[-42,17],[-36,-14],[-32,-37],[14,-63],[51,-26],[6,-19],[-38,-47],[-73,-27],[-15,-24],[97,1],[50,12],[84,-22],[47,-80],[6,-85],[44,-34],[60,18],[58,-48],[-92,-32],[-37,-58],[-30,-102],[47,-88],[6,-87],[40,-42],[44,-69],[-16,-61],[-27,7],[-59,104],[-54,19],[-72,-22],[-66,52],[-81,-36],[-40,-51],[-10,-94],[-41,-133],[37,-90],[-29,-19],[-107,-112],[-33,-51],[-65,-9],[-141,41],[-60,95],[-42,47],[-51,8],[-63,-26],[-93,-88],[-23,-43],[-15,-71],[37,-43],[53,-117],[81,-76],[96,-46],[62,-43],[-19,-61],[-37,-24],[-45,-2],[-84,122],[-39,19],[-47,-4],[-67,18],[-48,54],[-30,74],[-8,64],[8,38],[-14,44],[7,35],[-23,61],[-61,63],[-7,61],[16,107],[17,55],[-28,44],[-49,32],[-68,22],[-39,70],[58,41],[19,33],[-6,37],[-32,53],[41,3],[52,24],[34,34],[44,69],[6,29],[-22,81],[2,87],[23,75],[21,114],[9,95],[-4,55],[-19,95],[-41,64],[-70,89],[-61,-14],[-61,-28],[-108,-76],[-47,-97],[-16,-51],[-45,-30],[-30,11],[-64,-18],[-93,-67],[-70,-102],[-4,-65],[35,-32],[52,-10],[46,-46],[-34,-56],[-43,-30],[-52,-19],[-46,-45],[-51,-70],[-35,-103],[-55,-74],[-59,-38],[-25,-60],[3,-88],[39,-20],[17,-64],[29,-7],[15,-52],[-13,-57],[-38,-34],[-153,71],[-37,33],[-76,11],[-38,-17],[-65,-66],[-50,-85],[-14,-49],[27,-85],[40,-61],[70,-33],[35,-85],[-69,-62],[-32,-66],[-25,-88],[-3,-71],[25,-51],[-23,-64],[-2,-56],[15,-38],[-37,-36],[-57,-80],[-36,-13],[-60,102],[0,46],[-38,13],[21,46],[44,43],[0,47],[-38,60],[11,48],[-44,83],[7,76],[-9,49],[-44,41],[-12,84],[3,43],[-33,26],[15,71],[-91,84],[-21,59],[0,39],[-28,83],[-42,75],[-26,24],[-62,25],[-70,4],[-14,19],[-45,-17],[-52,-44],[-94,-52],[-53,-15],[-73,-68],[-51,-68],[-13,-47],[14,-40],[-42,-41],[28,-45],[2,-31],[-23,-41],[-25,-116],[-36,-54],[13,-41],[-82,-70],[15,-27],[-13,-67],[22,-17],[-10,-86],[18,-27],[-7,-48],[-34,-1],[-34,48],[8,56],[-32,21],[-34,108],[-3,46],[-22,74],[-84,189],[-43,-41],[-57,-1],[-25,-22],[-78,-34],[-186,-133],[-95,-140],[-33,-81],[1,-62],[53,-38],[-50,-61],[-10,-28],[-45,-20],[-24,-39],[-34,-4],[-48,-29],[-53,-47],[-52,-74],[-62,-143],[-46,-153],[-23,-143],[-4,-67],[8,-72],[16,-27],[74,-37],[60,-59],[35,5],[70,-25],[33,10],[33,-71],[92,-39],[68,10],[65,25],[-3,-81],[29,-101],[37,-54],[-54,-34],[-34,-72],[37,-94],[62,-80],[64,5],[182,34],[90,36],[179,20],[53,-2],[-25,-76],[25,-63],[-14,-27],[1,-60],[-63,-85],[-19,-44],[4,-60],[-17,-40],[-66,-34],[-57,1],[-24,89],[-6,56],[-20,17],[-80,10],[-41,-8],[-68,-34],[-58,-55],[-28,-62],[-1,-40],[78,-52],[34,-53],[-56,-74],[-4,-37],[-42,-3],[-77,27],[-59,62],[-35,81],[-1,57],[-36,40],[4,33],[-86,37],[-42,-6],[-49,34],[-29,44],[-4,90],[-35,46],[-74,12],[-79,-6],[-127,-55],[-93,-48],[-45,-33],[-42,-66],[1,-45],[-27,-41],[-3,-111],[18,-78],[50,-39],[19,-59],[-28,-59],[22,-45],[-54,-24],[-21,-26],[-2,-49],[35,-58],[24,-73],[-34,-61],[-2,-94],[-27,-108],[-34,-69],[26,-53],[66,-29],[41,-67],[-17,-19],[35,-53],[-15,-37],[-1,-50],[22,-23],[-12,-134],[12,-33],[34,-26],[-38,-26],[-77,-13],[-78,-46],[-54,27],[-32,2],[-44,-22],[-71,-1],[19,-43],[-61,-29],[48,-81],[13,-44],[-40,-84],[-33,-6],[-6,-32],[71,-68],[21,-59],[-4,-135],[54,-55],[87,-13],[57,-48],[71,3],[41,-34],[12,-83],[68,-153],[-19,-112],[8,-57],[24,-68],[113,-137],[64,-17],[74,3],[62,27],[86,83],[44,17],[26,29],[45,-96],[36,-56],[105,-68],[-23,-31],[-12,-57],[-63,-14],[-82,59],[-89,-20],[-160,-105],[-118,-103],[-33,-58],[2,-79],[19,-73],[37,-50],[18,-49],[78,-112],[55,-37],[61,-64],[143,-63],[55,-50],[133,-17],[118,-1],[162,11],[163,24],[43,24],[136,47],[113,82],[89,131],[45,53],[-4,92],[29,22],[35,-12],[19,-45],[60,-5],[101,45],[59,59],[25,44],[-4,78],[-16,34],[7,55],[23,14],[66,-40],[77,15],[28,16],[98,84],[14,41],[-7,34],[-61,53],[28,78],[8,50],[-16,47],[-42,27],[-28,41],[26,25],[69,-39],[96,-13],[58,24],[22,33],[-3,35],[41,40],[40,12],[42,-47],[47,-22],[123,-25],[74,-57],[69,-12],[59,27],[-11,-62],[-17,-12],[-58,-119],[-52,18],[-94,-35],[-88,-60],[-56,-58],[-32,-75],[12,-78],[27,-30],[-26,-28],[-86,-45],[-34,-28],[-42,-80],[-57,-49],[-36,-54],[-8,-47],[17,-18],[10,-92],[30,-55],[-30,-45],[-14,-52],[7,-85],[-24,-23],[-77,-3],[-101,-52],[-55,-62],[-31,-69],[13,-52],[-23,-104],[9,-34],[-73,-108],[11,-12],[-31,-65],[16,-78],[52,-116],[18,-65],[5,-54],[20,-37],[18,-72],[-15,-90],[-44,-60],[-39,-34],[-31,-50],[-108,-73],[-61,-83],[-37,-77],[-8,-63],[9,-57],[29,-61],[6,-41],[-50,-81],[9,-76],[-29,-54],[9,-39],[-107,-93],[-40,-28],[-32,-43],[-76,-64],[-40,-70],[-46,-122],[2,-41],[-98,-104],[-9,-46],[18,-47],[-45,-59],[-49,-17],[-19,-22],[-48,23],[-50,-17],[-8,-38],[-156,-136],[-79,-85],[-70,-56],[-19,-36],[-55,-66],[-30,-60],[-14,-68],[12,-69],[72,-100],[-25,-67],[28,-84],[-9,-108],[2,-72],[-20,-110],[-46,-103],[8,-100],[-34,-59],[-34,-156],[-72,-135],[-37,-53],[-78,-69],[9,-28],[-26,-70],[3,-74],[45,1],[11,-23],[-30,-55],[10,-14],[-37,-89],[-9,-66],[-26,-103],[-5,-91],[-30,-97],[-15,-79],[18,-55],[-78,-118],[21,-42],[50,-27],[35,-5],[103,-45],[64,-61],[35,-57],[17,-54],[-12,-19],[-59,-24],[-6,47],[-40,21],[-16,82],[-49,28],[-112,-15],[-104,-61],[-103,-41],[-108,-74],[-60,-53],[-70,-32],[-167,-126],[-37,-35],[-38,-69],[-91,-49],[-96,-81],[-35,-10],[-53,23],[-83,3],[-71,-16],[-115,-39],[-71,-39],[-91,-89],[-48,-104],[-35,-21],[-59,-121],[-38,-32],[-67,-19],[-82,-117],[-57,-46],[-154,-63],[-114,-11],[-83,6],[-20,33],[-82,63],[-65,34],[-38,-34],[85,-32],[71,-74],[23,-41],[73,-63],[69,-72],[-95,-124],[-14,-36],[-68,-107],[-46,-86],[-11,-45],[9,-53],[-20,-63],[-60,-56],[-54,-93],[-37,-38],[-34,-70],[-77,-66],[-23,-34],[5,-44],[-86,-94],[-48,-80],[-17,-72],[-23,-40],[-43,-35],[-28,-44],[-60,-55],[-2,-37],[33,-29],[-2,-87],[34,-48],[-9,-50],[-20,-23],[9,-33],[-38,-53],[-25,-5],[-36,46],[-27,3],[-44,54],[-57,12],[-82,-16],[-54,-31],[-72,-9],[-54,13],[-43,28],[-31,-25],[12,-37],[-20,-43],[-28,6],[-43,43],[-42,10],[-34,-44],[18,-29],[-59,-77],[-80,-74],[-7,-64],[-21,-40],[-51,-30],[8,-39],[-53,-43],[3,-59],[17,-88],[-68,-53],[-4,-50],[-43,-105],[-36,-58],[19,-114],[-16,-44],[2,-65],[-102,-60],[-83,14],[-28,-13],[-63,-62],[-61,-94],[1,-38],[52,-41],[9,-71],[-60,-80],[-63,21],[-23,43],[-85,-65],[-91,-114],[-67,-114],[-28,-30],[-17,-63],[-43,-88],[-60,-180],[-25,-46],[3,-36],[-38,-155],[-20,-128],[-6,-116],[-41,-36],[5,-69],[34,-15],[47,-94],[32,-31],[39,-7],[43,18],[79,-31],[20,-133],[-48,-57],[-50,-8],[-18,19],[-64,15],[-37,31],[-75,-7],[-33,-36],[-12,-80],[-46,-15],[-68,-5],[-99,-84],[-3,-73],[-67,10],[-49,56],[-62,44],[-91,-6],[-190,-104],[-85,-68],[-59,-59],[-60,-79],[-65,-40],[-58,7],[-6,-51],[20,-46],[-55,-23],[25,-25],[-45,-52],[-16,-59],[-94,-139],[-130,-126],[-93,-33],[-49,-9],[-34,19],[-42,109],[-28,50],[-80,59],[-150,-85],[22,-76],[43,-260],[41,-137],[50,-128],[24,-228],[-10,-84],[18,-53],[-4,-49],[-24,-78],[28,-17],[26,-90],[41,-92],[57,-107],[9,-55],[23,-29],[59,-116],[6,-139],[-37,-17],[-9,-50],[51,-68],[31,-13],[51,-111],[35,-43],[36,-63],[45,-59],[66,-125],[-11,-97],[-14,-25],[22,-32],[60,-28],[87,-132],[46,-111],[113,-195],[56,-67],[93,-130],[46,-80],[75,-42],[57,-6],[54,-21],[108,-70],[107,-92],[31,-5],[144,-132],[30,-36],[61,-43],[26,-45],[28,-9],[85,-110],[31,2],[39,34],[150,-74],[265,-158],[81,-69],[42,-16],[20,-63],[23,-22],[42,4],[137,-39],[252,-52],[91,19],[93,45],[49,-3],[64,33],[68,4],[107,-42],[56,-38],[52,-15],[90,-60],[59,-50],[42,-70],[-6,-78],[61,-46],[73,8],[133,-47],[68,-49],[106,-88],[28,-52],[-26,-9],[11,-44],[76,-62],[82,-15],[32,-52],[-6,-39],[85,-87],[132,17],[44,-3],[17,24],[57,-5],[81,-36],[147,-110],[10,-32],[165,-81],[132,-77],[73,-59],[90,-46],[125,-78],[181,-84],[56,-38],[43,-14],[137,-62],[67,-41],[161,-72],[127,-68],[187,-138],[130,-117],[11,-28],[111,-111],[51,-37],[44,-72],[43,-44],[32,-72],[36,-32],[20,-39],[74,-65],[20,-42],[54,-34],[17,-35],[60,-44],[77,-39],[54,-50],[36,10],[63,-52],[38,1],[57,-45],[168,-83],[95,-93],[82,-30],[20,-67],[93,-22],[84,-32],[150,-83],[41,-13],[46,-34],[74,-25],[77,-53],[113,-63],[149,-34],[8,-39],[29,-16],[31,26],[26,-10],[4,-50],[35,-58],[148,-85],[91,-88],[48,-16],[112,-67],[77,-26],[107,-68],[113,-43],[60,4],[81,-28],[34,-31],[102,-45],[39,-7],[30,-29],[74,-38],[110,-123],[99,-67],[69,-23],[84,-85],[112,-22],[102,0],[34,41],[59,-10],[130,8],[73,-7],[91,-47],[-50,-38],[14,-40],[73,-4],[34,-14],[130,-86],[86,-17],[110,-73],[-1,-90],[41,-44],[-49,-49],[0,-60],[34,-181],[94,-254],[29,-103],[39,-101],[72,-121],[58,-62],[1,-128],[13,-128],[37,-100],[41,-138],[49,-111],[29,-43],[11,-61],[52,-37],[95,-164],[26,-22],[-1,-33],[76,-40],[54,-51],[119,-73],[51,-17],[62,-48],[47,-158],[-17,-86],[-66,-77],[3,-36],[44,-74],[-8,-43],[33,0],[-3,43],[-43,88],[8,29],[62,45],[29,51],[-2,36],[26,20],[76,-37],[31,24],[46,-62],[14,-47],[41,-26],[65,2],[82,-31],[61,-8],[55,28],[69,12],[130,-34],[161,-93],[42,-54],[132,-7],[73,24],[71,-5],[146,-83],[27,-37],[17,-60],[33,-17],[77,-69],[109,-42],[79,-39],[69,-23],[136,-123],[63,-32],[62,-79],[56,-54],[39,-64],[56,-22],[217,-219],[44,-36],[3,-36],[56,-26],[56,-64],[94,-74],[71,-36],[65,-64],[107,-69],[47,2],[50,36],[23,-42],[-87,-99],[37,-25],[91,-10],[43,-24],[27,20],[39,-5],[-14,-67],[75,14],[9,60],[59,2],[-110,105],[-14,73],[14,13],[103,4],[85,47],[65,1],[76,-25],[49,52],[122,69],[58,5],[59,78],[95,7],[14,35],[84,0],[37,54],[92,56],[117,198],[0,49],[36,65],[24,17],[66,-49],[48,8],[45,-15],[29,18],[26,-27],[64,-13],[39,13],[23,35],[-1,40],[19,28],[9,73],[31,-34],[48,-16],[3,-63],[34,-17],[6,-33],[-17,-61],[31,-45],[59,-24],[54,4],[22,46],[65,-12],[67,-55],[17,-57],[-7,-28],[25,-32],[36,-3],[28,26],[31,-23],[40,13],[104,-5],[28,-21],[-34,-72],[-25,-119],[-66,-104],[-17,-78],[-67,-78],[-46,-70],[-27,-57],[-48,-32],[-14,-43],[-63,-68],[10,-34],[-42,-13],[-33,-35],[-34,-60],[-13,-78],[-26,-90],[-25,-17],[-83,9],[-90,44],[-105,-4],[-72,13],[-69,53],[-54,27],[-32,-27],[56,-38],[-8,-47],[-27,-40],[35,-23],[51,17],[73,-9],[-9,-35],[-36,-4],[-9,-49],[-98,-14],[-16,-47],[112,-7],[71,23],[50,-4],[110,-45],[39,-39],[48,-69],[23,-54],[-54,-33],[-2,-70],[31,-5],[70,-76],[73,-55],[62,-20],[38,-53],[-26,-68],[110,-43],[32,-35],[8,-50],[-50,-31],[11,-35],[72,-1],[80,-56],[11,-23],[0,-75],[19,-28],[-39,-19],[4,-50],[34,-47],[-6,-47],[-50,-43],[-22,-37],[10,-35],[-35,-16],[-71,-10],[-47,-26],[-15,-36],[-41,-16],[-36,-39],[42,-36],[-53,-47],[48,-34],[6,-70],[16,-37],[40,-8],[11,-75],[26,-55],[61,-83],[43,-4],[70,-36],[37,-3],[67,25],[90,3],[21,26],[87,62],[160,208],[65,56],[63,79],[59,27],[78,98],[53,-7],[24,-56],[5,-61],[-33,-94],[-30,-35],[-45,-22],[-39,-44],[22,-23],[30,26],[102,67],[98,27],[49,51],[82,-72],[14,41],[193,65],[63,5],[76,-9],[61,11],[115,-98],[68,-20],[68,4],[36,17],[53,-4],[71,9],[36,-52],[-22,-29],[-67,-28],[5,-23],[76,17],[53,28],[73,-3],[22,-13],[5,-65],[25,-42],[108,-18],[124,25],[24,-49],[59,15],[38,-53],[73,28],[52,-2],[26,-34],[-33,-35],[41,-13],[59,2],[46,-35],[104,13],[81,21],[67,-38],[19,-24],[35,6],[18,48],[59,11],[69,-33],[-14,56],[-71,18],[-112,48],[-51,6],[-73,31],[-73,53],[-16,33],[-43,33],[-56,162],[17,47],[229,169],[113,65],[45,9],[41,-31],[12,57],[106,42],[53,0],[53,-28],[102,19],[-9,45],[-34,41],[-11,88],[28,65],[51,53],[76,20],[51,-34],[13,-44],[-39,-47],[50,-12],[40,-29],[22,-47],[-3,-30],[-36,-19],[57,-70],[81,-18],[40,-37],[11,90],[61,-9],[42,-41],[62,-97],[65,-50],[67,-35],[46,-62],[89,-102],[163,-167],[51,-68],[30,35],[48,-20],[46,-53],[118,-103],[151,-77],[79,-67],[58,-17],[116,-63],[137,-42],[43,-22],[22,27],[103,-4],[50,-18],[174,-79],[68,-24],[110,-58],[109,-30],[90,-48],[121,-93],[139,-84],[161,-114],[147,-65],[106,-24],[184,-84],[-26,34],[7,25],[60,-16],[115,-17],[129,-39],[51,-33],[54,-77],[52,-46],[65,-72],[-11,-85],[100,-157],[154,-183],[83,-83],[172,-150],[41,-49],[-2,-47],[-61,71],[-33,-6],[74,-99],[31,-29],[98,-66],[69,-54],[124,-73],[90,-45],[90,-36],[50,-7],[48,-40],[42,-3],[27,-43],[47,-23],[49,-40],[81,-44],[25,-27],[-2,-35],[30,-18],[12,81],[28,-19],[23,-64],[42,-12],[-54,90],[-57,36],[-79,28],[-123,82],[154,-41],[31,-16],[151,-53],[34,-31],[34,-3],[70,-50],[114,-71],[28,-24],[65,-85],[115,1],[-26,40],[51,16],[80,9],[65,-13],[71,-25],[64,-11],[133,-56],[44,10],[217,-95],[64,-39],[120,-60],[16,-29],[93,-22],[109,-39],[35,35],[54,12],[145,-23],[98,-38],[110,-22],[56,-49],[102,-2],[55,22],[47,-14],[12,24],[-110,19],[33,24],[40,4],[98,-47],[144,-17],[72,-18],[35,-32],[33,5],[56,-25],[228,-74],[45,-19],[168,-92],[59,-80],[53,-19],[29,26],[-65,15],[-17,46],[84,-42],[74,-50],[41,4],[220,-84],[180,-117],[182,-75],[172,-30],[86,-8],[39,-32],[172,-17],[106,-72],[31,11],[-84,42],[19,17],[55,-13],[57,-27],[40,-43],[91,-156],[1,-109],[17,-76],[85,-39],[28,-3],[127,-136],[82,-78],[50,-56],[84,-125],[50,-145],[45,-92],[100,-163],[50,-51],[146,-135],[56,-75],[80,-130],[-9,-27],[156,-126],[53,-52],[116,-154],[23,-40],[2,-42],[34,-35],[65,-131],[113,-150],[76,-111],[107,-109],[115,-93],[93,-90],[85,-50],[238,-168],[65,-59],[134,-98],[95,-50],[101,-89],[-13,-29],[35,-22],[79,-115],[59,-75],[220,-204],[58,-34],[79,-31],[30,-20],[184,-168]],[[315010,391367],[-16,54],[52,-4],[-36,-50]],[[309564,391526],[-35,49],[58,-12],[-23,-37]],[[263551,420029],[-25,62],[41,-1],[7,-29],[-23,-32]],[[311391,413445],[-46,11],[49,50],[13,-43],[-16,-18]],[[308083,394401],[-11,59],[25,5],[26,-46],[-40,-18]],[[320108,365684],[-51,40],[11,29],[45,-35],[-5,-34]],[[316701,366224],[4,-31],[-51,2],[8,47],[39,-18]],[[308420,412250],[-7,17],[17,78],[25,-14],[-9,-42],[-26,-39]],[[321803,364420],[45,30],[14,-33],[-20,-22],[-39,25]],[[232877,406219],[-26,18],[31,55],[21,-33],[-26,-40]],[[217119,372539],[-31,61],[41,22],[-10,-83]],[[309246,410879],[-57,6],[-9,41],[47,1],[19,-48]],[[217103,372651],[-11,52],[39,-6],[-28,-46]],[[315917,383140],[-34,57],[23,29],[22,-69],[-11,-17]],[[318866,364811],[0,54],[73,-16],[-73,-38]],[[319799,382590],[-55,33],[68,34],[-13,-67]],[[316768,425329],[18,57],[74,-32],[-25,-21],[-67,-4]],[[309365,408382],[18,41],[38,15],[35,-19],[-15,-29],[-76,-8]],[[311413,392497],[-53,16],[10,49],[33,0],[35,-42],[-25,-23]],[[310170,394451],[-51,14],[6,38],[47,-4],[27,-28],[-29,-20]],[[319851,367616],[-84,14],[72,47],[23,-34],[-11,-27]],[[315125,391471],[37,34],[3,34],[51,72],[33,-42],[-53,-19],[-23,-45],[-48,-34]],[[315850,366504],[-21,35],[27,61],[39,-12],[7,-25],[-31,-50],[-21,-9]],[[221562,372003],[19,119],[48,1],[2,-32],[-36,-33],[-33,-55]],[[317667,385917],[-14,22],[54,52],[-2,-97],[-38,23]],[[255984,418911],[-17,-102],[-33,23],[-3,56],[53,23]],[[308558,394394],[-26,21],[6,40],[44,18],[25,-40],[-49,-39]],[[320005,383990],[-39,57],[47,16],[39,-55],[-47,-18]],[[313907,367278],[-26,25],[62,100],[-11,-90],[-25,-35]],[[316818,401666],[-52,34],[13,26],[67,21],[4,-68],[-32,-13]],[[240799,411279],[-2,28],[65,56],[25,-3],[16,-38],[-43,-11],[-61,-32]],[[316864,365615],[-73,31],[3,55],[47,20],[-8,-57],[31,-49]],[[319182,366151],[-26,21],[89,69],[3,-46],[-66,-44]],[[312183,390796],[-11,7],[-19,106],[47,-39],[-1,-61],[-16,-13]],[[310757,392441],[-44,1],[-8,26],[22,50],[72,-12],[-13,-42],[-29,-23]],[[315427,391480],[-24,45],[24,32],[40,-32],[-40,-45]],[[316729,364227],[-31,11],[-34,69],[34,22],[62,-74],[-31,-28]],[[303606,383447],[-3,-40],[-26,-53],[-65,50],[6,21],[88,22]],[[316754,425184],[-87,44],[30,30],[90,-26],[-33,-48]],[[235604,404271],[-35,34],[2,26],[41,53],[38,-50],[-1,-34],[-45,-29]],[[319870,383317],[-34,26],[13,26],[74,-10],[31,-64],[-28,-9],[-56,31]],[[319508,382608],[-1,49],[36,51],[53,-30],[-15,-25],[-73,-45]],[[320147,366284],[-28,63],[39,43],[41,-2],[7,-30],[-20,-59],[-39,-15]],[[316071,401835],[-60,48],[10,21],[75,-7],[57,-78],[-82,16]],[[307392,406970],[20,127],[30,36],[31,-27],[-33,-90],[-48,-46]],[[321370,363009],[59,27],[-50,-128],[-40,18],[12,27],[-15,53],[34,3]],[[271407,417564],[3,107],[42,-34],[45,14],[-17,-75],[-73,-12]],[[240570,411136],[-31,13],[-1,69],[62,27],[27,-25],[-4,-36],[-53,-48]],[[311429,413677],[5,-56],[-37,-25],[-32,10],[-7,54],[-38,53],[26,12],[83,-48]],[[319462,391535],[13,44],[-23,20],[47,40],[105,-49],[-62,-18],[-26,-35],[-54,-2]],[[319846,384288],[34,14],[25,35],[63,-62],[-30,-39],[-38,-16],[-25,49],[-29,19]],[[320074,383803],[11,63],[21,19],[71,-13],[23,-59],[-91,17],[-35,-27]],[[314750,414921],[-30,16],[-4,52],[51,27],[82,-36],[-8,-40],[-56,1],[-35,-20]],[[256196,418600],[-39,4],[-22,55],[4,50],[33,32],[24,-12],[11,-51],[26,-51],[-37,-27]],[[316364,424431],[-78,13],[-80,41],[54,43],[109,-50],[39,-30],[-44,-17]],[[314206,391112],[2,69],[-28,29],[15,41],[65,16],[-1,-51],[15,-24],[-68,-80]],[[233042,406411],[-38,29],[34,50],[64,65],[43,-56],[-40,-56],[-63,-32]],[[314854,390775],[-11,-47],[-35,-14],[-58,8],[-6,68],[68,21],[42,-36]],[[267558,427443],[75,28],[128,-13],[-54,-37],[-66,-9],[-49,-22],[-49,12],[15,41]],[[304226,372853],[-37,23],[29,71],[110,46],[8,-41],[-35,-49],[-75,-50]],[[236096,421986],[-33,25],[-18,48],[-26,16],[6,45],[55,2],[39,-44],[22,-65],[-45,-27]],[[232175,404479],[-78,43],[-38,62],[0,39],[115,-54],[37,-32],[-15,-53],[-21,-5]],[[314774,389967],[-21,28],[-15,85],[7,61],[68,-6],[27,-27],[-34,-99],[-32,-42]],[[307501,410969],[-17,-13],[-8,-67],[-34,-129],[-7,-56],[-33,12],[31,159],[31,104],[10,80],[28,-20],[-1,-70]],[[233336,405002],[4,51],[37,44],[60,-74],[11,-70],[-32,-27],[-43,5],[-12,46],[-25,25]],[[312110,396050],[-36,13],[1,33],[-25,41],[40,5],[26,25],[114,-31],[-7,-36],[-74,-47],[-39,-3]],[[319758,364286],[-38,-44],[36,-51],[-6,-58],[23,-13],[-13,-50],[-37,24],[-26,37],[-16,50],[-37,14],[44,66],[48,30],[22,-5]],[[316243,391967],[58,-42],[-39,-114],[-50,-29],[-28,6],[-12,45],[28,54],[-16,50],[12,34],[47,-4]],[[315436,401953],[-38,-22],[-8,68],[-21,44],[30,42],[49,24],[27,-44],[-8,-30],[57,-45],[-88,-37]],[[259936,418102],[-69,39],[-3,35],[62,25],[94,-36],[45,6],[-43,-96],[-32,-10],[-54,37]],[[239959,404959],[-28,25],[-57,97],[-14,55],[6,36],[34,25],[61,-94],[16,-72],[-18,-72]],[[315841,391688],[27,-29],[-36,-78],[-33,-32],[-57,10],[9,23],[-38,29],[12,73],[116,4]],[[216817,372195],[-32,24],[-1,33],[124,180],[43,-22],[-17,-28],[-35,-103],[-82,-84]],[[263621,422395],[-19,28],[-74,50],[-49,8],[22,66],[24,9],[105,-24],[29,-75],[-38,-62]],[[238764,405955],[21,47],[-18,31],[38,40],[-23,39],[40,25],[72,-39],[1,-59],[-55,-74],[-76,-10]],[[235951,415650],[19,40],[47,-10],[43,-78],[-61,-27],[-75,-18],[-36,5],[1,88],[49,23],[13,-23]],[[317125,391212],[-6,-56],[-65,33],[-103,-46],[-42,32],[14,90],[32,14],[20,-41],[50,8],[14,-20],[56,21],[30,-35]],[[283304,413750],[44,29],[-7,41],[22,20],[74,16],[26,-8],[9,-85],[-62,-60],[-60,10],[-44,-6],[-2,43]],[[258359,419207],[-52,30],[10,70],[25,50],[30,22],[-8,51],[20,75],[25,-15],[17,-80],[-33,-127],[7,-67],[-41,-9]],[[264932,426228],[-28,0],[-19,-32],[2,-75],[-13,-71],[0,-59],[-61,-55],[-50,11],[7,77],[58,109],[34,21],[25,70],[17,22],[28,-18]],[[316299,391990],[-34,6],[-3,47],[82,26],[-3,26],[51,20],[51,45],[34,-22],[-36,-51],[-57,-20],[1,-28],[62,-10],[-36,-52],[48,-5],[12,-24],[-42,-20],[-49,50],[-81,12]],[[311448,413705],[-22,27],[7,54],[50,26],[64,-8],[7,21],[-33,33],[-9,70],[39,17],[22,-30],[2,-52],[24,-102],[-21,-44],[-33,-11],[-97,-1]],[[307923,417818],[-75,90],[40,47],[26,55],[70,43],[16,-46],[30,-24],[-44,-72],[-20,-85],[-43,-8]],[[292895,412357],[-66,29],[-55,51],[-30,16],[-13,70],[28,25],[41,-1],[48,-18],[49,-45],[27,-68],[-29,-59]],[[306780,395910],[-4,-49],[25,-40],[6,-77],[-37,34],[-44,78],[-38,12],[-62,52],[-10,38],[4,69],[92,-26],[51,-46],[17,-45]],[[315543,391444],[-26,42],[-7,43],[19,60],[32,39],[68,49],[34,-20],[-32,-55],[38,-20],[15,-70],[-25,-24],[-116,-44]],[[245282,411969],[42,-59],[22,-96],[-47,-39],[-76,-5],[-34,19],[-20,44],[4,38],[60,80],[49,18]],[[264881,426270],[-20,82],[8,62],[-13,24],[19,63],[-1,43],[-80,47],[9,68],[33,26],[28,-4],[-6,-54],[67,-16],[24,28],[18,-83],[-34,-56],[-20,-126],[9,-34],[-41,-70]],[[253341,419905],[-53,12],[-39,35],[-39,75],[8,56],[60,19],[51,-21],[70,-50],[24,-47],[-21,-74],[-37,-19],[-24,14]],[[319243,391515],[-37,29],[-35,2],[-23,-52],[-36,-34],[19,-19],[-14,-51],[-38,-14],[-22,32],[-103,-10],[-17,31],[103,55],[45,47],[11,42],[51,19],[32,34],[44,23],[39,-17],[22,-71],[-41,-46]],[[307768,415993],[-13,-49],[-32,-14],[-28,-54],[12,-46],[-64,-78],[-42,-13],[-81,-61],[57,107],[22,84],[45,89],[-7,48],[35,51],[30,4],[66,-68]],[[316957,426157],[73,16],[63,-54],[65,-2],[42,39],[-18,59],[19,24],[52,-12],[28,-48],[-40,-23],[-29,-35],[-4,-57],[-40,-51],[-83,-28],[-32,8],[-52,50],[14,50],[-58,64]],[[232665,405316],[43,16],[11,-33],[-36,-53],[-52,-20],[-114,28],[-69,27],[-31,33],[-9,76],[70,23],[71,-18],[64,-37],[52,-42]],[[312667,391965],[-46,18],[-127,8],[-51,21],[-32,29],[32,78],[51,12],[45,-20],[72,-10],[80,13],[18,-68],[5,-73],[-47,-8]],[[312393,391052],[0,-40],[47,-50],[-7,-57],[-47,-3],[-141,51],[11,36],[-23,96],[-39,68],[7,27],[70,-16],[59,-49],[19,-1],[44,-62]],[[308182,418372],[-11,12],[1,113],[-39,40],[20,80],[77,31],[43,32],[44,-4],[17,-46],[-15,-63],[-31,-66],[-11,-60],[-19,-31],[-76,-38]],[[308420,396276],[-33,-39],[-35,-68],[-7,-125],[-22,42],[-41,42],[-37,7],[-26,120],[-54,84],[112,-18],[57,29],[58,-5],[28,-69]],[[315891,415385],[37,16],[47,53],[60,11],[41,25],[42,4],[39,35],[70,-4],[21,-16],[-56,-62],[-70,-30],[-57,-48],[-45,-24],[-80,-14],[-111,2],[-102,-22],[80,70],[84,4]],[[295905,417068],[-55,72],[-27,62],[2,54],[-11,55],[60,13],[46,-15],[23,-85],[33,-60],[88,-28],[14,-39],[-33,-76],[-76,11],[-18,25],[-46,11]],[[308574,418864],[-10,56],[-29,11],[2,47],[58,100],[19,67],[32,15],[93,6],[22,-8],[-19,-68],[-6,-64],[-35,-39],[-15,-47],[-29,-19],[-3,-38],[-80,-19]],[[316414,410503],[-20,31],[65,13],[23,-11],[56,18],[31,36],[44,-172],[-34,-39],[-15,-52],[-87,-81],[-45,-9],[-13,56],[-29,21],[35,51],[65,7],[15,25],[1,54],[-72,29],[-20,23]],[[264292,421167],[-24,29],[8,43],[-15,55],[-42,17],[6,63],[38,21],[26,-13],[179,-133],[37,-37],[78,-13],[-27,-35],[-53,-40],[-55,24],[-39,35],[-59,10],[-58,-26]],[[314867,391504],[-70,19],[-8,21],[64,67],[-1,35],[82,57],[67,4],[36,-27],[113,-18],[-30,-59],[-40,-35],[-26,6],[-43,-23],[-11,-27],[-71,1],[-62,-21]],[[318023,417555],[18,37],[40,6],[10,48],[86,13],[21,31],[42,-2],[5,-41],[35,-54],[-24,-68],[-82,-16],[-18,-37],[-60,-27],[-28,26],[-102,10],[-24,-16],[-28,28],[53,37],[56,25]],[[309860,418199],[7,-42],[-18,-21],[13,-61],[56,-41],[15,-56],[-18,-56],[-21,-15],[-35,48],[-42,-1],[-7,34],[-51,49],[-24,7],[-39,93],[7,56],[-6,73],[52,-5],[47,-32],[32,36],[45,-46],[-13,-20]],[[265292,425467],[-46,8],[18,98],[37,75],[32,17],[66,13],[133,-28],[42,-27],[-44,-29],[-42,-69],[-19,-68],[-52,36],[-29,6],[-96,-32]],[[293245,411982],[-67,23],[-30,36],[-68,144],[-21,85],[19,36],[108,-13],[62,-54],[36,-111],[-1,-65],[-38,-81]],[[308161,416184],[-47,16],[-10,27],[71,74],[20,54],[0,57],[-46,42],[124,61],[57,-16],[41,5],[104,92],[36,-47],[-5,-47],[-73,-21],[-25,-39],[-54,0],[-32,-66],[-3,-34],[-75,-63],[-38,-81],[-45,-14]],[[282801,411762],[-59,63],[-37,64],[4,27],[103,145],[81,31],[50,8],[20,-24],[17,-88],[-22,-55],[-36,-47],[-77,-63],[-44,-61]],[[307764,409238],[-21,43],[-32,21],[11,48],[33,52],[-7,62],[28,60],[34,-13],[120,30],[43,3],[22,53],[65,37],[14,-26],[-56,-100],[-15,-41],[-36,-23],[-30,13],[-61,-25],[-23,-56],[5,-117],[-49,-70],[-43,-4],[-2,53]],[[317985,364453],[27,88],[-72,37],[-46,-60],[-2,-34],[-47,-17],[-57,47],[27,78],[-42,29],[-6,63],[66,43],[92,-9],[79,37],[42,-12],[118,-73],[-19,-32],[-66,43],[-66,-16],[-23,-57],[65,-95],[-70,-60]],[[312985,414264],[-76,23],[27,45],[-4,37],[72,40],[55,80],[77,35],[49,13],[38,41],[20,-34],[-14,-42],[14,-69],[-15,-30],[2,-46],[-57,-51],[-51,5],[-58,-30],[-79,-17]],[[319455,391830],[46,60],[-9,24],[65,46],[105,6],[45,-25],[56,20],[12,58],[59,34],[39,-12],[44,42],[29,-30],[-62,-59],[-42,-131],[-40,-20],[-66,-2],[-19,-50],[-28,46],[-26,5],[-55,-26],[-85,1],[-46,-27],[-22,40]],[[232633,405396],[-104,58],[-34,78],[3,59],[46,56],[73,25],[80,-16],[37,-25],[30,-71],[52,-59],[-16,-59],[-63,-23],[-104,-23]],[[258640,411196],[29,-48],[24,-177],[-26,-37],[6,-102],[-9,-14],[-79,-44],[-83,62],[-16,78],[-2,79],[19,91],[30,37],[30,60],[77,15]],[[310395,394197],[-36,48],[13,49],[1,78],[-15,37],[-52,42],[44,47],[92,28],[5,-54],[41,-25],[25,-45],[37,-29],[28,18],[39,-51],[44,-37],[68,-15],[36,-74],[-8,-35],[-57,-48],[-34,21],[-5,43],[-100,36],[-33,23],[-35,48],[-55,-6],[-39,-36],[17,-28],[-21,-35]],[[315739,366281],[29,29],[19,78],[44,50],[34,12],[43,-27],[69,10],[83,-29],[39,-45],[84,-16],[15,-47],[-5,-50],[-18,-22],[-61,-9],[-46,36],[-76,-9],[-35,-16],[-134,61],[-84,-6]],[[315990,391555],[-22,67],[-34,45],[55,35],[165,-28],[53,-42],[-32,-30],[22,-29],[-5,-40],[-62,-90],[11,-47],[-159,-91],[3,36],[-52,32],[-1,66],[31,37],[27,79]],[[310268,392514],[-43,99],[4,61],[23,26],[51,-11],[0,-39],[60,-41],[37,0],[-1,-42],[21,-19],[1,-51],[21,-31],[-27,-54],[-144,-45],[-77,28],[-60,2],[-34,121],[-43,52],[19,11],[78,-5],[43,-40],[71,-22]],[[293747,411977],[-61,12],[-3,46],[-38,103],[-76,126],[-43,28],[-24,43],[28,36],[63,-6],[71,-31],[82,-24],[61,-58],[25,-38],[3,-45],[-9,-99],[14,-60],[-93,-33]],[[228409,397515],[31,61],[33,113],[55,25],[99,-14],[26,-49],[-25,-54],[62,-50],[3,-46],[-17,-38],[20,-56],[48,-75],[-18,-28],[-69,6],[-82,32],[-23,44],[-38,12],[-62,48],[-43,69]],[[291336,412910],[-10,-19],[42,-70],[53,-48],[93,-59],[57,-53],[-3,-45],[-154,47],[-80,16],[-83,43],[-30,6],[-89,69],[-19,37],[-6,55],[11,73],[102,83],[22,-32],[38,-4],[45,-46],[11,-53]],[[262496,423543],[64,46],[19,31],[11,111],[63,31],[16,36],[39,25],[82,15],[24,14],[62,-9],[58,-38],[41,-3],[-7,-72],[-58,-3],[-31,-45],[-82,-32],[-99,-153],[-65,51],[-110,-72],[-51,25],[24,42]],[[301914,380474],[-51,89],[-3,34],[-32,34],[20,92],[-10,66],[11,23],[79,-13],[79,5],[132,33],[36,-23],[32,-44],[5,-34],[-26,-24],[-17,-44],[-101,-68],[-33,-79],[-67,-72],[-54,25]],[[232830,405526],[-49,32],[-46,90],[-60,72],[11,65],[66,66],[130,46],[83,-34],[50,-62],[19,-77],[30,-39],[-46,-42],[-41,-9],[-44,-58],[-80,-47],[-23,-3]],[[317662,366165],[-12,16],[23,47],[-28,22],[-51,11],[-77,-15],[-42,15],[9,28],[59,54],[48,100],[70,44],[59,-4],[109,-42],[124,-25],[26,-20],[53,-73],[-13,-29],[-48,-20],[-28,16],[-56,-27],[-23,-44],[-26,33],[-64,-16],[-20,-46],[-92,-25]],[[308169,393934],[14,73],[-25,99],[4,35],[-49,4],[26,56],[36,-11],[34,39],[-30,49],[-16,77],[9,46],[58,27],[1,-37],[42,-66],[89,-12],[49,-23],[38,9],[34,-16],[14,-40],[65,-28],[19,-57],[-39,-34],[-3,-51],[-35,-8],[-48,20],[-53,-12],[-24,-26],[-70,3],[-44,-13],[-51,24],[-32,-80],[21,-25],[-34,-22]],[[307489,411284],[-16,67],[35,60],[-22,22],[4,52],[16,27],[-17,43],[21,80],[2,67],[-17,160],[-20,8],[26,90],[47,46],[59,10],[22,-37],[61,-48],[28,-37],[-96,-55],[27,-22],[4,-97],[18,-17],[3,-145],[-14,-39],[-49,-36],[-49,-63],[5,-39],[-14,-74],[17,-16],[-30,-43],[21,-18],[-39,-79],[-36,28],[10,37],[-20,25],[13,43]],[[309191,417167],[4,-28],[-25,-46],[9,-26],[-79,-39],[-4,-46],[-36,-6],[-31,-47],[-14,-47],[-30,-9],[-111,-65],[-45,57],[-1,80],[-35,52],[36,48],[18,44],[62,-1],[94,85],[-10,52],[17,20],[3,65],[-52,49],[40,14],[20,-22],[42,0],[21,-35],[44,-22],[58,-63],[5,-64]],[[232342,404881],[-21,-25],[-77,0],[-50,10],[15,84],[-43,38],[-15,120],[36,12],[55,51],[60,32],[52,-19],[62,12],[68,-50],[33,-9],[12,-48],[31,-12],[-23,-46],[21,-38],[-110,-119],[-34,-16],[-67,-2],[-5,25]],[[257905,418512],[-22,19],[-40,76],[11,91],[37,41],[22,78],[8,79],[30,19],[111,-62],[36,-35],[96,-63],[30,-76],[-11,-35],[-64,-79],[-14,-31],[7,-75],[-61,-20],[-59,45],[-33,3],[-49,30],[-35,-5]],[[267104,425173],[-20,55],[2,131],[-15,38],[-44,49],[-7,31],[-99,83],[1,116],[144,-133],[50,-15],[43,-31],[62,-12],[47,-38],[50,-13],[92,-83],[-53,-52],[-43,-124],[-42,-68],[-30,13],[-80,-23],[-35,7],[-23,69]],[[306425,414474],[-26,23],[28,42],[0,58],[14,56],[-22,44],[-62,66],[-2,31],[113,40],[47,59],[48,45],[83,13],[82,51],[57,59],[37,21],[66,83],[21,44],[80,-35],[38,2],[5,-31],[-67,-6],[-70,-24],[-66,-81],[-21,-50],[-5,-65],[-29,-20],[-30,-67],[-35,-37],[-49,20],[-31,-18],[14,-59],[-7,-38],[-39,-63],[-32,-79],[-47,-62],[-29,-21],[-64,-1]],[[241891,412952],[-35,1],[-195,67],[-59,9],[-29,24],[135,-8],[41,26],[67,3],[78,36],[217,53],[38,20],[135,39],[43,-34],[50,-74],[18,-71],[-32,-31],[-115,-4],[-13,-27],[-86,-48],[-68,-9],[-158,12],[-32,16]],[[291827,413068],[89,-66],[44,-16],[18,-26],[46,-14],[10,-58],[-34,-62],[-25,20],[-47,-24],[-54,-84],[-39,-11],[-60,16],[-159,84],[-67,29],[-27,90],[35,96],[17,5],[59,73],[48,14],[72,-25],[74,-41]],[[306340,416400],[-29,52],[-8,42],[35,43],[4,51],[124,-18],[35,12],[40,46],[-37,55],[31,35],[106,-2],[52,-16],[16,-26],[97,46],[32,-59],[5,-40],[-17,-35],[-39,0],[-69,-42],[-16,-30],[-3,-84],[-38,-12],[-41,-64],[-38,-22],[-81,-26],[-49,27],[-94,-55],[-22,19],[4,103]],[[312014,389248],[-97,17],[-80,-9],[-40,-16],[-37,-35],[-33,23],[-107,-10],[-25,12],[3,38],[-23,21],[26,65],[35,28],[74,104],[23,19],[51,7],[37,37],[12,35],[-1,68],[51,26],[30,0],[103,-28],[34,-48],[-2,-38],[48,-97],[-25,-110],[-25,-55],[3,-35],[-35,-19]],[[223267,376657],[-78,47],[-49,46],[-136,90],[-96,79],[-6,65],[39,16],[102,-35],[32,0],[135,-27],[52,-4],[96,-30],[135,-65],[112,-60],[75,-23],[38,-29],[-17,-62],[-43,-29],[-70,-23],[-91,-5],[-80,6],[-150,43]],[[241804,412256],[-63,-10],[-54,32],[-88,9],[-64,-3],[-110,33],[32,58],[58,16],[89,50],[91,15],[152,81],[54,11],[230,-31],[66,2],[57,-10],[24,-49],[0,-59],[-51,-81],[-86,-40],[-41,3],[-98,-29],[-130,-11],[-68,13]],[[309120,410961],[18,-24],[-33,-52],[19,-49],[33,-38],[2,-35],[43,-21],[-67,-52],[-79,-9],[-85,16],[-49,-12],[-76,5],[-60,-50],[-79,3],[-85,-11],[-37,6],[-47,77],[-19,46],[20,58],[23,14],[39,86],[44,15],[44,-11],[22,32],[-12,30],[9,45],[30,12],[60,-39],[7,-45],[40,-43],[31,7],[41,65],[35,30],[47,10],[7,-33],[33,-29],[45,33],[36,-37]],[[312596,415044],[8,-36],[65,-57],[-10,-17],[39,-59],[49,-8],[29,47],[-10,20],[40,45],[4,-66],[31,-59],[51,-63],[-20,-98],[3,-75],[-57,-18],[-58,20],[-41,-6],[-67,-32],[-80,37],[-71,-27],[26,-70],[-44,-31],[-46,-12],[-75,23],[-47,-34],[-80,-27],[-48,-3],[-49,19],[-124,26],[9,32],[76,-4],[41,-23],[52,14],[28,58],[39,-5],[38,22],[15,48],[119,40],[18,44],[3,54],[-51,25],[-4,27],[56,17],[41,32],[79,-54],[20,8],[4,81],[-24,41],[11,55],[-16,29],[-47,4],[-19,38],[83,23],[11,-45]],[[265892,424391],[96,9],[35,-13],[43,12],[5,-63],[-7,-76],[4,-74],[50,-121],[-20,-29],[-37,58],[-59,18],[-32,27],[-52,3],[-22,27],[-98,-26],[-58,-39],[-82,-38],[-42,-32],[-39,-8],[-30,19],[-20,129],[-30,57],[-87,45],[-53,-4],[-49,34],[4,44],[36,58],[44,23],[51,-56],[118,-35],[49,-1],[51,27],[74,19],[50,28],[56,10],[51,-32]],[[241024,412475],[-177,25],[-46,-3],[-77,29],[-52,-5],[-44,17],[-8,26],[55,53],[38,19],[46,62],[73,16],[71,49],[58,2],[65,17],[90,36],[104,-10],[54,29],[49,-23],[45,2],[66,-24],[20,-47],[-6,-35],[-30,-28],[19,-37],[-73,-59],[-81,-35],[-23,1],[-70,-32],[-166,-45]],[[318273,366798],[23,-52],[22,-83],[-5,-53],[-61,-47],[-107,-3],[-45,9],[-63,29],[-104,-32],[-56,31],[-56,-10],[-35,18],[-30,86],[-34,25],[-48,-27],[-11,-39],[-42,15],[-32,-19],[-27,-42],[-29,-9],[-106,56],[100,41],[67,69],[34,100],[57,25],[90,-28],[70,-9],[33,61],[111,-25],[48,6],[87,-12],[62,26],[33,40],[32,-19],[13,-44],[-11,-43],[-30,-4],[-35,-52],[-38,-13],[20,-35],[58,60],[45,3]],[[317780,411554],[7,53],[-58,145],[3,116],[39,34],[22,74],[-1,37],[-55,58],[28,33],[61,46],[59,8],[27,55],[31,4],[67,33],[37,-8],[46,48],[-8,-135],[8,-67],[-11,-84],[9,-90],[-19,-45],[-5,-206],[22,-78],[49,-39],[10,-70],[-19,-30],[-41,-12],[-50,15],[-54,-43],[-27,-3],[-21,42],[-73,49],[-38,15],[-55,3],[10,42]],[[255379,418291],[46,68],[27,5],[19,62],[37,57],[9,51],[1,92],[-14,50],[-31,45],[-56,19],[45,42],[49,92],[40,32],[42,4],[44,-15],[65,-51],[14,-80],[-11,-22],[6,-56],[36,-119],[29,-54],[112,-127],[5,-62],[-28,-34],[-42,-6],[-13,-74],[-33,-57],[-48,-49],[-64,-28],[-118,30],[-79,9],[-73,35],[-17,42],[-18,90],[19,9]],[[241203,412011],[57,-32],[44,-11],[49,-38],[55,-26],[46,-36],[56,-77],[39,-70],[-5,-25],[-108,-67],[-56,-44],[-73,46],[-43,-11],[-56,-50],[-42,-24],[-168,-3],[-120,47],[-74,13],[-68,26],[-45,34],[-58,24],[-7,31],[132,64],[42,32],[90,101],[11,26],[118,53],[45,-8],[125,-45],[-64,66],[78,4]],[[227556,397874],[-12,54],[-13,127],[10,231],[-4,77],[-30,228],[1,139],[40,37],[52,-62],[14,-101],[-36,-115],[-17,-91],[11,-49],[45,-42],[21,-41],[46,-41],[60,-25],[91,1],[130,55],[86,-21],[77,-57],[28,-38],[81,-72],[45,-82],[0,-40],[-29,-73],[-63,-33],[-57,15],[-37,25],[-92,27],[-70,2],[-88,-30],[-15,-49],[-137,43],[-121,-5],[-17,6]],[[294564,413834],[-43,85],[-28,9],[-56,96],[25,60],[28,24],[24,49],[7,113],[43,21],[56,0],[51,-35],[80,4],[110,63],[58,15],[14,-20],[69,-38],[74,-12],[107,17],[74,-60],[64,-13],[108,-7],[20,-21],[-52,-81],[-63,-61],[-103,-51],[-65,-6],[-80,6],[-59,22],[-76,-37],[-60,-77],[-136,-21],[-72,14],[-119,-58]],[[313450,415071],[-25,40],[-39,13],[-19,67],[24,27],[-1,82],[-34,9],[26,76],[-8,90],[55,30],[38,-1],[61,111],[-34,79],[24,82],[-34,48],[61,27],[45,-47],[48,-12],[67,44],[5,52],[44,25],[29,-34],[-31,-109],[2,-66],[-61,-15],[-21,-29],[10,-52],[104,-3],[-64,-118],[-56,-46],[-29,-41],[-63,-48],[-50,-64],[-21,-65],[5,-36],[46,-66],[12,-39],[-12,-60],[14,-68],[23,-42],[-43,-40],[37,-45],[17,-67],[-5,-45],[-34,-27],[-12,-66],[-23,-45],[-51,-44],[-57,-12],[-40,-34],[-76,-9],[-1,50],[52,23],[-42,27],[5,30],[-31,28],[9,52],[-43,25],[28,32],[9,61],[22,19],[76,-9],[-29,44],[-5,35],[-36,5],[-28,53],[-31,24],[58,65],[75,27],[36,-16],[22,18]],[[313983,415809],[29,32],[-12,33],[15,93],[-12,45],[52,-4],[129,56],[24,44],[36,27],[4,44],[-35,46],[27,60],[-14,47],[33,18],[23,-16],[10,-95],[32,-29],[80,3],[-40,-110],[38,-24],[30,29],[65,1],[69,-22],[13,33],[-20,20],[6,35],[-27,56],[36,14],[31,-37],[30,-60],[48,-30],[69,10],[-35,37],[-21,68],[54,-10],[14,24],[-14,42],[-32,24],[-34,-8],[-31,31],[120,-5],[17,-33],[66,-21],[84,11],[23,39],[-31,28],[25,37],[-56,54],[57,31],[15,40],[58,16],[23,21],[129,-7],[45,-74],[55,9],[16,75],[-32,34],[45,47],[105,13],[37,-45],[2,-27],[-53,-52],[-62,-38],[-27,-43],[-85,-25],[-116,-46],[-49,-46],[-49,-20],[-64,-73],[-39,-75],[6,-37],[46,-34],[5,-39],[-58,-40],[-74,-33],[-142,-45],[-110,17],[-93,-22],[-67,10],[-34,-17],[-155,-49],[-82,-32],[-92,-24],[-77,-54],[-2,47]],[[292861,412670],[-44,16],[-103,63],[-56,14],[-40,36],[-12,46],[37,90],[120,-7],[108,20],[114,50],[62,18],[47,-8],[128,24],[82,-52],[34,-56],[90,-75],[153,-78],[105,-7],[8,-25],[-42,-52],[-73,-28],[-66,4],[-111,-74],[-71,-35],[-14,-41],[8,-58],[-11,-72],[-43,-10],[-64,39],[-86,2],[-32,-10],[-60,18],[-16,80],[-34,88],[-67,63],[-51,17]],[[234176,405823],[49,-39],[17,-46],[-60,-28],[-24,-75],[30,-53],[-13,-32],[-49,25],[-54,-31],[-43,-78],[-52,-127],[0,-50],[15,-32],[72,-28],[30,-74],[-13,-52],[54,-61],[15,-47],[-15,-126],[5,-27],[35,-40],[0,-38],[29,-35],[130,-75],[13,-56],[-8,-57],[17,-25],[50,-16],[28,-52],[52,-51],[14,-31],[-21,-34],[-17,-74],[-2,-56],[57,-86],[11,-53],[-9,-55],[-52,-16],[-79,6],[-110,95],[-29,74],[3,60],[15,56],[31,37],[-8,106],[-31,56],[-15,63],[22,41],[-8,33],[-49,33],[-31,53],[-37,30],[-55,-2],[-49,12],[-18,34],[-92,52],[-46,115],[-50,26],[9,35],[-19,52],[-47,35],[-19,56],[33,19],[12,75],[26,62],[36,37],[8,127],[-28,72],[-21,4],[-51,62],[-35,23],[0,47],[29,20],[46,-37],[78,29],[66,34],[92,35],[35,29],[-5,85],[69,43],[8,35],[52,-60],[-23,-26],[-6,-42]],[[303053,375388],[-53,11],[-35,31],[41,63],[51,21],[30,47],[57,1],[25,46],[99,97],[46,-16],[50,22],[44,109],[10,174],[-19,25],[-59,19],[-42,-12],[-37,31],[5,47],[85,13],[43,92],[89,119],[42,4],[20,-30],[99,3],[30,12],[97,-12],[53,-74],[43,-44],[61,-27],[61,-117],[44,-137],[2,-79],[11,-25],[-7,-158],[-15,-46],[13,-51],[-44,-80],[-35,6],[-112,59],[-40,-3],[-93,-37],[-57,2],[-74,83],[-67,-17],[-88,-87],[-69,-25],[-67,-64],[-3,-37],[-43,-36],[-59,10],[-26,70],[-54,25],[-53,-28]],[[272441,419793],[-29,10],[-24,74],[22,14],[68,5],[78,-28],[78,0],[22,15],[59,-21],[91,-6],[76,22],[61,55],[88,27],[50,28],[83,22],[54,45],[-3,24],[32,47],[97,16],[20,33],[40,28],[52,-30],[64,-85],[65,-159],[21,-140],[48,-64],[84,-41],[15,-32],[9,-104],[-23,-67],[-37,8],[-36,30],[-106,-16],[-47,38],[-51,-12],[-64,9],[-60,-19],[-75,16],[-29,-6],[-42,61],[-39,24],[-49,12],[-52,41],[-43,-5],[-100,-40],[-55,-39],[-20,-28],[-50,-111],[-34,-57],[-60,-12],[-35,10],[-50,-8],[-67,-45],[-39,-56],[-73,-79],[-68,-46],[-22,-26],[-41,34],[63,111],[36,40],[47,31],[69,104],[17,57],[20,143],[-25,74],[-81,74]],[[312099,418906],[-7,2],[-79,168],[9,56],[-23,35],[-2,92],[73,-43],[-5,-28],[37,-41],[54,-17],[70,15],[-32,54],[6,50],[48,64],[35,20],[-19,80],[93,0],[14,21],[104,24],[29,-36],[57,10],[20,59],[21,12],[59,-5],[89,80],[-11,53],[59,48],[73,83],[-5,43],[26,44],[29,-46],[55,-10],[94,21],[44,42],[-7,44],[-30,27],[35,39],[50,18],[40,39],[-7,48],[35,17],[54,4],[46,48],[55,16],[26,21],[31,-28],[-28,-97],[7,-105],[-45,-27],[4,-28],[-32,-54],[-64,-58],[-15,-28],[31,-19],[43,-88],[-51,-78],[-36,-18],[-22,-72],[-20,-14],[-74,24],[-5,-40],[19,-40],[-8,-58],[-91,-71],[-34,-3],[-73,30],[-90,-37],[-45,-1],[-29,-40],[70,-53],[7,-37],[-65,-10],[-68,46],[-86,6],[-83,-58],[-31,-7],[-4,-100],[-107,15],[-30,-19],[-44,-2],[-34,-60],[-80,-30],[-50,0],[-67,-41],[-13,29]],[[258398,412009],[-21,24],[32,28],[-37,57],[17,41],[32,15],[106,-28],[94,11],[81,-4],[81,36],[29,43],[68,41],[44,12],[55,-8],[23,-18],[81,3],[79,-16],[79,-3],[42,-22],[74,-77],[40,-57],[23,-53],[7,-172],[15,-42],[38,-44],[-18,-26],[53,-37],[0,-49],[-58,-111],[-31,-32],[-18,-49],[-35,-38],[-142,-42],[-83,10],[-91,24],[-74,47],[-74,73],[-65,27],[-31,37],[-37,10],[5,55],[-52,22],[-17,53],[-66,22],[-76,44],[-87,99],[-7,65],[-19,17],[-59,12]],[[313768,390876],[44,-35],[46,-12],[93,24],[41,23],[30,56],[-7,64],[-34,26],[-65,99],[66,-23],[40,-28],[40,13],[66,2],[35,-29],[16,-66],[-17,-61],[18,-34],[60,-45],[-1,-110],[35,-55],[-6,-21],[31,-69],[-14,-61],[-63,-62],[-21,-43],[41,-21],[20,-62],[4,-71],[51,-17],[17,-54],[-6,-64],[-49,-13],[-74,-80],[-97,-68],[-69,-74],[-33,8],[-52,70],[-63,-4],[-22,-19],[-111,77],[-49,83],[-6,81],[-16,67],[-38,61],[-39,35],[-85,41],[-51,6],[-63,40],[-34,35],[-34,77],[-6,49],[34,100],[44,54],[-1,70],[164,14],[29,25],[55,6],[50,26],[56,-31]],[[292873,411968],[11,-33],[-55,-27],[-26,-43],[0,-36],[-34,-71],[-41,-25],[-22,-77],[5,-41],[-48,-97],[-98,-84],[-76,-23],[-80,44],[-84,58],[-110,39],[-102,12],[-43,27],[24,79],[-15,41],[-48,54],[-21,39],[33,63],[-8,150],[-33,93],[39,145],[-2,58],[-57,61],[-82,44],[-59,82],[-55,106],[3,38],[29,23],[66,16],[82,-75],[91,-35],[62,-84],[64,-48],[87,-40],[201,-15],[121,-27],[149,-117],[29,-59],[19,-10],[60,-94],[32,-35],[-8,-76]],[[307040,416875],[-14,46],[24,52],[-21,44],[-5,51],[-43,-25],[-13,-54],[-70,-55],[-43,8],[-139,100],[-44,3],[-49,22],[-40,3],[-43,55],[-40,13],[-26,41],[-15,60],[6,42],[36,92],[6,34],[115,118],[56,2],[45,19],[108,78],[91,34],[36,29],[124,52],[22,2],[93,50],[51,5],[33,29],[75,42],[85,64],[25,7],[34,-64],[83,-42],[65,2],[111,38],[101,-88],[3,-38],[-53,-1],[-84,-92],[-5,-39],[-40,2],[-45,-48],[-89,-113],[-17,-52],[6,-37],[-15,-46],[-76,0],[-41,-28],[-62,-60],[-47,-78],[-49,-36],[-45,-68],[-42,-39],[-38,-77],[-81,-59]],[[318751,366227],[-31,34],[17,28],[-28,38],[-24,-43],[-67,-1],[-2,-44],[59,-22],[40,-45],[39,-4],[27,-26],[32,70],[55,-22],[-13,-62],[-40,-39],[-2,-40],[19,-59],[38,-29],[-7,-61],[-70,36],[-81,-38],[-37,-52],[-81,2],[-37,-28],[-69,-5],[-12,-36],[-93,-28],[-25,35],[10,41],[-33,22],[-23,50],[-30,15],[-9,56],[20,29],[30,-32],[80,3],[49,28],[14,45],[-36,24],[-45,-1],[-40,73],[-64,-6],[-48,8],[-26,-18],[-34,16],[48,47],[82,5],[48,41],[-1,53],[-25,29],[-34,2],[-59,-22],[-38,7],[-3,43],[22,45],[84,85],[98,53],[71,13],[36,27],[19,54],[-43,137],[-71,82],[-30,-8],[-41,16],[-4,72],[44,107],[-45,88],[23,36],[44,17],[83,13],[83,44],[34,39],[18,64],[-41,18],[-19,44],[37,60],[17,56],[76,60],[-18,-107],[49,-18],[42,14],[13,44],[62,52],[52,-3],[-15,-51],[-3,-59],[-19,-31],[-3,-86],[-28,-2],[-22,-72],[6,-53],[25,-42],[23,-1],[27,-60],[-28,-26],[31,-81],[-4,-49],[28,-17],[10,-45],[38,-61],[-6,-67],[26,-85],[33,-59],[54,-47],[101,-20],[9,-52],[-37,-44],[-36,0],[-58,-54],[-51,-13],[-18,69],[-36,3],[-6,-68],[-38,-31],[17,-41],[-134,-50],[-21,-26]],[[271992,417961],[-101,41],[-10,96],[18,41],[187,64],[95,40],[93,48],[187,119],[70,78],[67,114],[40,32],[70,-19],[131,9],[50,-16],[90,-3],[59,-21],[72,-52],[46,-23],[77,5],[11,25],[86,-39],[30,2],[44,41],[96,-75],[45,-161],[42,-37],[19,-61],[-9,-68],[-17,-11],[-130,46],[-61,-7],[-138,24],[-17,14],[-98,-11],[-9,-47],[-73,-62],[-47,-11],[-22,-23],[-51,10],[-53,-7],[-50,-109],[0,-72],[-33,-17],[-24,15],[-13,60],[4,44],[-21,51],[-25,26],[5,42],[-46,8],[-39,-48],[-68,-28],[-66,-47],[-139,14],[-22,-23],[-8,-47],[14,-29],[66,-59],[10,-57],[48,-22],[11,-45],[55,-16],[13,-57],[-31,-40],[-21,-57],[-51,-70],[-24,26],[-38,10],[-94,-52],[-13,-29],[-60,-33],[-32,6],[-70,-28],[-38,67],[1,55],[-54,26],[-57,70],[32,57],[40,97],[18,83],[-3,49],[-40,63],[-26,21]],[[308943,393237],[56,38],[17,38],[7,115],[67,47],[15,44],[28,20],[-22,88],[-29,21],[-51,67],[-70,18],[-28,-37],[-71,-30],[16,58],[-29,77],[29,28],[4,50],[-29,35],[-51,25],[-35,70],[6,55],[103,95],[41,68],[21,97],[-14,79],[-90,93],[49,158],[51,-5],[38,33],[42,70],[-19,56],[-50,50],[-27,53],[-4,82],[-16,102],[-29,24],[-49,15],[-2,36],[34,59],[-28,96],[-53,46],[-81,33],[-90,52],[-93,11],[-85,-38],[-93,26],[-27,29],[37,27],[19,43],[38,9],[157,-58],[32,8],[41,51],[40,-8],[50,-124],[30,-20],[39,3],[35,-26],[47,-13],[70,-52],[20,-98],[48,-45],[58,-24],[61,43],[16,-8],[-4,-69],[10,-97],[33,-90],[95,-135],[20,-37],[99,-38],[71,-1],[14,-29],[59,-37],[-47,-14],[-30,-73],[30,-62],[138,-106],[67,-60],[93,-48],[70,43],[15,-56],[-29,-92],[-60,-96],[-52,-29],[-40,-3],[-22,32],[-77,39],[-15,33],[-109,-13],[-69,-37],[-40,-45],[-11,-40],[3,-94],[-24,-43],[-30,8],[0,35],[-71,49],[-18,24],[-71,20],[11,58],[-14,27],[-58,11],[-42,-22],[-23,-38],[9,-76],[22,-14],[-12,-80],[82,-125],[65,0],[44,12],[86,-75],[-4,-75],[15,-28],[37,-5],[12,-28],[-13,-75],[-19,-31],[9,-62],[-51,6],[-38,-14],[0,53],[-77,3],[-58,-70],[4,-59],[-23,-85],[5,-54],[-32,-59],[23,-151],[36,-35],[-16,-24],[-97,-42],[-44,24],[3,23],[-49,39],[27,76],[-23,35],[-36,3],[-20,29],[-60,30],[32,75],[56,48],[36,-19]],[[309031,412562],[11,45],[-61,20],[36,37],[-19,63],[-43,2],[-22,-19],[-52,-5],[-37,74],[51,69],[-1,38],[25,11],[34,-29],[84,-16],[30,22],[17,-74],[-17,-32],[12,-33],[44,-21],[87,-18],[43,5],[18,25],[48,23],[2,42],[83,16],[28,74],[0,59],[-19,49],[57,-11],[71,-32],[33,-71],[28,-17],[30,18],[63,-7],[-32,52],[-13,48],[-31,38],[65,20],[30,55],[-33,52],[-28,11],[-2,73],[33,-5],[-5,-44],[81,-21],[82,74],[27,-19],[26,-74],[-11,-28],[-83,-70],[-25,-68],[46,-65],[81,-64],[108,-52],[21,-20],[47,27],[22,40],[10,56],[90,25],[79,-4],[55,25],[35,75],[44,27],[64,3],[56,34],[19,25],[-17,51],[56,26],[28,-15],[5,-40],[107,74],[27,39],[-12,45],[49,47],[5,42],[-34,34],[23,24],[40,2],[26,30],[37,115],[44,-1],[4,-29],[46,-21],[56,5],[100,65],[24,-35],[40,-2],[45,41],[54,-34],[-21,-40],[-74,-57],[9,-53],[-20,-44],[11,-26],[41,13],[14,54],[43,0],[19,-68],[26,-16],[-7,-79],[-39,-62],[-2,-32],[-68,-79],[-88,-27],[-41,-42],[-97,-56],[-55,9],[-35,-59],[-73,-34],[-28,-28],[-8,-58],[-65,9],[-85,-19],[-72,-44],[-90,-15],[-25,-17],[-133,-24],[-43,-46],[-25,-8],[-35,-41],[-77,-33],[-78,-15],[-36,-39],[-38,-8],[-77,25],[-57,-10],[-34,-51],[-59,13],[-31,-16],[-13,-36],[49,-58],[-49,-97],[-31,-14],[-29,35],[-35,-3],[-23,-34],[-55,7],[-60,-9],[-93,42],[-102,96],[-43,10],[-32,-16],[-60,7],[-73,-15],[-12,-23],[-82,-9],[-80,-35],[-93,-18],[-12,39],[13,45],[-49,22],[-9,27],[-61,7],[-29,70],[18,89],[41,-12],[0,-49],[23,-20],[47,-7],[22,13],[7,56],[59,-52],[28,-52],[50,-8],[47,11],[76,42],[-77,76]],[[317019,365758],[98,-1],[59,18],[20,45],[33,15],[60,-10],[98,-1],[59,-26],[45,-47],[39,-13],[65,22],[73,2],[26,18],[45,-46],[61,-4],[48,-19],[30,-65],[46,3],[60,-55],[54,15],[47,-9],[66,-41],[-14,-84],[58,-83],[-41,-4],[5,-34],[59,-19],[-30,-57],[26,-44],[-114,-18],[-70,-70],[-24,-58],[-45,-29],[-102,40],[-48,-7],[-9,35],[42,107],[-49,32],[-88,-35],[-48,36],[-101,-81],[-26,-53],[-27,-87],[28,-43],[51,-24],[57,14],[53,37],[59,-10],[-23,-37],[6,-60],[22,-36],[60,11],[22,-26],[-17,-72],[14,-47],[-75,-49],[-102,-19],[0,-33],[-36,-32],[-10,-34],[-40,-13],[-75,-56],[-25,-48],[-34,15],[-39,-20],[-44,46],[-47,-1],[-19,-40],[-73,13],[-34,-47],[-70,-4],[-53,-17],[-6,-71],[-54,-12],[-17,-42],[-92,-2],[-68,108],[-9,54],[6,150],[78,78],[42,68],[20,67],[-1,90],[17,0],[45,-65],[76,13],[31,47],[-43,47],[-14,43],[-61,34],[-48,3],[-40,-28],[-36,32],[-29,3],[3,43],[37,-7],[39,33],[3,83],[-18,31],[20,63],[-35,69],[21,31],[64,40],[-11,89],[-66,68],[28,43],[15,67],[-51,44],[11,30],[61,31],[40,-31]],[[311301,418471],[9,65],[-68,-27],[-60,15],[-98,11],[-4,69],[-16,51],[-1,49],[32,-2],[46,31],[80,25],[23,30],[37,-19],[69,-68],[75,-92],[49,4],[24,31],[63,16],[27,-41],[36,-29],[33,18],[-3,45],[-23,50],[35,28],[101,4],[2,35],[-61,70],[11,48],[33,38],[39,-7],[114,44],[-9,58],[27,45],[56,-13],[54,-61],[52,-113],[-39,-64],[21,-14],[5,-53],[-24,-48],[110,-52],[-14,-34],[-51,-49],[-21,-37],[-86,-78],[-57,9],[2,46],[-64,11],[-52,-22],[-31,-53],[-35,-15],[-53,-48],[-35,2],[-40,-24],[-18,-50],[34,-84],[-38,-30],[-42,-54],[-36,-1],[19,50],[-26,27],[-59,11],[-31,-21],[-74,-14],[-44,-47],[-16,-34],[-66,-32],[-16,-43],[-79,-47],[-23,-68],[-35,11],[-48,40],[-12,63],[-32,72],[5,46],[-63,21],[-54,-42],[-51,19],[-48,59],[-28,-5],[-21,-38],[-98,-13],[-16,-43],[-59,-89],[26,-13],[33,28],[32,-12],[16,39],[40,32],[33,-2],[40,-36],[-20,-32],[7,-95],[-31,-72],[-46,6],[3,-94],[-5,-91],[-41,-54],[-41,-4],[-48,33],[-52,-17],[-150,-11],[-68,-25],[-32,-33],[-41,-15],[-17,16],[32,45],[-44,52],[35,47],[-46,44],[-66,-6],[-10,-35],[-71,-40],[-27,0],[31,-81],[-51,-19],[2,-34],[35,-32],[-26,-29],[-42,2],[-42,30],[-15,58],[-58,-18],[-22,-77],[-117,-30],[-73,-97],[-42,-23],[-24,-40],[-92,-34],[-53,-44],[-40,19],[-22,-13],[-69,4],[7,65],[-12,51],[39,-7],[-23,55],[33,3],[16,34],[34,-37],[56,3],[30,30],[67,-13],[20,73],[-49,92],[-34,2],[-9,78],[-34,15],[-31,37],[30,38],[-9,58],[-58,2],[-12,40],[66,75],[48,-33],[4,-31],[41,-2],[21,-22],[54,11],[38,-8],[37,13],[52,-2],[84,-57],[34,9],[3,-46],[50,-24],[52,-1],[-27,83],[22,70],[56,-19],[28,3],[17,37],[54,-5],[39,13],[20,-48],[81,-6],[15,69],[-50,52],[58,41],[-14,60],[-78,61],[-29,6],[-14,42],[23,28],[70,-36],[37,-29],[94,14],[57,33],[-1,47],[35,71],[-28,56],[-62,69],[46,36],[40,11],[17,48],[53,4],[21,33],[-15,46],[68,39],[76,125],[29,31],[58,-17],[-26,-96],[36,-50],[50,7],[42,50],[48,-39],[3,-44],[24,-49],[-11,-53],[-36,-48],[30,-61],[61,9],[34,-47],[42,9],[13,45],[51,-44],[67,64],[67,-34],[89,-4],[57,-21],[-14,49],[-34,42]],[[315347,366946],[-32,-30],[-46,-8],[-11,-29],[-82,-12],[-3,-44],[-44,-107],[12,-48],[-71,-59],[-16,-97],[10,-34],[36,-29],[26,-123],[-22,-28],[-4,-58],[27,-47],[-25,-71],[6,-35],[45,-47],[-90,3],[-23,-16],[-31,-64],[6,-82],[-11,-58],[-25,-48],[-87,-19],[-40,12],[-112,-4],[-19,-41],[-76,50],[-73,15],[-71,50],[-39,8],[-62,-35],[-54,-59],[-7,-50],[-32,-37],[-47,14],[-104,-9],[-45,-13],[-141,21],[-33,24],[-66,88],[-29,13],[-97,-9],[-36,15],[9,39],[46,27],[37,40],[130,107],[32,49],[-24,63],[2,164],[-36,33],[-4,46],[-25,22],[-31,69],[16,28],[92,59],[60,55],[39,65],[19,69],[8,103],[-51,118],[-17,16],[-86,30],[18,91],[87,19],[97,46],[14,25],[-28,56],[65,7],[93,-34],[76,-4],[143,11],[127,23],[102,37],[49,86],[-34,56],[22,47],[51,15],[25,34],[57,-40],[90,-36],[40,2],[109,-39],[48,-35],[68,-12],[46,-74],[3,-84],[15,-67],[-11,-40],[14,-27],[2,-78],[34,-50]],[[313801,420734],[0,36],[-52,106],[27,15],[-8,38],[-50,34],[24,34],[4,46],[32,14],[8,34],[-39,35],[15,30],[72,-18],[33,-26],[97,7],[67,54],[17,82],[70,12],[93,103],[19,119],[39,10],[16,-40],[96,13],[50,42],[12,59],[60,29],[6,48],[-63,50],[-1,27],[38,35],[53,21],[14,-43],[28,-24],[35,3],[84,67],[9,47],[-11,72],[72,-9],[49,43],[50,97],[-23,26],[-4,54],[-31,15],[16,59],[57,139],[21,15],[-3,44],[29,43],[4,67],[19,19],[-10,45],[-24,30],[43,25],[151,172],[102,179],[10,53],[70,26],[30,26],[67,86],[57,115],[-27,63],[23,35],[-30,71],[15,74],[36,51],[45,-70],[48,-15],[49,1],[99,37],[23,75],[50,57],[25,54],[-7,21],[18,55],[56,55],[89,15],[23,-15],[7,-70],[54,-34],[30,-51],[79,9],[79,45],[43,-4],[80,71],[-4,73],[73,93],[32,-10],[36,34],[46,71],[-16,29],[7,42],[-31,34],[0,66],[-12,26],[-52,-12],[-22,40],[69,-1],[28,30],[7,37],[-18,60],[-35,24],[37,36],[-11,39],[31,28],[22,46],[-8,31],[-88,7],[-72,41],[38,12],[92,-2],[127,-55],[34,3],[24,30],[48,113],[6,54],[-103,82],[28,37],[-21,38],[-33,4],[-52,-35],[-56,-13],[-30,11],[13,57],[-9,52],[41,-11],[40,21],[41,-21],[32,8],[84,-48],[10,-38],[66,4],[55,65],[8,116],[24,39],[64,47],[-1,47],[-26,47],[2,88],[-42,37],[-37,-19],[-64,37],[-25,53],[-114,-17],[-3,26],[45,34],[44,61],[12,51],[84,18],[47,1],[32,-37],[11,-60],[32,-12],[40,51],[73,-20],[-14,69],[-19,15],[-15,54],[-31,58],[97,84],[28,-9],[26,-36],[24,53],[39,-9],[41,42],[92,-56],[20,-62],[-14,-43],[-34,-58],[-76,-52],[-14,-87],[-46,-75],[-4,-58],[-22,-60],[-52,-95],[31,-92],[-42,-99],[-26,-127],[-61,-24],[-22,-96],[-20,-41],[-2,-49],[-26,-35],[5,-60],[26,-57],[-17,-67],[-38,-61],[-36,-24],[-35,-49],[-28,-67],[-42,-42],[3,-87],[-31,-44],[-5,-128],[-26,-64],[-40,-34],[21,-34],[-3,-48],[47,-69],[-2,-82],[-53,0],[-57,-13],[-36,-64],[11,-43],[-4,-50],[-44,-57],[-24,23],[-110,-67],[-18,-48],[-57,24],[-55,41],[-57,-23],[4,-43],[-94,-2],[-42,-16],[8,-32],[-75,-26],[39,-32],[55,-22],[-8,-72],[17,-46],[54,-25],[43,-75],[30,-35],[-51,-7],[-4,32],[-35,18],[-101,-30],[-12,-44],[-53,-70],[15,-64],[-45,-41],[-95,57],[-90,-50],[-15,-116],[-27,-43],[10,-52],[-39,-35],[-50,10],[-92,46],[-17,-25],[-63,-39],[13,-40],[48,-69],[27,-13],[-2,-44],[-62,-23],[-74,-81],[24,-33],[40,2],[14,-25],[-1,-62],[-73,-1],[26,-58],[-1,-67],[-17,-85],[-37,-25],[-69,28],[-45,-87],[-54,-20],[-8,-40],[-53,-72],[-61,-26],[16,-58],[-5,-89],[-31,-28],[-36,2],[-15,-40],[4,-99],[-25,-35],[-38,-19],[-21,-48],[16,-26],[-35,-26],[-53,-11],[-51,-53],[-85,-33],[-31,-32],[6,-37],[-53,-36],[-58,-1],[-1,-121],[-59,-35],[-24,-68],[-72,-60],[-24,-31],[-59,-28],[-82,-5],[46,-69],[-40,-64],[-6,-53],[-48,-40],[-106,-26],[-56,5],[-5,79],[35,5],[11,46],[-52,47],[-76,-20],[-19,-28],[-38,-6],[-80,-42],[-24,-36],[-61,-4],[1,-58],[-16,-50],[8,-39],[41,9],[-7,-52],[-45,-3],[-61,-60],[-51,29],[-85,33],[-21,55],[-33,19],[-56,1],[-10,23],[59,16],[73,44],[54,56],[87,26],[35,41],[-25,26],[17,78],[58,7],[4,34]],[[309709,389798],[-63,73],[40,70],[-35,84],[2,67],[22,52],[-11,34],[-76,39],[-123,3],[-92,-22],[-19,-27],[-108,-61],[-68,-29],[-51,19],[-44,-43],[-23,-66],[27,-33],[64,-18],[41,-145],[49,-86],[-46,-73],[1,-50],[39,-50],[56,-17],[76,17],[17,-29],[-14,-57],[15,-37],[-20,-63],[-29,11],[-62,-12],[-67,5],[-43,-12],[-114,4],[-58,-22],[-59,-7],[-27,21],[-58,-8],[-141,79],[-37,38],[-7,42],[-91,60],[-35,65],[36,71],[95,122],[22,21],[46,137],[-19,77],[-50,91],[-40,30],[-16,31],[-16,79],[-1,72],[21,57],[-8,61],[-18,39],[-3,52],[36,71],[12,70],[53,43],[40,73],[35,1],[48,-90],[4,-52],[27,-42],[47,-30],[97,42],[0,-97],[96,-61],[55,6],[86,-4],[53,-42],[66,4],[77,17],[47,30],[57,56],[28,73],[-12,36],[-88,75],[-5,28],[37,23],[57,81],[-16,60],[-47,25],[16,87],[20,26],[81,5],[34,35],[37,62],[1,59],[-28,26],[8,58],[44,69],[-116,22],[-5,24],[81,16],[24,45],[38,-6],[49,20],[39,56],[166,38],[47,-18],[61,22],[60,-15],[82,-45],[39,-5],[19,-29],[42,31],[40,1],[31,-37],[-10,-39],[96,-40],[34,23],[21,-27],[-23,-34],[16,-36],[-26,-26],[6,-79],[-19,-24],[15,-31],[37,5],[40,-29],[49,13],[38,28],[53,-5],[-13,-36],[53,-74],[11,-40],[45,-19],[40,20],[54,-9],[81,-32],[46,-8],[5,-70],[-11,-45],[25,-61],[-6,-28],[41,-82],[66,-64],[-18,-28],[-47,-18],[-82,23],[-93,-55],[-50,31],[-49,-1],[-72,22],[-65,-8],[-49,-30],[-110,-104],[-17,-23],[-8,-66],[24,-56],[44,-19],[45,1],[66,33],[122,17],[-10,-107],[15,-40],[-19,-28],[46,-162],[34,-49],[29,8],[25,-29],[-60,-61],[-61,-1],[-40,14],[-5,42],[-54,15],[-37,42],[-26,6],[-41,-22],[17,-154],[-31,-33],[16,-46],[3,-57],[-52,-95],[-24,-87],[12,-84],[-8,-57],[-71,-3],[-61,-65],[16,-40],[-3,-45],[37,-30],[-25,-58],[-78,43],[-33,4],[-75,-16],[-41,-26],[-73,-18],[-49,-1],[-76,-24],[-19,-34],[-109,-12],[-64,23],[-25,34],[0,59],[23,17],[55,84],[48,112],[39,49],[5,44],[-25,37],[0,48],[-32,23],[-9,57],[-27,28],[-78,51],[6,21],[-62,34],[-5,20]],[[319826,364542],[-29,50],[-42,-3],[-33,43],[-45,-46],[-17,12],[42,63],[-26,61],[-42,12],[-17,-21],[-47,10],[-9,22],[22,47],[43,-1],[19,29],[-20,50],[-33,21],[51,42],[-14,28],[-43,19],[-17,28],[54,30],[-43,31],[54,63],[-9,75],[-29,22],[-69,-6],[-21,-16],[-50,2],[-17,36],[-87,18],[9,35],[87,-7],[27,-24],[110,13],[56,-11],[14,50],[91,57],[-11,28],[-69,12],[-7,14],[67,43],[6,91],[-32,13],[-39,-16],[-17,33],[36,22],[73,-15],[29,25],[-9,28],[37,22],[13,53],[45,29],[7,35],[32,44],[52,-25],[25,12],[57,-16],[14,-31],[-43,-35],[42,-52],[-30,-50],[50,-25],[-37,-22],[14,-37],[49,14],[27,-39],[34,3],[80,-54],[-34,-61],[19,-23],[57,-2],[39,36],[-5,45],[48,50],[15,72],[-42,8],[-64,-34],[-37,38],[-22,-1],[-36,41],[-7,144],[-25,50],[6,35],[-17,46],[50,10],[6,-28],[59,15],[107,63],[61,53],[26,56],[-3,64],[-20,95],[-56,47],[30,57],[-13,43],[-48,61],[13,40],[-33,43],[22,31],[91,-17],[41,-31],[-19,-33],[42,-28],[26,19],[9,47],[30,7],[147,-106],[-18,-57],[28,-47],[77,-52],[-37,-13],[-11,-40],[12,-39],[81,-81],[4,-59],[28,-49],[-21,-38],[18,-34],[86,-48],[80,-27],[134,-9],[82,71],[-31,87],[90,19],[34,-58],[-61,-20],[-6,-71],[-34,-29],[40,-159],[34,-10],[58,13],[62,31],[40,-21],[-6,-29],[59,-24],[-37,-22],[-38,-54],[24,-30],[45,-5],[-8,-92],[8,-36],[-22,-71],[-26,-40],[18,-91],[3,-56],[47,-64],[17,-61],[12,-128],[-43,-26],[14,-57],[-7,-35],[-35,-46],[-14,-125],[12,-59],[-15,-47],[37,3],[-14,-60],[11,-65],[-42,-12],[-8,-48],[42,-53],[67,-2],[15,-25],[64,-48],[94,0],[55,-52],[49,-13],[-7,-65],[-38,-48],[0,-63],[-20,-31],[0,-56],[-25,-53],[-12,-122],[-16,-50],[-35,-19],[-56,-56],[-30,-13],[-51,-71],[-8,-58],[-56,-18],[-35,-54],[-53,-28],[-6,-64],[37,-75],[-13,-16],[-119,49],[-47,48],[-42,5],[-49,-35],[-28,47],[-45,-9],[-34,19],[-53,1],[-48,30],[3,56],[42,45],[18,97],[-9,74],[-48,100],[-35,27],[-15,64],[-60,32],[-92,-28],[-62,-66],[-48,-26],[-57,44],[-61,31],[-51,53],[-75,43],[-45,-21],[-32,34],[45,39],[1,25],[-34,48],[-43,38],[12,41],[-49,90],[28,20],[3,100],[-17,25],[-58,8],[-67,-50],[-15,47],[28,48],[40,30],[-15,48],[-57,18],[-70,-34],[-31,10],[12,43],[42,23],[36,-4],[49,25],[8,44],[-22,21],[-45,-12],[-9,41],[36,19],[17,55],[43,48],[8,50],[-31,96],[-29,29],[-53,-19],[-26,-50],[-44,-29],[-9,-71],[-61,-67],[-25,22],[14,38],[-35,29],[12,65],[-12,90],[-17,25],[-64,-5],[-8,-39],[-69,-46],[-10,-26],[34,-31],[-28,-30],[31,-23],[-15,-62],[76,-60],[7,-27],[-23,-44]],[[301253,412715],[45,50],[26,53],[-6,61],[-22,23],[35,86],[-29,20],[0,43],[26,33],[6,97],[57,28],[30,36],[-1,30],[33,57],[92,69],[62,83],[45,126],[-1,78],[-85,29],[-12,21],[56,30],[4,22],[112,62],[45,-58],[120,-59],[73,-4],[57,9],[40,-9],[-62,-101],[77,-40],[145,-29],[156,24],[152,71],[49,58],[-15,38],[90,60],[37,40],[51,90],[7,44],[-15,33],[-53,43],[134,33],[23,11],[110,-27],[32,-22],[84,-33],[80,5],[72,27],[37,29],[89,29],[82,-50],[5,-21],[60,-22],[46,9],[52,-7],[21,29],[89,51],[105,76],[106,86],[13,27],[-5,52],[35,17],[23,-20],[118,42],[66,-14],[75,43],[83,71],[84,84],[122,107],[33,40],[80,70],[24,40],[32,23],[39,62],[69,56],[27,34],[70,48],[16,42],[4,131],[32,87],[47,-10],[56,-56],[45,-11],[10,-30],[77,9],[147,90],[84,93],[46,88],[38,91],[26,97],[54,109],[43,-21],[35,11],[-21,116],[-21,55],[-50,9],[-109,2],[-64,77],[-40,23],[0,64],[-28,75],[18,74],[57,15],[36,66],[45,60],[45,17],[34,-18],[1,-29],[108,-52],[74,17],[57,39],[78,16],[29,-12],[-18,-50],[51,-87],[135,-43],[66,1],[40,-46],[50,-79],[-22,-64],[12,-50],[51,-74],[-2,-63],[41,-29],[-32,-41],[-30,0],[-58,-42],[-73,1],[-54,-31],[-62,-117],[-63,-18],[-41,-51],[-24,-95],[8,-119],[-27,-23],[-29,-88],[-28,-30],[-77,-31],[-57,-8],[-185,-118],[-38,-32],[-100,-48],[-31,-39],[-63,-53],[-42,-58],[-41,-93],[-70,-47],[-31,-65],[-64,-55],[-38,-125],[-30,-42],[-47,-114],[-36,-60],[-94,-96],[-48,-82],[-81,-81],[-75,-50],[-48,-76],[-58,-70],[-38,-10],[-136,-101],[-78,-39],[-92,-4],[-16,20],[-95,35],[-66,11],[-125,-11],[-89,-44],[-43,-71],[-37,-140],[-6,-56],[15,-69],[-35,-18],[-68,2],[-40,-10],[-82,0],[-77,-14],[-94,14],[-66,-3],[-138,-56],[-161,-3],[-133,-30],[-52,-36],[-123,1],[-161,-76],[-66,12],[-44,-8],[-94,-53],[-42,-43],[-29,-52],[-81,-30],[-57,7],[-105,-21],[-59,-65],[-65,-40],[-24,-39],[-33,-102],[2,-41],[-32,-29],[-61,28],[-57,-3],[-36,-43],[-26,-9],[-64,-122],[-73,-39],[-21,18],[-7,59],[3,115],[-35,7],[-15,41],[-71,14],[-19,41],[46,57],[13,63]],[[261694,424375],[-38,-78],[-34,-156],[21,-84],[63,-99],[83,-43],[69,11],[46,36],[-22,57],[100,6],[45,-16],[27,-26],[53,-16],[64,25],[48,-11],[-7,-36],[70,-107],[-55,-36],[-28,18],[-107,6],[-47,-33],[-83,-111],[-34,-62],[-11,-114],[8,-56],[23,-58],[41,-46],[69,-5],[35,-104],[33,-29],[-21,-46],[-10,-58],[39,-273],[14,-217],[-2,-95],[-49,13],[-77,-21],[-21,-50],[-2,-57],[-24,-8],[-25,-39],[-62,-14],[-34,-104],[5,-42],[-78,-256],[12,-167],[-24,-113],[-23,-39],[-26,-7],[-27,29],[20,36],[9,91],[-23,77],[-54,65],[-32,22],[-93,17],[-45,-1],[-45,20],[-5,50],[-45,38],[-15,51],[-29,13],[-51,102],[-2,38],[-44,149],[-34,18],[-5,34],[16,84],[-40,56],[-16,60],[6,123],[-45,63],[29,85],[-62,106],[-33,21],[-81,4],[-15,22],[2,52],[-48,83],[-37,21],[-53,68],[-19,6],[-22,55],[-27,28],[-18,50],[-59,69],[-43,4],[-72,84],[10,47],[-44,105],[-25,9],[-21,42],[-11,63],[-65,113],[-41,4],[-25,70],[-31,8],[-38,90],[-26,21],[-39,-13],[-35,8],[-21,74],[80,55],[94,-7],[24,-73],[33,-11],[94,17],[83,50],[105,126],[49,88],[-3,59],[-40,28],[-45,4],[-10,35],[63,103],[-6,70],[21,76],[-3,30],[39,105],[6,66],[-34,84],[-30,28],[-32,-1],[-48,-40],[-21,12],[-36,66],[-58,39],[-21,0],[-38,-43],[-56,14],[-40,106],[-21,12],[-32,79],[-48,49],[-43,-3],[-41,93],[13,87],[-7,35],[-28,25],[-54,20],[-4,85],[49,20],[76,-46],[56,-61],[39,-17],[68,-94],[28,-17],[72,-4],[51,-71],[35,-24],[75,-13],[135,62],[84,-7],[34,17],[29,53],[24,71],[19,8],[65,-29],[18,32],[45,-19],[64,-3],[76,35],[88,59],[52,66],[42,66],[1,79],[-26,31],[-2,59],[32,64],[-20,61],[-29,19],[4,45],[-28,35],[5,43],[41,32],[50,70],[19,42],[-12,41],[66,71],[61,0],[62,-15],[107,6],[107,58],[40,-72],[-4,-24],[-51,-13],[-18,-30],[-18,-106],[-28,-14],[-21,38],[-33,-19],[-34,-52],[-11,-71],[-29,-94],[4,-89],[41,-152],[39,-56],[-6,-48],[10,-106],[-10,-120],[28,-113],[38,-90],[56,-79],[28,-28],[22,-51],[-16,-153],[15,-89],[27,-81],[43,-46],[-20,-135],[18,-60],[34,-47],[38,-23],[39,9],[32,-52],[-40,-42],[-12,-55],[-39,-22],[-36,-59],[-43,-21],[-64,14],[-27,31],[-61,14],[-53,-61]],[[235411,416657],[43,3],[46,38],[117,-113],[106,-75],[92,-84],[-4,-72],[-47,-85],[-35,-110],[-27,-21],[-17,-78],[-117,-162],[-38,-109],[-11,-76],[-58,-106],[-48,-72],[-68,-48],[-86,-1],[-97,18],[-100,-18],[-43,11],[-14,22],[-86,67],[-44,17],[-28,89],[-55,-59],[-19,-52],[-120,-10],[-79,14],[-109,-25],[-57,-27],[-59,-7],[-161,-41],[-102,-43],[-68,-4],[-87,14],[-70,32],[-129,46],[-58,11],[-111,50],[-94,22],[-111,43],[-66,3],[-51,-41],[-46,-1],[-111,53],[-64,51],[-96,46],[-129,23],[-81,-1],[-66,9],[-22,17],[-121,10],[-75,36],[-66,48],[-94,80],[-31,17],[-117,37],[-77,44],[-71,25],[-173,29],[-108,7],[-97,23],[-114,47],[-58,-2],[-72,-37],[-133,-56],[-94,-7],[-42,-23],[-61,-4],[-130,-48],[-140,-30],[-78,-39],[-83,-3],[-74,-16],[-144,-44],[-45,-27],[-105,-22],[-47,-32],[-120,-24],[-71,-39],[-144,-4],[-81,-24],[-147,-29],[-128,-44],[-73,-39],[-112,-22],[-41,-22],[-198,-48],[-30,-21],[-130,-12],[-38,-16],[-74,12],[-76,32],[-69,40],[-74,2],[-86,-28],[-33,-34],[-62,10],[-58,40],[-68,10],[-57,26],[-89,1],[-42,-15],[-51,7],[-38,-18],[0,-35],[-43,-8],[-58,58],[-52,32],[-39,74],[-96,62],[-59,105],[-37,6],[29,63],[-27,92],[8,28],[-50,58],[3,72],[59,77],[32,25],[11,53],[36,22],[26,61],[71,-28],[55,35],[57,-51],[50,-25],[37,3],[21,-56],[41,-12],[122,40],[45,-36],[35,12],[-26,68],[-101,44],[-20,24],[-6,49],[43,64],[75,221],[-7,36],[20,129],[-9,70],[0,171],[-30,144],[32,42],[13,77],[29,93],[24,17],[38,-25],[88,21],[25,-23],[38,-1],[45,-67],[47,-52],[126,-68],[37,-42],[43,-75],[77,-74],[63,-11],[32,-33],[126,-8],[74,8],[16,-14],[88,-1],[32,-30],[72,26],[40,70],[62,52],[56,70],[46,20],[11,38],[88,76],[98,118],[46,67],[22,49],[62,97],[69,67],[89,-51],[37,-40],[31,-55],[16,-73],[-21,-96],[-31,-69],[-60,-59],[-31,-60],[5,-98],[56,-42],[44,-16],[115,-17],[31,-19],[-50,-94],[-25,-27],[-50,-15],[-38,-45],[-1,-26],[71,-11],[60,-57],[73,-37],[24,-35],[48,-106],[47,-41],[-16,98],[13,98],[-75,23],[-50,56],[-74,10],[5,58],[54,31],[32,60],[6,48],[-9,48],[-50,58],[-77,10],[-64,-13],[-55,39],[37,39],[40,68],[63,163],[31,25],[37,-5],[70,-67],[14,-87],[53,19],[58,-45],[12,-39],[69,-14],[30,-64],[53,-67],[76,-31],[55,-68],[38,-23],[82,5],[-8,41],[33,8],[62,54],[73,13],[52,-8],[27,-39],[50,-109],[49,-136],[29,-51],[32,-23],[55,-13],[-49,60],[-17,50],[0,105],[-47,70],[-7,28],[7,90],[-41,29],[-112,-9],[-56,47],[-36,2],[-33,-27],[-77,-40],[-71,-24],[-26,8],[-69,74],[-15,61],[-29,73],[-79,41],[6,54],[60,-25],[78,-5],[37,30],[25,44],[31,121],[-46,-36],[-22,-81],[-47,-46],[-23,15],[-16,54],[-30,28],[-59,18],[-27,23],[-70,10],[-30,45],[-8,111],[-79,110],[-165,51],[-41,-2],[-44,-49],[-41,-10],[-45,9],[-118,-19],[-38,1],[-25,47],[48,226],[35,84],[-1,48],[23,84],[26,161],[5,101],[-18,70],[-36,86],[-36,39],[-102,-19],[-15,54],[-34,36],[-59,37],[-48,59],[54,79],[15,84],[31,27],[30,54],[54,-5],[33,16],[24,65],[6,57],[22,11],[8,95],[-7,53],[41,3],[35,24],[84,-2],[142,43],[39,32],[46,78],[12,1],[43,-84],[26,-84],[-3,-89],[11,-31],[58,-10],[125,-62],[129,-25],[12,-28],[21,-113],[49,-100],[17,-77],[34,-21],[35,70],[-5,79],[70,47],[-68,5],[-52,33],[-64,112],[7,39],[-16,24],[-61,1],[-84,20],[-131,65],[-21,27],[38,119],[-1,72],[-20,41],[-70,57],[-42,7],[-52,-18],[-41,-38],[-38,-78],[-72,-51],[-120,-7],[-59,30],[-42,133],[-69,114],[-67,67],[-70,25],[-40,-17],[-62,10],[-30,-19],[-24,-46],[-69,18],[-94,-54],[-36,24],[-37,-11],[-22,37],[-18,71],[17,40],[-10,25],[124,64],[49,45],[65,34],[44,44],[28,62],[1,35],[27,52],[32,91],[28,131],[20,37],[47,31],[26,64],[30,-2],[17,-31],[46,5],[89,29],[46,29],[21,34],[36,22],[28,-19],[41,10],[60,32],[17,27],[55,-4],[45,17],[64,76],[51,120],[103,352],[34,48],[29,-14],[-70,-218],[-7,-99],[19,-47],[32,-40],[61,-32],[62,11],[-85,56],[-15,55],[11,42],[70,112],[9,46],[-7,50],[-30,102],[-28,44],[6,36],[-14,61],[31,48],[15,45],[45,27],[124,35],[57,-22],[61,20],[107,-4],[35,-30],[75,26],[52,35],[78,14],[62,-17],[-1,30],[29,23],[188,84],[128,90],[103,58],[58,-12],[36,-58],[10,-44],[73,-82],[47,-74],[-2,-109],[19,-26],[5,-72],[34,-65],[31,-96],[-10,-21],[30,-73],[-4,-67],[32,-17],[93,-152],[10,-44],[117,-94],[39,-5],[21,-74],[39,-49],[-15,-46],[54,-4],[41,22],[30,-28],[57,-87],[-24,-81],[25,-66],[-8,-56],[48,-59],[-6,-62],[-52,-22],[-18,-25],[-14,-77],[-37,-71],[2,-49],[-22,-68],[-48,27],[-84,-65],[-67,-116],[40,-95],[5,-52],[-35,-34],[-25,-65],[-4,-51],[37,-29],[58,-88],[-1,-60],[77,-47],[18,-27],[93,-85],[32,-45],[8,-43],[38,3],[36,-26],[69,-26],[14,-64],[46,-12],[48,37],[72,4],[58,-26],[69,-76],[92,-65],[36,-35],[78,-101],[47,38],[75,-46],[56,-46],[25,-42],[-11,-123],[-23,-91],[-5,-48],[15,-70],[0,-65],[-15,-81],[-20,-30],[3,-91],[18,-56],[41,-19],[7,-72],[-23,-116],[-2,-50],[32,-65],[9,-45],[36,-69],[-9,-74],[165,-43],[49,4],[93,-45],[108,-75],[105,-57],[35,-10],[37,-31],[34,-60],[66,-10],[93,-26],[82,-11],[89,43],[60,-4],[59,18],[84,-32],[38,-44],[39,-93],[26,-37],[73,-37],[68,-9],[27,-18],[74,39],[38,-11],[64,-85],[-8,-87],[6,-55],[58,-69],[89,-42],[135,-29]],[[312667,389017],[37,28],[-7,35],[-37,49],[-89,66],[-11,65],[13,126],[20,30],[74,55],[61,71],[27,54],[66,-3],[95,10],[57,-56],[77,-12],[18,-37],[-33,-19],[-44,6],[-4,-85],[27,-15],[53,29],[40,8],[-6,66],[47,14],[49,43],[39,-19],[35,-57],[15,-56],[-6,-47],[17,-14],[248,20],[102,-22],[57,-49],[79,22],[55,33],[82,31],[40,3],[82,54],[70,76],[20,75],[-29,83],[13,65],[-14,30],[-7,92],[20,72],[29,30],[52,28],[46,-3],[95,-31],[15,-19],[-33,-81],[-28,-110],[-6,-65],[22,-69],[31,-28],[85,-36],[86,-11],[52,54],[84,19],[15,18],[68,10],[43,38],[4,28],[-31,34],[-6,44],[46,43],[60,-10],[25,-27],[-8,-53],[24,-43],[75,-1],[169,27],[15,24],[-17,45],[-61,23],[-37,71],[-5,49],[13,34],[83,24],[75,4],[39,-10],[112,-47],[85,-14],[104,14],[35,55],[46,21],[9,26],[-29,31],[-90,21],[40,65],[-5,68],[-51,35],[-69,0],[-66,16],[-56,35],[-59,-40],[-21,21],[56,49],[55,31],[26,95],[-4,78],[-52,48],[-34,85],[-84,45],[-83,-1],[-124,53],[-37,52],[-23,56],[34,12],[46,56],[27,122],[-7,75],[-26,37],[-65,14],[-63,-5],[-55,-25],[-32,8],[43,89],[80,21],[37,29],[47,-9],[51,17],[16,29],[56,-53],[46,-2],[49,27],[29,-20],[31,18],[12,58],[71,-5],[8,-20],[-12,-63],[15,-35],[48,1],[9,-26],[63,-12],[55,26],[13,-52],[-48,-30],[-37,-65],[-50,5],[-32,-25],[-21,-46],[35,-56],[30,-74],[27,-35],[90,-31],[38,19],[4,34],[-30,25],[18,30],[55,33],[31,76],[31,14],[64,6],[88,30],[82,-55],[18,0],[61,119],[47,-62],[45,1],[45,23],[30,78],[12,118],[-13,26],[37,45],[77,50],[24,46],[2,48],[18,38],[-26,40],[32,38],[5,33],[45,41],[28,-44],[-58,-33],[7,-36],[46,-38],[110,16],[29,39],[76,-28],[-6,-39],[54,-26],[50,20],[1,52],[47,42],[25,82],[41,-15],[-12,-45],[34,-37],[16,-57],[-50,-45],[5,-57],[36,-32],[-23,-71],[31,-104],[-44,-66],[23,-36],[-60,-49],[-4,-44],[-39,-34],[-30,-66],[-13,-52],[22,-49],[-85,-5],[-88,26],[-35,-25],[-43,-83],[-59,-26],[-50,-44],[-40,33],[-37,4],[-62,-59],[-22,-84],[18,-94],[68,-48],[-1,-63],[26,-144],[13,-29],[88,-115],[95,-38],[40,18],[5,29],[63,16],[12,-32],[63,-4],[90,74],[58,3],[24,18],[47,-19],[14,-29],[-38,-79],[-52,-4],[-17,36],[-82,-34],[-17,-38],[18,-27],[-42,-39],[-46,-25],[-26,-49],[-4,-45],[21,-47],[44,-41],[-13,-90],[20,-40],[67,-61],[80,-28],[-2,-43],[-26,-78],[-55,-33],[-15,-38],[29,-92],[41,-30],[69,-10],[22,10],[47,64],[66,14],[51,45],[102,19],[33,-39],[121,-79],[112,-15],[40,-44],[74,-24],[160,-11],[18,-44],[68,-47],[98,-11],[36,4],[116,33],[115,49],[77,56],[70,75],[74,206],[8,48],[-1,87],[-30,65],[-76,80],[-62,2],[-105,-37],[-66,-34],[-81,-56],[-74,-70],[-11,-43],[-60,-99],[-20,17],[9,39],[27,17],[35,48],[17,65],[41,60],[50,98],[79,68],[38,16],[127,90],[58,63],[25,44],[2,84],[-24,52],[25,52],[5,53],[-10,93],[-29,69],[47,54],[55,-51],[84,-25],[45,-24],[133,-33],[31,10],[57,-25],[101,11],[23,-12],[51,34],[60,2],[74,-78],[95,-44],[52,-11],[52,-59],[33,-104],[22,-38],[15,-81],[-5,-48],[46,-42],[1,-37],[52,-30],[39,-96],[-14,-36],[-57,18],[-94,-13],[-86,-76],[-67,-72],[-64,-85],[-156,-225],[-57,-112],[-57,-124],[-94,-154],[-65,-145],[-66,-122],[-12,-86],[26,-43],[-2,-65],[-26,-35],[-73,-27],[-99,70],[-42,-3],[-68,-28],[-80,32],[-84,-16],[-37,5],[-54,52],[-60,2],[-119,-68],[-37,-4],[-63,-31],[-68,-56],[-161,-230],[-49,-94],[-58,-129],[-28,-83],[-79,-320],[-8,-47],[1,-221],[27,-86],[42,-84],[35,-45],[32,-2],[73,-73],[40,-12],[47,9],[46,30],[22,41],[83,-31],[16,39],[60,-35],[48,18],[46,-79],[-21,-35],[-10,-111],[-133,-61],[-32,40],[-39,18],[-46,-8],[-46,-34],[-41,-64],[17,-98],[-41,-24],[-34,-51],[-48,36],[58,61],[-34,64],[-59,29],[-84,2],[-68,-45],[25,-57],[-34,-81],[-45,28],[-59,-42],[-25,-51],[-20,-70],[6,-81],[48,-14],[23,-98],[-16,-50],[-37,23],[-44,-14],[-89,76],[-24,32],[47,57],[-5,30],[-45,62],[-63,13],[-73,-19],[-83,-33],[-11,-35],[48,-36],[-1,-51],[-39,-15],[-27,-32],[-27,-62],[-30,-25],[-18,-66],[11,-58],[76,-10],[6,-69],[-51,32],[-39,39],[-41,-17],[12,-83],[-43,-10],[-55,24],[-46,-62],[-14,-66],[1,-81],[37,-151],[21,-62],[42,-40],[36,7],[41,-27],[15,-68],[2,-56],[-25,-31],[-59,-26],[-35,-97],[84,-139],[123,-104],[36,-46],[86,-50],[41,-3],[50,34],[61,26],[164,-6],[61,-34],[38,-37],[4,-35],[31,-18],[87,36],[62,-15],[97,23],[50,0],[36,57],[-8,43],[-48,6],[-36,28],[-12,78],[-70,5],[-69,83],[39,24],[40,-16],[61,31],[20,42],[-36,42],[-14,41],[25,38],[9,47],[-52,41],[-9,37],[72,0],[16,-44],[69,-53],[65,21],[38,-16],[28,12],[15,38],[54,-37],[-10,-49],[13,-31],[98,-102],[27,-12],[92,-3],[28,-47],[75,-66],[62,-33],[63,-18],[9,-23],[71,-37],[35,-50],[42,-127],[76,-81],[-20,-35],[21,-32],[58,-28],[73,-14],[222,26],[113,42],[90,65],[24,75],[22,26],[59,117],[6,37],[147,142],[26,66],[-2,41],[-38,52],[-36,0],[-16,59],[12,44],[41,49],[-1,69],[-50,28],[47,30],[81,-52],[28,7],[54,-41],[49,-1],[-10,-42],[-55,-16],[-62,-38],[-7,-66],[41,-72],[60,-39],[46,-6],[20,41],[44,16],[72,-3],[32,48],[80,-50],[34,1],[75,-49],[65,-8],[-14,-41],[-62,-112],[16,-40],[-8,-36],[-39,-76],[-29,-75],[-61,-5],[-12,58],[-76,23],[-66,-67],[-24,-60],[-13,-77],[7,-54],[30,-61],[102,-3],[22,-29],[58,-33],[-63,-82],[1,-23],[50,-31],[40,-8],[-35,-52],[16,-79],[22,-46],[56,-19],[-18,-36],[-54,5],[-58,-40],[-74,-84],[-18,-59],[76,-65],[-16,-37],[7,-52],[35,-54],[91,-24],[11,-19],[56,-17],[21,-20],[-46,-26],[-66,49],[-63,17],[-25,24],[-44,-28],[-93,-18],[-20,-35],[9,-71],[54,-56],[40,-11],[36,10],[44,-24],[42,15],[17,-40],[-54,-29],[-12,-39],[-54,74],[-37,9],[-26,-28],[-49,8],[0,26],[-33,32],[-79,-3],[-27,23],[-83,18],[-34,23],[-20,53],[-69,-5],[-31,-13],[-77,-69],[-37,-63],[9,-46],[60,-42],[-28,-60],[-74,27],[7,43],[-34,3],[2,-46],[-54,-29],[-35,15],[-4,47],[-24,36],[-60,9],[-45,-38],[-57,35],[30,35],[-10,51],[-42,23],[-29,37],[11,26],[-42,36],[-85,9],[7,42],[-41,26],[-40,-3],[-106,-46],[-37,-42],[11,-62],[-32,-53],[-41,8],[-3,49],[-46,6],[-16,35],[-63,29],[14,35],[-22,50],[-65,-16],[2,-50],[-50,24],[-21,42],[-28,-7],[-57,-63],[-8,-63],[44,-21],[64,-54],[-51,-11],[-68,15],[-53,43],[-45,1],[-4,27],[53,-2],[22,63],[41,43],[-2,64],[-27,42],[-55,32],[-141,42],[-42,-13],[-4,38],[-38,30],[-86,19],[-136,-36],[-25,20],[-63,-6],[-65,-31],[-40,27],[10,38],[-60,11],[-64,-9],[-50,-31],[-16,23],[-46,14],[-55,-5],[-121,-46],[-131,-66],[-32,-27],[-122,-53],[-12,-29],[-62,17],[-54,0],[-44,-17],[-83,-55],[-68,-66],[-36,-80],[38,-44],[-17,-40],[-77,9],[-44,56],[-24,69],[-72,5],[-104,-50],[-45,-47],[-56,-19],[-7,38],[-42,59],[-1,35],[-71,23],[-65,-9],[-62,104],[3,46],[33,47],[-26,33],[-76,39],[-89,11],[-81,2],[-52,-11],[-31,11],[-92,10],[-73,-15],[-52,0],[6,37],[-97,24],[-79,-9],[-57,15],[-67,-25],[-103,26],[-52,50],[-86,24],[-37,0],[-99,-18],[-12,30],[-52,20],[-70,69],[-11,95],[-75,51],[-43,7],[-135,-5],[-38,-38],[-35,19],[-131,-31],[-36,3],[-56,47],[-107,68],[-108,8],[-209,135],[-25,133],[-38,51],[-69,60],[-60,29],[-50,10],[-211,3],[-111,-42],[-69,-8],[-68,-18],[-97,-13],[-84,-48],[-57,-18],[-71,-42],[-71,-33],[-95,-31],[-140,-60],[-120,-94],[-162,-117],[-38,-38],[-74,-55],[-20,20],[-8,136],[13,63],[-14,54],[11,31],[-31,52],[15,37],[116,60],[66,23],[66,60],[88,34],[127,63],[156,65],[72,39],[125,35],[51,32],[112,50],[106,75],[48,46],[30,8],[71,63],[40,78],[-19,131],[3,18],[69,100],[67,56],[29,37],[53,3],[17,30],[38,4],[41,60],[5,106],[-38,49],[-28,80],[-38,69],[-67,63],[-14,51],[4,84],[17,43],[-16,68],[-48,58],[-38,32],[-36,58],[-31,116],[33,49],[-41,47],[44,3],[17,25],[-20,70],[-5,61],[-20,57],[2,47],[-15,32],[-25,140],[-2,80],[9,113],[26,58],[-20,62],[-78,126],[-35,68],[43,140],[94,138],[32,61],[25,96],[-3,45],[41,68],[21,87],[-5,101],[65,110],[20,56],[39,177],[-13,129],[-23,76],[-58,109],[-85,107],[-37,23],[-52,-10]],[[232713,421279],[0,117],[31,111],[-102,20],[-4,-43],[-89,-14],[-71,20],[-10,22],[16,46],[-1,51],[-24,48],[1,33],[-42,46],[3,40],[57,6],[58,104],[-4,51],[12,74],[46,109],[71,9],[31,-10],[46,14],[3,40],[-46,38],[7,27],[41,29],[-37,44],[-38,17],[-20,60],[-87,89],[-36,77],[-28,22],[6,48],[-34,55],[-55,27],[-73,60],[-68,37],[-59,2],[-68,90],[-21,51],[-7,77],[32,121],[12,145],[28,80],[15,208],[13,61],[8,89],[14,48],[7,187],[-4,67],[16,26],[71,21],[139,-32],[37,5],[46,46],[79,2],[91,-87],[28,-13],[66,-67],[37,-49],[56,-53],[106,-75],[128,-139],[43,-31],[64,-63],[68,-110],[48,-52],[99,-144],[50,-52],[63,-88],[80,-77],[60,-73],[60,-59],[64,-46],[71,-67],[150,-87],[113,-57],[94,-39],[88,-21],[87,5],[66,15],[57,28],[-16,46],[43,55],[3,48],[32,38],[31,5],[45,-42],[109,-42],[129,-120],[64,-33],[84,-31],[87,-13],[35,-22],[15,-36],[86,-103],[-43,-51],[11,-118],[28,-112],[-54,-7],[-45,-30],[-59,-113],[-30,-3],[-39,-45],[7,-56],[-21,-8],[-77,18],[-86,-4],[-68,8],[-27,-16],[-26,-58],[31,-44],[-101,-59],[-6,-39],[-42,-66],[-1,-115],[20,-126],[16,-62],[46,-74],[111,-95],[75,10],[24,-23],[50,-11],[16,-30],[53,19],[13,37],[28,18],[101,32],[35,36],[5,45],[33,23],[89,-20],[113,-2],[127,68],[8,43],[57,30],[64,16],[47,34],[30,70],[-32,62],[29,65],[-2,32],[119,97],[36,54],[4,35],[44,73],[11,-46],[76,-28],[-13,-102],[-40,-29],[2,-50],[22,-53],[-38,-8],[-5,-57],[54,-94],[-54,-5],[-21,-16],[-11,-47],[16,-53],[46,-99],[1,-53],[-42,-99],[64,-61],[35,-80],[53,-44],[93,-62],[-6,-31],[76,-76],[-1,-40],[26,-51],[2,-73],[86,-79],[45,-14],[45,6],[73,70],[-21,-177],[-28,-40],[-35,-22],[-11,-56],[8,-34],[85,-98],[66,-91],[32,-30],[28,-71],[64,-11],[47,82],[-17,41],[-7,102],[64,33],[41,-14],[111,-61],[49,-20],[67,-11],[126,-1],[60,-35],[-5,-137],[73,-88],[74,-4],[130,-83],[43,-41],[64,-25],[141,-18],[93,-86],[105,-127],[54,22],[-10,68],[-18,43],[-38,18],[-45,89],[-31,41],[-59,24],[-62,54],[-11,62],[-40,5],[-29,23],[-88,45],[-133,22],[-59,22],[-15,24],[7,156],[65,22],[5,44],[-97,56],[-55,-2],[-41,19],[-30,36],[11,91],[-18,60],[-45,41],[-72,29],[-67,-18],[-28,28],[-26,105],[-50,80],[-27,11],[-66,60],[-69,21],[-51,-37],[-55,29],[-36,-30],[-41,23],[-83,-49],[-45,64],[-5,125],[-23,25],[64,64],[20,49],[-19,34],[1,52],[62,61],[-8,34],[98,34],[116,-13],[62,6],[55,18],[45,-1],[55,34],[127,20],[101,25],[125,16],[64,30],[44,104],[105,1],[95,-10],[59,13],[54,-3],[64,18],[42,-10],[64,11],[144,13],[193,39],[111,47],[98,11],[34,19],[8,37],[155,83],[27,30],[5,52],[76,37],[63,63],[46,32],[45,8],[30,36],[-2,40],[31,66],[83,58],[22,24],[60,7],[81,-22],[44,0],[114,-42],[53,18],[36,-58],[94,-42],[65,-17],[111,-51],[44,-9],[135,-63],[250,-84],[78,-4],[37,-14],[-12,-57],[20,-43],[46,-43],[8,-65],[94,-35],[87,-20],[205,-17],[51,-49],[13,-42],[105,4],[157,135],[39,45],[46,83],[16,66],[-22,70],[-105,95],[-22,31],[20,68],[-24,40],[86,37],[73,13],[20,16],[76,2],[55,18],[70,74],[52,37],[129,18],[9,-39],[56,-2],[59,16],[-6,44],[-39,21],[75,60],[94,46],[115,99],[35,56],[15,88],[24,81],[-64,36],[39,60],[34,-2],[110,58],[63,-4],[35,-16],[109,-5],[67,35],[10,28],[35,20],[24,-45],[44,-32],[49,-11],[23,-35],[82,-60],[12,-28],[0,-81],[-23,-22],[-6,-53],[20,-26],[85,-61],[7,-78],[-27,-104],[-29,-37],[-14,-113],[19,-41],[60,-57],[36,-20],[46,2],[-7,-83],[43,11],[12,-29],[85,-77],[44,41],[31,121],[68,100],[37,27],[74,-6],[29,-44],[-2,-39],[-29,-109],[-11,-99],[3,-104],[28,-31],[55,43],[-11,37],[0,74],[33,92],[5,35],[42,41],[34,56],[-28,82],[-60,48],[-42,2],[-62,31],[-58,1],[-68,-13],[-51,-37],[-34,37],[-1,75],[104,81],[59,87],[-30,39],[-5,47],[-26,19],[14,68],[-25,22],[27,46],[10,52],[-26,79],[5,30],[73,65],[9,51],[31,53],[-42,46],[20,45],[59,51],[25,-18],[34,10],[12,35],[37,-2],[7,37],[47,15],[75,6],[90,-28],[35,9],[41,33],[87,45],[23,47],[19,89],[-1,117],[21,88],[109,31],[41,-11],[19,-36],[91,-55],[34,26],[4,62],[50,14],[25,-22],[20,-98],[33,1],[15,40],[48,29],[21,-93],[64,-30],[28,19],[32,-23],[-32,-80],[9,-20],[73,-55],[49,-17],[45,-44],[82,-151],[-10,-50],[-81,-32],[-40,-74],[-47,-61],[-39,-28],[-7,-102],[-11,-41],[-37,-59],[33,-52],[65,-44],[76,-26],[131,-2],[73,26],[13,72],[38,25],[9,69],[-15,39],[25,34],[72,24],[81,37],[29,23],[43,3],[83,-14],[42,-27],[38,-7],[28,-83],[29,-25],[58,1],[71,-19],[31,-27],[7,-85],[-14,-35],[-33,-18],[-15,-120],[22,-57],[66,-63],[51,-72],[59,36],[138,12],[60,53],[7,71],[29,56],[-40,46],[-30,81],[-26,35],[4,60],[59,68],[126,38],[17,-17],[69,-2],[172,-66],[34,-32],[64,-23],[9,-56],[38,-25],[6,-53],[-10,-52],[33,-67],[-6,-36],[-63,-58],[-46,7],[-51,-23],[-7,-115],[44,-90],[65,-39],[74,-6],[50,-15],[20,-51],[27,19],[31,-54],[108,-63],[35,-58],[-8,-42],[-39,-40],[-41,-15],[-39,-39],[5,-72],[27,-47],[31,-84],[68,-91],[88,-70],[11,-31],[-25,-43],[-70,-10],[-4,-89],[55,-94],[40,-26],[36,-41],[112,-41],[45,81],[29,23],[14,46],[90,53],[53,-5],[52,-30],[63,-107],[33,-31],[31,30],[54,25],[74,-32],[71,-65],[-3,-60],[55,-40],[31,-77],[48,-36],[-14,-45],[5,-63],[-57,-19],[47,-76],[-2,-58],[-16,-29],[35,-74],[4,-68],[69,-44],[-24,-92],[-46,-49],[-48,-22],[-38,-32],[-20,-46],[5,-42],[-42,-36],[-29,14],[-95,6],[-41,17],[-46,100],[-90,0],[-63,-21],[-38,-30],[-47,-63],[-71,-68],[-54,-104],[-51,-29],[-20,11],[-68,-51],[-81,-107],[-20,-64],[-38,-84],[-26,-14],[3,-36],[-20,-68],[4,-93],[-55,-157],[-14,-80],[18,-172],[47,-13],[67,-67],[-1,-85],[-30,-39],[-45,-18],[-43,6],[-3,-45],[31,-63],[41,-18],[55,4],[37,16],[34,-21],[14,-42],[5,-88],[12,-56],[-17,-70],[-85,-57],[-72,26],[-35,-30],[-66,4],[-34,-12],[-77,11],[-32,61],[-98,0],[-36,-13],[-45,-40],[-128,30],[-38,91],[-89,107],[-56,24],[-21,27],[-31,-7],[-101,7],[-28,-12],[-75,19],[-21,31],[-42,29],[-30,-18],[20,-88],[-64,-79],[-51,-28],[-4,-48],[15,-26],[-19,-63],[-53,-88],[-39,-96],[-92,-194],[-87,-131],[-55,-67],[-61,-53],[1,-50],[-35,-94],[-45,-90],[-46,-72],[-99,-107],[-174,-144],[-45,-19],[-28,-64],[-119,-128],[-47,-18],[-7,-22],[-56,-34],[10,-50],[-56,-94],[-62,-69],[-39,43],[-29,-19],[-71,16],[-18,34],[-53,24],[-46,3],[-56,-11],[-72,-35],[-30,-27],[-75,-37],[-143,-145],[-81,-12],[-64,-53],[-104,-66],[-161,-126],[-38,-19],[-57,-66],[-53,-35],[-79,-83],[-36,-51],[-37,-6],[-87,-43],[-85,-58],[-91,-52],[-52,-19],[-88,1],[-48,-8],[-91,-84],[-28,1],[-140,-90],[-60,-10],[-92,-61],[-34,-31],[-81,-48],[-126,-43],[-30,1],[-40,-26],[-36,17],[-54,-3],[-43,-18],[-26,-57],[-65,-89],[-124,-119],[-50,-65],[-33,-27],[-107,-162],[-17,-52],[-38,-33],[-48,7],[-40,-17],[-107,16],[-75,-13],[-119,-50],[-14,-38],[-49,-58],[-50,-5],[-28,-44],[-89,-83],[-42,-14],[-4,-53],[-144,-171],[-57,-76],[-88,-78],[-48,-26],[-139,-48],[-49,5],[-73,-12],[-48,5],[-66,32],[-78,79],[36,1],[-72,80],[8,59],[-42,21],[-24,40],[-33,20],[-53,76],[-27,72],[-54,40],[-55,20],[-81,113],[-142,101],[-120,100],[-20,-17],[-216,192],[-82,48],[-34,31],[-126,57],[-88,-4],[-31,25],[-127,12],[-55,-33],[-85,15],[-87,36],[-129,29],[-62,-11],[-140,63],[-124,71],[-43,38],[-76,7],[-135,68],[-79,23],[-61,45],[-60,28],[-38,29],[-89,49],[-55,47],[-105,43],[-31,41],[-33,-2],[-175,50],[-70,-16],[-88,16],[-24,-8],[-70,20],[-62,30],[-29,87],[-72,37],[-32,48],[-16,138],[19,35],[76,82],[-20,22],[-57,-20],[-55,2],[-117,66],[-52,41],[-61,7],[-106,44],[-75,40],[-78,153],[-105,101],[-56,46],[-65,30],[-83,11],[-90,24],[-73,9],[-30,21],[-38,87],[-18,69],[-37,42],[-75,35],[-7,41],[30,83],[-26,9],[-64,-99],[-98,-63],[-13,92],[-17,27],[-28,90],[-145,146],[-68,6],[-20,19],[-67,3],[-72,-13],[-34,-47],[-74,-50],[-82,28],[-71,50],[-127,55],[-105,78],[-42,21],[-62,56],[-36,46],[-77,136],[-19,47],[-35,45],[-40,100],[-41,118],[10,202],[20,96],[-6,47],[51,59],[59,2],[19,27],[-39,48],[36,106],[51,103],[22,15],[-52,171],[-26,58],[-31,6],[-31,-33],[-27,11],[-30,84],[-39,43],[-29,0],[-121,30],[-58,43],[-27,77],[-29,41],[-22,81],[-60,66],[-109,62],[-56,25],[-66,56],[-9,54],[22,153],[-1,34],[19,70],[-5,50],[-45,86],[-14,74],[-62,45],[-55,4],[-32,49],[1,25],[37,58],[-5,64],[13,23],[5,70],[32,27],[-15,34],[38,71],[-25,46],[-65,40],[-33,57],[25,36],[-10,28],[-67,20],[-29,21],[48,103],[0,44],[-52,78],[-7,75],[-34,41]]],"transform":{"scale":[0.00007514335333002506,0.00007680988598888595],"translate":[112.92112402300008,-43.740481630999966]},"objects":{"states":{"type":"GeometryCollection","geometries":[{"arcs":[[[0]],[[1]],[[2]],[[3]],[[4]],[[5]],[[6]],[[7]],[[8]],[[9]],[[10]],[[11]],[[12]],[[13]],[[14]],[[15,16,17,18,19,20,21,22,23],[24],[25],[26],[27],[28],[29]]],"type":"MultiPolygon","properties":{"STE_CODE16":"1","STE_NAME16":"New South Wales","AREASQKM16":800810.7823}},{"arcs":[[[30,-19,31,-17,32]],[[33]],[[34]],[[35]],[[36]],[[37]],[[38]],[[39]],[[40]],[[41]],[[42]],[[43]],[[44]],[[45]],[[46]],[[47]],[[48]],[[49]],[[50]],[[51]],[[52]],[[53]],[[54]],[[55]],[[56]],[[57]],[[58]],[[59]],[[60]],[[61]],[[62]],[[63]],[[64]],[[65]],[[66]],[[67]],[[68]],[[69]]],"type":"MultiPolygon","properties":{"STE_CODE16":"2","STE_NAME16":"Victoria","AREASQKM16":227495.6304}},{"arcs":[[[-23,70,71,72,73]],[[74]],[[75]],[[76]],[[77]],[[78]],[[79]],[[80]],[[81]],[[82]],[[83]],[[84]],[[85]],[[86]],[[87]],[[88]],[[89]],[[90]],[[91]],[[92]],[[93]],[[94]],[[95]],[[96]],[[97]],[[98]],[[99]],[[100]],[[101]],[[102]],[[103]],[[104]],[[105]],[[106]],[[107]],[[108]],[[109]],[[110]],[[111]],[[112]],[[113]],[[114]],[[115]],[[116]],[[117]],[[118]],[[119]],[[120]],[[121]],[[122]],[[123]],[[124]],[[125]],[[126]],[[127]],[[128]],[[129]],[[130]],[[131]],[[132]],[[133]],[[134]],[[135]],[[136]],[[137]],[[138]],[[139]],[[140]],[[141]],[[142]],[[143]],[[144]],[[145]],[[146]],[[147]],[[148]],[[149]],[[150]],[[151]],[[152]],[[153]],[[154]],[[155]],[[156]],[[157]],[[158]],[[159]],[[160]],[[161]],[[162]],[[163]],[[164]],[[165]],[[166]],[[167]],[[168]],[[169]],[[170]],[[171]],[[172]],[[173]],[[174]],[[175]],[[176]],[[177]],[[178]],[[179]],[[180]],[[181]],[[182]],[[183]],[[184]],[[185]],[[186]],[[187]],[[188]],[[189]],[[190]],[[191]],[[192]],[[193]],[[194]],[[195]],[[196]],[[197]],[[198]],[[199]],[[200]],[[201]],[[202]],[[203]],[[204]],[[205]],[[206]],[[207]],[[208]],[[209]],[[210]],[[211]],[[212]],[[213]],[[214]],[[215]],[[216]],[[217]],[[218]],[[219]],[[220]],[[221]],[[222]],[[223]],[[224]],[[225]],[[226]],[[227]],[[228]],[[229]],[[230]],[[231]],[[232]],[[233]],[[234]],[[235]],[[236]],[[237]],[[238]],[[239]],[[240]],[[241]],[[242]],[[243]],[[244]],[[245]],[[246]],[[247]],[[248]],[[249]],[[250]],[[251]],[[252]],[[253]],[[254]],[[255]],[[256]],[[257]],[[258]],[[259]],[[260]],[[261]],[[262]],[[263]],[[264]],[[265]],[[266]],[[267]],[[268]],[[269]],[[270]],[[271]],[[272]],[[273]],[[274]],[[275]],[[276]],[[277]],[[278]],[[279]],[[280]],[[281]],[[282]],[[283]],[[284]],[[285]],[[286]],[[287]],[[288]],[[289]],[[290]],[[291]],[[292]],[[293]],[[294]],[[295]],[[296]],[[297]],[[298]],[[299]],[[300]],[[301]],[[302]],[[303]],[[304]],[[305]],[[306]],[[307]],[[308]],[[309]],[[310]],[[311]],[[312]],[[313]],[[314]],[[315]],[[316]],[[317]],[[318]],[[319]],[[320]],[[321]],[[322]],[[323]],[[324]],[[325]],[[326]],[[327]],[[328]],[[329]],[[330]],[[331]],[[332]],[[333]],[[334]],[[335]],[[336]],[[337]],[[338]],[[339]],[[340]],[[341]],[[342]],[[343]],[[344]],[[345]],[[346]],[[347]],[[348]],[[349]],[[350]],[[351]],[[352]],[[353]],[[354]],[[355]],[[356]],[[357]],[[358]],[[359]],[[360]],[[361]],[[362]],[[363]],[[364]],[[365]],[[366]],[[367]],[[368]],[[369]],[[370]],[[371]],[[372]],[[373]],[[374]],[[375]],[[376]],[[377]],[[378]],[[379]],[[380]],[[381]],[[382]],[[383]],[[384]],[[385]],[[386]],[[387]],[[388]],[[389]],[[390]],[[391]],[[392]],[[393]],[[394]],[[395]],[[396]],[[397]],[[398]],[[399]],[[400]],[[401]],[[402]],[[403]],[[404]],[[405]],[[406]],[[407]],[[408]],[[409]],[[410]],[[411]],[[412]],[[413]],[[414]],[[415]],[[416]],[[417]],[[418]],[[419]],[[420]],[[421]],[[422]],[[423]],[[424]],[[425]],[[426]],[[427]],[[428]],[[429]],[[430]],[[431]],[[432]],[[433]],[[434]],[[435]],[[436]],[[437]],[[438]],[[439]],[[440]],[[441]],[[442]],[[443]],[[444]],[[445]],[[446]],[[447]],[[448]],[[449]],[[450]],[[451]],[[452]],[[453]],[[454]],[[455]],[[456]],[[457]],[[458]],[[459]],[[460]],[[461]],[[462]],[[463]],[[464]],[[465]],[[466]],[[467]],[[468]],[[469]],[[470]],[[471]],[[472]],[[473]],[[474]],[[475]],[[476]],[[477]],[[478]],[[479]],[[480]],[[481]],[[482]],[[483]],[[484]],[[485]],[[486]],[[487]],[[488]],[[489]],[[490]],[[491]],[[492]],[[493]],[[494]],[[495]],[[496]],[[497]],[[498]],[[499]],[[500]],[[501]],[[502]],[[503]],[[504]],[[505]],[[506]],[[507]],[[508]],[[509]],[[510]],[[511]],[[512]],[[513]],[[514]],[[515]],[[516]],[[517]],[[518]],[[519]],[[520]],[[521]],[[522]],[[523]],[[524]],[[525]],[[526]]],"type":"MultiPolygon","properties":{"STE_CODE16":"3","STE_NAME16":"Queensland","AREASQKM16":1730172.0833}},{"arcs":[[[527,528,-71,-22,529,-20,-31,530]],[[531]],[[532]],[[533]],[[534]],[[535]],[[536]],[[537]],[[538]],[[539]],[[540]],[[541]],[[542]],[[543]],[[544]],[[545]],[[546]],[[547]],[[548]],[[549]],[[550]],[[551]],[[552]],[[553]],[[554]],[[555]],[[556]],[[557]],[[558]],[[559]],[[560]],[[561]],[[562]],[[563]],[[564]],[[565]],[[566]],[[567]],[[568]],[[569]],[[570]],[[571]],[[572]],[[573]],[[574]],[[575]],[[576]],[[577]],[[578]],[[579]],[[580]],[[581]],[[582]],[[583]],[[584]],[[585]],[[586]],[[587]],[[588]],[[589]],[[590]],[[591]],[[592]],[[593]],[[594]],[[595]],[[596]],[[597]],[[598]],[[599]],[[600]],[[601]],[[602]],[[603]]],"type":"MultiPolygon","properties":{"STE_CODE16":"4","STE_NAME16":"South Australia","AREASQKM16":984274.908}},{"arcs":[[[604,-528,605]],[[606]],[[607]],[[608]],[[609]],[[610]],[[611]],[[612]],[[613]],[[614]],[[615]],[[616]],[[617]],[[618]],[[619]],[[620]],[[621]],[[622]],[[623]],[[624]],[[625]],[[626]],[[627]],[[628]],[[629]],[[630]],[[631]],[[632]],[[633]],[[634]],[[635]],[[636]],[[637]],[[638]],[[639]],[[640]],[[641]],[[642]],[[643]],[[644]],[[645]],[[646]],[[647]],[[648]],[[649]],[[650]],[[651]],[[652]],[[653]],[[654]],[[655]],[[656]],[[657]],[[658]],[[659]],[[660]],[[661]],[[662]],[[663]],[[664]],[[665]],[[666]],[[667]],[[668]],[[669]],[[670]],[[671]],[[672]],[[673]],[[674]],[[675]],[[676]],[[677]],[[678]],[[679]],[[680]],[[681]],[[682]],[[683]],[[684]],[[685]],[[686]],[[687]],[[688]],[[689]],[[690]],[[691]],[[692]],[[693]],[[694]],[[695]],[[696]],[[697]],[[698]],[[699]],[[700]],[[701]],[[702]],[[703]],[[704]],[[705]],[[706]],[[707]],[[708]],[[709]],[[710]],[[711]],[[712]],[[713]],[[714]],[[715]],[[716]],[[717]],[[718]],[[719]],[[720]],[[721]],[[722]],[[723]],[[724]],[[725]],[[726]],[[727]],[[728]],[[729]],[[730]],[[731]],[[732]],[[733]],[[734]],[[735]],[[736]],[[737]],[[738]],[[739]],[[740]],[[741]],[[742]],[[743]],[[744]],[[745]],[[746]],[[747]],[[748]],[[749]],[[750]],[[751]],[[752]],[[753]],[[754]],[[755]],[[756]],[[757]],[[758]],[[759]],[[760]],[[761]],[[762]],[[763]],[[764]],[[765]],[[766]],[[767]],[[768]],[[769]],[[770]],[[771]],[[772]],[[773]],[[774]],[[775]],[[776]],[[777]],[[778]],[[779]],[[780]],[[781]],[[782]],[[783]],[[784]],[[785]],[[786]],[[787]],[[788]],[[789]],[[790]],[[791]],[[792]],[[793]],[[794]],[[795]],[[796]],[[797]],[[798]],[[799]],[[800]],[[801]],[[802]],[[803]],[[804]],[[805]],[[806]],[[807]],[[808]],[[809]],[[810]],[[811]],[[812]],[[813]],[[814]],[[815]],[[816]],[[817]],[[818]],[[819]],[[820]],[[821]],[[822]],[[823]],[[824]],[[825]],[[826]],[[827]],[[828]],[[829]],[[830]],[[831]],[[832]],[[833]],[[834]],[[835]],[[836]],[[837]],[[838]],[[839]],[[840]],[[841]],[[842]],[[843]],[[844]],[[845]],[[846]],[[847]],[[848]],[[849]],[[850]],[[851]],[[852]],[[853]],[[854]],[[855]],[[856]],[[857]],[[858]],[[859]],[[860]],[[861]],[[862]],[[863]],[[864]],[[865]],[[866]],[[867]],[[868]],[[869]],[[870]],[[871]],[[872]],[[873]],[[874]],[[875]],[[876]],[[877]],[[878]],[[879]],[[880]],[[881]],[[882]],[[883]],[[884]],[[885]],[[886]],[[887]],[[888]],[[889]],[[890]],[[891]],[[892]],[[893]],[[894]],[[895]],[[896]],[[897]],[[898]],[[899]],[[900]],[[901]],[[902]],[[903]],[[904]],[[905]],[[906]],[[907]],[[908]],[[909]],[[910]],[[911]],[[912]],[[913]],[[914]],[[915]],[[916]],[[917]],[[918]],[[919]],[[920]],[[921]],[[922]],[[923]],[[924]],[[925]],[[926]],[[927]],[[928]],[[929]],[[930]],[[931]],[[932]],[[933]],[[934]],[[935]],[[936]],[[937]],[[938]],[[939]],[[940]],[[941]],[[942]],[[943]],[[944]],[[945]],[[946]],[[947]],[[948]],[[949]],[[950]],[[951]],[[952]],[[953]],[[954]],[[955]],[[956]],[[957]],[[958]],[[959]],[[960]],[[961]],[[962]],[[963]],[[964]],[[965]],[[966]],[[967]],[[968]],[[969]],[[970]],[[971]],[[972]],[[973]],[[974]],[[975]],[[976]],[[977]],[[978]],[[979]],[[980]],[[981]],[[982]],[[983]],[[984]],[[985]],[[986]],[[987]],[[988]],[[989]],[[990]],[[991]],[[992]],[[993]],[[994]],[[995]],[[996]],[[997]],[[998]],[[999]],[[1000]],[[1001]],[[1002]],[[1003]],[[1004]],[[1005]],[[1006]],[[1007]],[[1008]],[[1009]],[[1010]],[[1011]],[[1012]],[[1013]],[[1014]],[[1015]],[[1016]],[[1017]],[[1018]],[[1019]],[[1020]],[[1021]],[[1022]],[[1023]],[[1024]],[[1025]],[[1026]],[[1027]],[[1028]],[[1029]],[[1030]],[[1031]],[[1032]],[[1033]],[[1034]],[[1035]],[[1036]],[[1037]],[[1038]],[[1039]],[[1040]],[[1041]],[[1042]],[[1043]],[[1044]],[[1045]],[[1046]],[[1047]],[[1048]],[[1049]],[[1050]],[[1051]],[[1052]],[[1053]],[[1054]],[[1055]],[[1056]],[[1057]],[[1058]],[[1059]],[[1060]],[[1061]],[[1062]],[[1063]],[[1064]],[[1065]],[[1066]],[[1067]],[[1068]],[[1069]],[[1070]],[[1071]],[[1072]],[[1073]],[[1074]],[[1075]],[[1076]],[[1077]],[[1078]],[[1079]],[[1080]],[[1081]],[[1082]],[[1083]],[[1084]],[[1085]],[[1086]],[[1087]],[[1088]],[[1089]],[[1090]],[[1091]],[[1092]],[[1093]],[[1094]],[[1095]],[[1096]],[[1097]],[[1098]],[[1099]],[[1100]],[[1101]],[[1102]],[[1103]],[[1104]],[[1105]],[[1106]],[[1107]],[[1108]],[[1109]],[[1110]],[[1111]],[[1112]],[[1113]],[[1114]],[[1115]],[[1116]],[[1117]],[[1118]],[[1119]],[[1120]],[[1121]],[[1122]],[[1123]],[[1124]],[[1125]],[[1126]],[[1127]],[[1128]],[[1129]],[[1130]],[[1131]],[[1132]],[[1133]],[[1134]],[[1135]],[[1136]],[[1137]],[[1138]],[[1139]],[[1140]],[[1141]],[[1142]],[[1143]],[[1144]],[[1145]],[[1146]],[[1147]],[[1148]],[[1149]],[[1150]],[[1151]],[[1152]],[[1153]],[[1154]],[[1155]],[[1156]],[[1157]],[[1158]],[[1159]],[[1160]],[[1161]],[[1162]],[[1163]],[[1164]],[[1165]],[[1166]],[[1167]],[[1168]],[[1169]],[[1170]],[[1171]],[[1172]],[[1173]],[[1174]],[[1175]],[[1176]],[[1177]],[[1178]],[[1179]],[[1180]],[[1181]],[[1182]],[[1183]],[[1184]],[[1185]],[[1186]],[[1187]],[[1188]],[[1189]],[[1190]],[[1191]],[[1192]],[[1193]],[[1194]],[[1195]],[[1196]],[[1197]],[[1198]],[[1199]],[[1200]],[[1201]],[[1202]],[[1203]],[[1204]],[[1205]],[[1206]],[[1207]],[[1208]],[[1209]],[[1210]],[[1211]],[[1212]],[[1213]],[[1214]],[[1215]],[[1216]],[[1217]],[[1218]],[[1219]],[[1220]],[[1221]],[[1222]],[[1223]],[[1224]],[[1225]],[[1226]],[[1227]],[[1228]],[[1229]],[[1230]],[[1231]],[[1232]],[[1233]],[[1234]],[[1235]],[[1236]],[[1237]],[[1238]],[[1239]],[[1240]],[[1241]],[[1242]],[[1243]],[[1244]],[[1245]],[[1246]],[[1247]],[[1248]],[[1249]],[[1250]],[[1251]],[[1252]],[[1253]],[[1254]],[[1255]],[[1256]],[[1257]],[[1258]],[[1259]],[[1260]],[[1261]],[[1262]],[[1263]],[[1264]],[[1265]],[[1266]],[[1267]],[[1268]],[[1269]],[[1270]],[[1271]],[[1272]],[[1273]],[[1274]],[[1275]],[[1276]],[[1277]],[[1278]],[[1279]],[[1280]],[[1281]],[[1282]],[[1283]],[[1284]],[[1285]],[[1286]],[[1287]],[[1288]],[[1289]],[[1290]],[[1291]],[[1292]],[[1293]],[[1294]],[[1295]],[[1296]],[[1297]],[[1298]],[[1299]]],"type":"MultiPolygon","properties":{"STE_CODE16":"5","STE_NAME16":"Western Australia","AREASQKM16":2526646.2389}},{"arcs":[[[1300]],[[1301]],[[1302]],[[1303]],[[1304]],[[1305,1306]],[[1307]],[[1308]],[[1309]],[[1310]],[[1311]],[[1312]],[[1313]],[[1314]],[[1315]],[[1316]],[[1317]],[[1318]],[[1319]],[[1320]],[[1321]],[[1322]],[[1323]],[[1324]],[[1325]],[[1326]],[[1327]],[[1328]],[[1329]],[[1330]],[[1331]],[[1332]],[[1333]],[[1334]],[[1335]],[[1336]],[[1337]],[[1338]],[[1339]],[[1340]],[[1341]],[[1342]],[[1343]],[[1344]],[[1345]],[[1346]],[[1347]],[[1348]],[[1349]],[[1350]],[[1351]],[[1352]],[[1353]],[[1354]],[[1355]],[[1356]],[[1357]],[[1358]],[[1359]],[[1360]],[[1361]],[[1362]],[[1363]],[[1364]],[[1365]],[[1366]],[[1367]],[[1368]],[[1369]],[[1370]],[[1371]],[[1372]],[[1373]],[[1374]],[[1375]],[[1376]],[[1377]],[[1378]],[[1379]],[[1380]],[[1381]],[[1382]],[[1383]],[[1384]],[[1385]],[[1386]],[[1387]]],"type":"MultiPolygon","properties":{"STE_CODE16":"6","STE_NAME16":"Tasmania","AREASQKM16":68017.8607}},{"arcs":[[[-72,-529,-605,1388]],[[1389]],[[1390]],[[1391]],[[1392]],[[1393]],[[1394]],[[1395]],[[1396]],[[1397]],[[1398]],[[1399]],[[1400]],[[1401]],[[1402]],[[1403]],[[1404]],[[1405]],[[1406]],[[1407]],[[1408]],[[1409]],[[1410]],[[1411]],[[1412]],[[1413]],[[1414]],[[1415]],[[1416]],[[1417]],[[1418]],[[1419]],[[1420]],[[1421]],[[1422]],[[1423]],[[1424]],[[1425]],[[1426]],[[1427]],[[1428]],[[1429]],[[1430]],[[1431]],[[1432]],[[1433]],[[1434]],[[1435]],[[1436]],[[1437]],[[1438]],[[1439]],[[1440]],[[1441]],[[1442]],[[1443]],[[1444]],[[1445]],[[1446]],[[1447]],[[1448]],[[1449]],[[1450]],[[1451]],[[1452]],[[1453]],[[1454]],[[1455]],[[1456]],[[1457]],[[1458]],[[1459]],[[1460]],[[1461]],[[1462]],[[1463]],[[1464]],[[1465]],[[1466]],[[1467]],[[1468]],[[1469]],[[1470]],[[1471]],[[1472]],[[1473]],[[1474]],[[1475]],[[1476]],[[1477]],[[1478]],[[1479]],[[1480]],[[1481]],[[1482]],[[1483]],[[1484]],[[1485]],[[1486]],[[1487]],[[1488]],[[1489]],[[1490]],[[1491]],[[1492]],[[1493]],[[1494]],[[1495]],[[1496]],[[1497]],[[1498]],[[1499]],[[1500]],[[1501]],[[1502]],[[1503]],[[1504]],[[1505]],[[1506]],[[1507]],[[1508]],[[1509]],[[1510]],[[1511]],[[1512]],[[1513]],[[1514]],[[1515]],[[1516]],[[1517]],[[1518]],[[1519]],[[1520]],[[1521]],[[1522]],[[1523]],[[1524]],[[1525]],[[1526]],[[1527]],[[1528]],[[1529]],[[1530]],[[1531]],[[1532]],[[1533]],[[1534]],[[1535]],[[1536]],[[1537]],[[1538]],[[1539]],[[1540]],[[1541]],[[1542]],[[1543]],[[1544]],[[1545]],[[1546]],[[1547]],[[1548]],[[1549]],[[1550]],[[1551]],[[1552]],[[1553]],[[1554]],[[1555]],[[1556]],[[1557]],[[1558]],[[1559]],[[1560]],[[1561]],[[1562]],[[1563]]],"type":"MultiPolygon","properties":{"STE_CODE16":"7","STE_NAME16":"Northern Territory","AREASQKM16":1348094.3281}},{"arcs":[[-30]],"type":"Polygon","properties":{"STE_CODE16":"8","STE_NAME16":"Australian Capital Territory","AREASQKM16":2358.172}}]}}}